# The Great Editor v0.0.1
mtllib wall_1.mtl
o walls
v 27.1309 54.9702 0.000
v 27.1309 54.9702 2.5000
v 31.6808 54.8296 0.000
v 31.6808 54.8296 2.5000
v 31.6777 54.7297 0.000
v 31.6777 54.7297 2.5000
v 27.1278 54.8703 0.000
v 27.1278 54.8703 2.5000
v 27.9182 57.4838 0.000
v 27.9182 57.4838 2.5000
v 32.1708 56.4785 0.000
v 32.1708 56.4785 2.5000
v 32.1478 56.3812 0.000
v 32.1478 56.3812 2.5000
v 27.8952 57.3865 0.000
v 27.8952 57.3865 2.5000
v 28.4490 59.3493 0.000
v 28.4490 59.3493 2.5000
v 32.9574 58.2430 0.000
v 32.9574 58.2430 2.5000
v 32.9335 58.1459 0.000
v 32.9335 58.1459 2.5000
v 28.4252 59.2522 0.000
v 28.4252 59.2522 2.5000
v 29.4310 63.2832 0.000
v 29.4310 63.2832 2.5000
v 34.4659 61.5828 0.000
v 34.4659 61.5828 2.5000
v 34.4339 61.4880 0.000
v 34.4339 61.4880 2.5000
v 29.3990 63.1884 0.000
v 29.3990 63.1884 2.5000
v 30.8149 67.5432 0.000
v 30.8149 67.5432 2.5000
v 36.0077 65.0007 0.000
v 36.0077 65.0007 2.5000
v 35.9637 64.9109 0.000
v 35.9637 64.9109 2.5000
v 30.7709 67.4534 0.000
v 30.7709 67.4534 2.5000
v 32.4296 70.9034 0.000
v 32.4296 70.9034 2.5000
v 37.5854 68.6643 0.000
v 37.5854 68.6643 2.5000
v 37.5456 68.5726 0.000
v 37.5456 68.5726 2.5000
v 32.3898 70.8117 0.000
v 32.3898 70.8117 2.5000
v 34.2695 74.3044 0.000
v 34.2695 74.3044 2.5000
v 39.1055 72.0044 0.000
v 39.1055 72.0044 2.5000
v 39.0626 71.9141 0.000
v 39.0626 71.9141 2.5000
v 34.2265 74.2141 0.000
v 34.2265 74.2141 2.5000
v 34.9601 75.8511 0.000
v 34.9601 75.8511 2.5000
v 39.8709 73.8602 0.000
v 39.8709 73.8602 2.5000
v 39.8333 73.7676 0.000
v 39.8333 73.7676 2.5000
v 34.9225 75.7584 0.000
v 34.9225 75.7584 2.5000
v 35.9202 77.7195 0.000
v 35.9202 77.7195 2.5000
v 40.5528 75.4032 0.000
v 40.5528 75.4032 2.5000
v 40.5081 75.3138 0.000
v 40.5081 75.3138 2.5000
v 35.8755 77.6301 0.000
v 35.8755 77.6301 2.5000
v 36.7733 79.3399 0.000
v 36.7733 79.3399 2.5000
v 41.2616 77.1400 0.000
v 41.2616 77.1400 2.5000
v 41.2176 77.0502 0.000
v 41.2176 77.0502 2.5000
v 36.7293 79.2501 0.000
v 36.7293 79.2501 2.5000
v 37.6008 81.1790 0.000
v 37.6008 81.1790 2.5000
v 42.0843 78.9201 0.000
v 42.0843 78.9201 2.5000
v 42.0393 78.8308 0.000
v 42.0393 78.8308 2.5000
v 37.5558 81.0897 0.000
v 37.5558 81.0897 2.5000
v 37.0600 80.2628 0.000
v 37.0600 80.2628 2.5000
v 37.6055 81.1804 0.000
v 37.6055 81.1804 2.5000
v 37.6915 81.1293 0.000
v 37.6915 81.1293 2.5000
v 37.1459 80.2117 0.000
v 37.1459 80.2117 2.5000
v 34.0595 76.9190 0.000
v 34.0595 76.9190 2.5000
v 35.3493 79.4367 0.000
v 35.3493 79.4367 2.5000
v 35.4383 79.3911 0.000
v 35.4383 79.3911 2.5000
v 34.1485 76.8734 0.000
v 34.1485 76.8734 2.5000
v 35.7727 80.1903 0.000
v 35.7727 80.1903 2.5000
v 36.5243 81.7116 0.000
v 36.5243 81.7116 2.5000
v 36.6139 81.6673 0.000
v 36.6139 81.6673 2.5000
v 35.8623 80.1460 0.000
v 35.8623 80.1460 2.5000
v 33.7168 76.1277 0.000
v 33.7168 76.1277 2.5000
v 32.3679 73.4563 0.000
v 32.3679 73.4563 2.5000
v 32.2786 73.5014 0.000
v 32.2786 73.5014 2.5000
v 33.6275 76.1727 0.000
v 33.6275 76.1727 2.5000
v 32.0842 72.8891 0.000
v 32.0842 72.8891 2.5000
v 30.6917 70.1878 0.000
v 30.6917 70.1878 2.5000
v 30.6028 70.2336 0.000
v 30.6028 70.2336 2.5000
v 31.9953 72.9349 0.000
v 31.9953 72.9349 2.5000
v 30.2008 69.4156 0.000
v 30.2008 69.4156 2.5000
v 29.2581 67.4100 0.000
v 29.2581 67.4100 2.5000
v 29.1676 67.4525 0.000
v 29.1676 67.4525 2.5000
v 30.1103 69.4581 0.000
v 30.1103 69.4581 2.5000
v 28.2704 64.5575 0.000
v 28.2704 64.5575 2.5000
v 27.7978 62.5097 0.000
v 27.7978 62.5097 2.5000
v 27.7003 62.5322 0.000
v 27.7003 62.5322 2.5000
v 28.1729 64.5800 0.000
v 28.1729 64.5800 2.5000
v 28.5379 65.5870 0.000
v 28.5379 65.5870 2.5000
v 28.6861 66.1693 0.000
v 28.6861 66.1693 2.5000
v 28.7830 66.1447 0.000
v 28.7830 66.1447 2.5000
v 28.6348 65.5624 0.000
v 28.6348 65.5624 2.5000
v 28.6579 66.0793 0.000
v 28.6579 66.0793 2.5000
v 29.2048 67.5408 0.000
v 29.2048 67.5408 2.5000
v 29.2985 67.5058 0.000
v 29.2985 67.5058 2.5000
v 28.7516 66.0442 0.000
v 28.7516 66.0442 2.5000
v 27.6212 61.5734 0.000
v 27.6212 61.5734 2.5000
v 27.2583 60.5495 0.000
v 27.2583 60.5495 2.5000
v 27.1640 60.5829 0.000
v 27.1640 60.5829 2.5000
v 27.5269 61.6068 0.000
v 27.5269 61.6068 2.5000
v 27.0386 59.5832 0.000
v 27.0386 59.5832 2.5000
v 26.7154 57.7432 0.000
v 26.7154 57.7432 2.5000
v 26.6169 57.7605 0.000
v 26.6169 57.7605 2.5000
v 26.9401 59.6005 0.000
v 26.9401 59.6005 2.5000
v 26.7139 57.7422 0.000
v 26.7139 57.7422 2.5000
v 24.6531 58.1582 0.000
v 24.6531 58.1582 2.5000
v 24.6729 58.2562 0.000
v 24.6729 58.2562 2.5000
v 26.7337 57.8402 0.000
v 26.7337 57.8402 2.5000
v 24.7731 58.2329 0.000
v 24.7731 58.2329 2.5000
v 24.3478 56.6167 0.000
v 24.3478 56.6167 2.5000
v 24.2511 56.6422 0.000
v 24.2511 56.6422 2.5000
v 24.6764 58.2584 0.000
v 24.6764 58.2584 2.5000
v 23.1127 55.1670 0.000
v 23.1127 55.1670 2.5000
v 25.8479 55.1354 0.000
v 25.8479 55.1354 2.5000
v 25.8468 55.0354 0.000
v 25.8468 55.0354 2.5000
v 23.1115 55.0670 0.000
v 23.1115 55.0670 2.5000
v 25.8492 55.1341 0.000
v 25.8492 55.1341 2.5000
v 25.8239 54.4661 0.000
v 25.8239 54.4661 2.5000
v 25.7239 54.4699 0.000
v 25.7239 54.4699 2.5000
v 25.7493 55.1378 0.000
v 25.7493 55.1378 2.5000
v 27.7519 56.5342 0.000
v 27.7519 56.5342 2.5000
v 27.9145 57.4814 0.000
v 27.9145 57.4814 2.5000
v 28.0131 57.4645 0.000
v 28.0131 57.4645 2.5000
v 27.8505 56.5173 0.000
v 27.8505 56.5173 2.5000
v 27.8963 57.3848 0.000
v 27.8963 57.3848 2.5000
v 28.0496 58.1286 0.000
v 28.0496 58.1286 2.5000
v 28.1476 58.1084 0.000
v 28.1476 58.1084 2.5000
v 27.9942 57.3646 0.000
v 27.9942 57.3646 2.5000
v 27.1125 54.8956 0.000
v 27.1125 54.8956 2.5000
v 27.4408 55.5712 0.000
v 27.4408 55.5712 2.5000
v 27.5308 55.5275 0.000
v 27.5308 55.5275 2.5000
v 27.2024 54.8519 0.000
v 27.2024 54.8519 2.5000
v 28.4258 59.2512 0.000
v 28.4258 59.2512 2.5000
v 28.8715 61.1982 0.000
v 28.8715 61.1982 2.5000
v 28.9690 61.1759 0.000
v 28.9690 61.1759 2.5000
v 28.5233 59.2289 0.000
v 28.5233 59.2289 2.5000
v 29.1060 62.1702 0.000
v 29.1060 62.1702 2.5000
v 29.4283 63.2818 0.000
v 29.4283 63.2818 2.5000
v 29.5243 63.2539 0.000
v 29.5243 63.2539 2.5000
v 29.2021 62.1424 0.000
v 29.2021 62.1424 2.5000
v 29.4002 63.1861 0.000
v 29.4002 63.1861 2.5000
v 29.7129 64.2385 0.000
v 29.7129 64.2385 2.5000
v 29.8088 64.2100 0.000
v 29.8088 64.2100 2.5000
v 29.4960 63.1576 0.000
v 29.4960 63.1576 2.5000
v 29.8838 65.0614 0.000
v 29.8838 65.0614 2.5000
v 30.2891 66.6583 0.000
v 30.2891 66.6583 2.5000
v 30.3860 66.6337 0.000
v 30.3860 66.6337 2.5000
v 29.9807 65.0368 0.000
v 29.9807 65.0368 2.5000
v 30.2569 66.5795 0.000
v 30.2569 66.5795 2.5000
v 30.8198 67.5447 0.000
v 30.8198 67.5447 2.5000
v 30.9062 67.4943 0.000
v 30.9062 67.4943 2.5000
v 30.3433 66.5291 0.000
v 30.3433 66.5291 2.5000
v 30.7702 67.4554 0.000
v 30.7702 67.4554 2.5000
v 31.4617 68.7665 0.000
v 31.4617 68.7665 2.5000
v 31.5502 68.7199 0.000
v 31.5502 68.7199 2.5000
v 30.8587 67.4088 0.000
v 30.8587 67.4088 2.5000
v 31.7509 69.4903 0.000
v 31.7509 69.4903 2.5000
v 32.4322 70.9044 0.000
v 32.4322 70.9044 2.5000
v 32.5223 70.8610 0.000
v 32.5223 70.8610 2.5000
v 31.8409 69.4469 0.000
v 31.8409 69.4469 2.5000
v 32.3879 70.8170 0.000
v 32.3879 70.8170 2.5000
v 33.1371 72.2233 0.000
v 33.1371 72.2233 2.5000
v 33.2253 72.1763 0.000
v 33.2253 72.1763 2.5000
v 32.4762 70.7700 0.000
v 32.4762 70.7700 2.5000
v 33.4697 72.9764 0.000
v 33.4697 72.9764 2.5000
v 34.2763 74.3065 0.000
v 34.2763 74.3065 2.5000
v 34.3618 74.2546 0.000
v 34.3618 74.2546 2.5000
v 33.5552 72.9245 0.000
v 33.5552 72.9245 2.5000
v 34.2272 74.2122 0.000
v 34.2272 74.2122 2.5000
v 34.4568 74.7342 0.000
v 34.4568 74.7342 2.5000
v 34.5484 74.6939 0.000
v 34.5484 74.6939 2.5000
v 34.3188 74.1719 0.000
v 34.3188 74.1719 2.5000
v 34.7195 75.3860 0.000
v 34.7195 75.3860 2.5000
v 34.9668 75.8536 0.000
v 34.9668 75.8536 2.5000
v 35.0552 75.8068 0.000
v 35.0552 75.8068 2.5000
v 34.8079 75.3393 0.000
v 34.8079 75.3393 2.5000
v 34.9207 75.7632 0.000
v 34.9207 75.7632 2.5000
v 35.1983 76.3265 0.000
v 35.1983 76.3265 2.5000
v 35.2880 76.2823 0.000
v 35.2880 76.2823 2.5000
v 35.0104 75.7190 0.000
v 35.0104 75.7190 2.5000
v 35.5640 77.0859 0.000
v 35.5640 77.0859 2.5000
v 35.9237 77.7206 0.000
v 35.9237 77.7206 2.5000
v 36.0107 77.6713 0.000
v 36.0107 77.6713 2.5000
v 35.6510 77.0366 0.000
v 35.6510 77.0366 2.5000
v 35.8763 77.6279 0.000
v 35.8763 77.6279 2.5000
v 36.2472 78.4349 0.000
v 36.2472 78.4349 2.5000
v 36.3381 78.3932 0.000
v 36.3381 78.3932 2.5000
v 35.9671 77.5861 0.000
v 35.9671 77.5861 2.5000
v 27.2663 60.5540 0.000
v 27.2663 60.5540 2.5000
v 24.6598 61.1100 0.000
v 24.6598 61.1100 2.5000
v 24.6807 61.2078 0.000
v 24.6807 61.2078 2.5000
v 27.2872 60.6518 0.000
v 27.2872 60.6518 2.5000
v 24.6583 61.1124 0.000
v 24.6583 61.1124 2.5000
v 25.5767 64.7194 0.000
v 25.5767 64.7194 2.5000
v 25.6736 64.6948 0.000
v 25.6736 64.6948 2.5000
v 24.7552 61.0877 0.000
v 24.7552 61.0877 2.5000
v 25.5800 64.7213 0.000
v 25.5800 64.7213 2.5000
v 28.1235 63.9273 0.000
v 28.1235 63.9273 2.5000
v 28.0937 63.8318 0.000
v 28.0937 63.8318 2.5000
v 25.5502 64.6258 0.000
v 25.5502 64.6258 2.5000
v 27.0479 54.3309 0.000
v 27.0479 54.3309 2.5000
v 27.1366 54.9751 0.000
v 27.1366 54.9751 2.5000
v 27.2357 54.9614 0.000
v 27.2357 54.9614 2.5000
v 27.1470 54.3173 0.000
v 27.1470 54.3173 2.5000
v 31.5780 54.7325 0.000
v 31.5780 54.7325 2.5000
v 31.5933 55.3106 0.000
v 31.5933 55.3106 2.5000
v 31.6932 55.3080 0.000
v 31.6932 55.3080 2.5000
v 31.6780 54.7299 0.000
v 31.6780 54.7299 2.5000
v 31.5770 55.2313 0.000
v 31.5770 55.2313 2.5000
v 32.0826 56.5062 0.000
v 32.0826 56.5062 2.5000
v 32.1756 56.4694 0.000
v 32.1756 56.4694 2.5000
v 31.6700 55.1944 0.000
v 31.6700 55.1944 2.5000
v 32.0446 56.4160 0.000
v 32.0446 56.4160 2.5000
v 32.8715 58.2724 0.000
v 32.8715 58.2724 2.5000
v 32.9629 58.2317 0.000
v 32.9629 58.2317 2.5000
v 32.1360 56.3753 0.000
v 32.1360 56.3753 2.5000
v 32.8310 58.1808 0.000
v 32.8310 58.1808 2.5000
v 41.9916 78.9638 0.000
v 41.9916 78.9638 2.5000
v 42.0831 78.9235 0.000
v 42.0831 78.9235 2.5000
v 32.9225 58.1405 0.000
v 32.9225 58.1405 2.5000
v 37.5533 81.0999 0.000
v 37.5533 81.0999 2.5000
v 38.4058 82.3052 0.000
v 38.4058 82.3052 2.5000
v 38.4874 82.2474 0.000
v 38.4874 82.2474 2.5000
v 37.6349 81.0421 0.000
v 37.6349 81.0421 2.5000
v 27.0190 59.4831 0.000
v 27.0190 59.4831 2.5000
v 24.3781 60.0558 0.000
v 24.3781 60.0558 2.5000
v 24.3993 60.1535 0.000
v 24.3993 60.1535 2.5000
v 27.0402 59.5809 0.000
v 27.0402 59.5809 2.5000
v 24.3764 60.0587 0.000
v 24.3764 60.0587 2.5000
v 24.6837 61.2097 0.000
v 24.6837 61.2097 2.5000
v 24.7803 61.1839 0.000
v 24.7803 61.1839 2.5000
v 24.4730 60.0329 0.000
v 24.4730 60.0329 2.5000
v 43.1996 100.3052 0.000
v 43.1996 100.3052 2.5000
v 47.2475 95.3368 0.000
v 47.2475 95.3368 2.5000
v 47.1700 95.2737 0.000
v 47.1700 95.2737 2.5000
v 43.1221 100.2420 0.000
v 43.1221 100.2420 2.5000
v 47.1068 95.3504 0.000
v 47.1068 95.3504 2.5000
v 60.4077 106.4489 0.000
v 60.4077 106.4489 2.5000
v 60.4718 106.3721 0.000
v 60.4718 106.3721 2.5000
v 47.1708 95.2736 0.000
v 47.1708 95.2736 2.5000
v 60.3996 106.3078 0.000
v 60.3996 106.3078 2.5000
v 58.7244 108.0689 0.000
v 58.7244 108.0689 2.5000
v 58.7969 108.1378 0.000
v 58.7969 108.1378 2.5000
v 60.4720 106.3767 0.000
v 60.4720 106.3767 2.5000
v 58.8653 108.0584 0.000
v 58.8653 108.0584 2.5000
v 57.8529 107.2693 0.000
v 57.8529 107.2693 2.5000
v 57.7914 107.3482 0.000
v 57.7914 107.3482 2.5000
v 58.8038 108.1373 0.000
v 58.8038 108.1373 2.5000
v 57.8558 107.2690 0.000
v 57.8558 107.2690 2.5000
v 56.7889 108.5259 0.000
v 56.7889 108.5259 2.5000
v 56.8651 108.5906 0.000
v 56.8651 108.5906 2.5000
v 57.9320 107.3337 0.000
v 57.9320 107.3337 2.5000
v 56.9297 108.5131 0.000
v 56.9297 108.5131 2.5000
v 56.2483 107.9556 0.000
v 56.2483 107.9556 2.5000
v 56.1850 108.0330 0.000
v 56.1850 108.0330 2.5000
v 56.8664 108.5905 0.000
v 56.8664 108.5905 2.5000
v 56.2493 107.9555 0.000
v 56.2493 107.9555 2.5000
v 54.7159 109.7755 0.000
v 54.7159 109.7755 2.5000
v 54.7924 109.8399 0.000
v 54.7924 109.8399 2.5000
v 56.3258 108.0199 0.000
v 56.3258 108.0199 2.5000
v 54.8567 109.7626 0.000
v 54.8567 109.7626 2.5000
v 43.1856 100.1645 0.000
v 43.1856 100.1645 2.5000
v 43.1221 100.2417 0.000
v 43.1221 100.2417 2.5000
v 54.7932 109.8398 0.000
v 54.7932 109.8398 2.5000
v 41.9471 78.8883 0.000
v 41.9471 78.8883 2.5000
v 51.0306 90.8712 0.000
v 51.0306 90.8712 2.5000
v 51.1103 90.8108 0.000
v 51.1103 90.8108 2.5000
v 42.0268 78.8279 0.000
v 42.0268 78.8279 2.5000
v 50.9699 90.8083 0.000
v 50.9699 90.8083 2.5000
v 68.7371 105.2781 0.000
v 68.7371 105.2781 2.5000
v 68.8003 105.2006 0.000
v 68.8003 105.2006 2.5000
v 51.0331 90.7308 0.000
v 51.0331 90.7308 2.5000
v 68.7234 105.1374 0.000
v 68.7234 105.1374 2.5000
v 64.6896 109.9936 0.000
v 64.6896 109.9936 2.5000
v 64.7665 110.0575 0.000
v 64.7665 110.0575 2.5000
v 68.8003 105.2013 0.000
v 68.8003 105.2013 2.5000
v 64.8305 109.9820 0.000
v 64.8305 109.9820 2.5000
v 61.4787 107.0837 0.000
v 61.4787 107.0837 2.5000
v 61.4133 107.1593 0.000
v 61.4133 107.1593 2.5000
v 64.7651 110.0577 0.000
v 64.7651 110.0577 2.5000
v 61.4811 107.0836 0.000
v 61.4811 107.0836 2.5000
v 59.2741 109.4695 0.000
v 59.2741 109.4695 2.5000
v 59.3475 109.5374 0.000
v 59.3475 109.5374 2.5000
v 61.5545 107.1515 0.000
v 61.5545 107.1515 2.5000
v 59.2746 109.4762 0.000
v 59.2746 109.4762 2.5000
v 62.3605 111.8302 0.000
v 62.3605 111.8302 2.5000
v 62.4211 111.7507 0.000
v 62.4211 111.7507 2.5000
v 59.3353 109.3967 0.000
v 59.3353 109.3967 2.5000
v 62.3219 111.6957 0.000
v 62.3219 111.6957 2.5000
v 61.6314 113.5237 0.000
v 61.6314 113.5237 2.5000
v 61.7249 113.5590 0.000
v 61.7249 113.5590 2.5000
v 62.4155 111.7310 0.000
v 62.4155 111.7310 2.5000
v 61.7598 113.4645 0.000
v 61.7598 113.4645 2.5000
v 59.0448 112.4863 0.000
v 59.0448 112.4863 2.5000
v 59.0109 112.5803 0.000
v 59.0109 112.5803 2.5000
v 61.7259 113.5585 0.000
v 61.7259 113.5585 2.5000
v 59.0716 112.4796 0.000
v 59.0716 112.4796 2.5000
v 57.2313 114.4999 0.000
v 57.2313 114.4999 2.5000
v 57.3052 114.5673 0.000
v 57.3052 114.5673 2.5000
v 59.1455 112.5470 0.000
v 59.1455 112.5470 2.5000
v 57.3723 114.4895 0.000
v 57.3723 114.4895 2.5000
v 54.5775 112.2101 0.000
v 54.5775 112.2101 2.5000
v 54.5143 112.2876 0.000
v 54.5143 112.2876 2.5000
v 57.3091 114.5670 0.000
v 57.3091 114.5670 2.5000
v 54.5839 112.2097 0.000
v 54.5839 112.2097 2.5000
v 53.5311 113.2833 0.000
v 53.5311 113.2833 2.5000
v 53.6025 113.3533 0.000
v 53.6025 113.3533 2.5000
v 54.6553 112.2797 0.000
v 54.6553 112.2797 2.5000
v 53.5317 113.2917 0.000
v 53.5317 113.2917 2.5000
v 56.1933 115.3377 0.000
v 56.1933 115.3377 2.5000
v 56.2543 115.2584 0.000
v 56.2543 115.2584 2.5000
v 53.5926 113.2125 0.000
v 53.5926 113.2125 2.5000
v 56.1776 115.1971 0.000
v 56.1776 115.1971 2.5000
v 54.4179 117.3168 0.000
v 54.4179 117.3168 2.5000
v 54.4948 117.3807 0.000
v 54.4948 117.3807 2.5000
v 56.2546 115.2610 0.000
v 56.2546 115.2610 2.5000
v 54.5585 117.3022 0.000
v 54.5585 117.3022 2.5000
v 50.7608 114.2915 0.000
v 50.7608 114.2915 2.5000
v 50.6986 114.3699 0.000
v 50.6986 114.3699 2.5000
v 54.4964 117.3805 0.000
v 54.4964 117.3805 2.5000
v 50.7717 114.4324 0.000
v 50.7717 114.4324 2.5000
v 54.0964 110.8323 0.000
v 54.0964 110.8323 2.5000
v 54.0229 110.7644 0.000
v 54.0229 110.7644 2.5000
v 50.6982 114.3646 0.000
v 50.6982 114.3646 2.5000
v 54.0961 110.8285 0.000
v 54.0961 110.8285 2.5000
v 41.6661 100.5315 0.000
v 41.6661 100.5315 2.5000
v 41.6023 100.6085 0.000
v 41.6023 100.6085 2.5000
v 54.0324 110.9055 0.000
v 54.0324 110.9055 2.5000
v 41.7430 100.6097 0.000
v 41.7430 100.6097 2.5000
v 33.4066 90.2085 0.000
v 33.4066 90.2085 2.5000
v 33.3285 90.2710 0.000
v 33.3285 90.2710 2.5000
v 41.6650 100.6722 0.000
v 41.6650 100.6722 2.5000
v 33.4150 90.2100 0.000
v 33.4150 90.2100 2.5000
v 32.7904 90.5966 0.000
v 32.7904 90.5966 2.5000
v 32.8430 90.6817 0.000
v 32.8430 90.6817 2.5000
v 33.4676 90.2950 0.000
v 33.4676 90.2950 2.5000
v 32.9296 90.6200 0.000
v 32.9296 90.6200 2.5000
v 31.4018 88.7438 0.000
v 31.4018 88.7438 2.5000
v 31.3242 88.8070 0.000
v 31.3242 88.8070 2.5000
v 32.8520 90.6832 0.000
v 32.8520 90.6832 2.5000
v 31.4026 88.7439 0.000
v 31.4026 88.7439 2.5000
v 30.1937 89.7055 0.000
v 30.1937 89.7055 2.5000
v 30.2560 89.7838 0.000
v 30.2560 89.7838 2.5000
v 31.4648 88.8222 0.000
v 31.4648 88.8222 2.5000
v 30.1938 89.7047 0.000
v 30.1938 89.7047 2.5000
v 33.9296 94.5116 0.000
v 33.9296 94.5116 2.5000
v 34.0086 94.4502 0.000
v 34.0086 94.4502 2.5000
v 30.2728 89.6433 0.000
v 30.2728 89.6433 2.5000
v 33.9481 94.3714 0.000
v 33.9481 94.3714 2.5000
v 31.8642 95.9478 0.000
v 31.8642 95.9478 2.5000
v 31.9245 96.0275 0.000
v 31.9245 96.0275 2.5000
v 34.0085 94.4512 0.000
v 34.0085 94.4512 2.5000
v 32.0044 95.9659 0.000
v 32.0044 95.9659 2.5000
v 27.6772 90.4655 0.000
v 27.6772 90.4655 2.5000
v 27.5986 90.5274 0.000
v 27.5986 90.5274 2.5000
v 31.9258 96.0277 0.000
v 31.9258 96.0277 2.5000
v 27.7366 90.5557 0.000
v 27.7366 90.5557 2.5000
v 14.5669 66.4085 0.000
v 14.5669 66.4085 2.5000
v 14.4791 66.4564 0.000
v 14.4791 66.4564 2.5000
v 27.6488 90.6036 0.000
v 27.6488 90.6036 2.5000
v 14.6046 66.5173 0.000
v 14.6046 66.5173 2.5000
v 12.7722 55.6609 0.000
v 12.7722 55.6609 2.5000
v 12.6736 55.6776 0.000
v 12.6736 55.6776 2.5000
v 14.5060 66.5339 0.000
v 14.5060 66.5339 2.5000
v 31.6792 54.8313 0.000
v 31.6792 54.8313 2.5000
v 31.7238 26.6709 0.000
v 31.7238 26.6709 2.5000
v 31.6238 26.6707 0.000
v 31.6238 26.6707 2.5000
v 31.5792 54.8311 0.000
v 31.5792 54.8311 2.5000
v 31.7039 26.7847 0.000
v 31.7039 26.7847 2.5000
v 36.8109 12.5343 0.000
v 36.8109 12.5343 2.5000
v 36.7167 12.5006 0.000
v 36.7167 12.5006 2.5000
v 31.6097 26.7510 0.000
v 31.6097 26.7510 2.5000
v 36.8121 12.5369 0.000
v 36.8121 12.5369 2.5000
v 5.8451 0.0010 0.000
v 5.8451 0.0010 2.5000
v 5.8076 0.0937 0.000
v 5.8076 0.0937 2.5000
v 36.7745 12.6296 0.000
v 36.7745 12.6296 2.5000
v 5.8476 0.0000 0.000
v 5.8476 0.0000 2.5000
v 0.0000 13.0145 0.000
v 0.0000 13.0145 2.5000
v 0.0912 13.0555 0.000
v 0.0912 13.0555 2.5000
v 5.9388 0.0410 0.000
v 5.9388 0.0410 2.5000
v 0.0012 13.0174 0.000
v 0.0012 13.0174 2.5000
v 13.1236 18.2236 0.000
v 13.1236 18.2236 2.5000
v 13.1605 18.1306 0.000
v 13.1605 18.1306 2.5000
v 0.0381 12.9245 0.000
v 0.0381 12.9245 2.5000
v 13.0556 18.1004 0.000
v 13.0556 18.1004 2.5000
v 10.9837 29.2100 0.000
v 10.9837 29.2100 2.5000
v 11.0820 29.2283 0.000
v 11.0820 29.2283 2.5000
v 13.1539 18.1187 0.000
v 13.1539 18.1187 2.5000
v 10.9912 29.1209 0.000
v 10.9912 29.1209 2.5000
v 11.4532 55.8109 0.000
v 11.4532 55.8109 2.5000
v 11.5531 55.8092 0.000
v 11.5531 55.8092 2.5000
v 11.0911 29.1191 0.000
v 11.0911 29.1191 2.5000
v 11.4540 55.8117 0.000
v 11.4540 55.8117 2.5000
v 12.7828 55.7668 0.000
v 12.7828 55.7668 2.5000
v 12.7795 55.6669 0.000
v 12.7795 55.6669 2.5000
v 11.4506 55.7118 0.000
v 11.4506 55.7118 2.5000
v 31.8635 95.9583 0.000
v 31.8635 95.9583 2.5000
v 50.7697 114.4325 0.000
v 50.7697 114.4325 2.5000
v 50.8396 114.3609 0.000
v 50.8396 114.3609 2.5000
v 31.9334 95.8868 0.000
v 31.9334 95.8868 2.5000
v 64.3716 108.0990 0.000
v 64.3716 108.0990 2.5000
v 65.5897 109.0817 0.000
v 65.5897 109.0817 2.5000
v 65.6525 109.0039 0.000
v 65.6525 109.0039 2.5000
v 64.4344 108.0211 0.000
v 64.4344 108.0211 2.5000
v 63.9683 107.6072 0.000
v 63.9683 107.6072 2.5000
v 62.3640 106.2068 0.000
v 62.3640 106.2068 2.5000
v 62.2982 106.2822 0.000
v 62.2982 106.2822 2.5000
v 63.9025 107.6826 0.000
v 63.9025 107.6826 2.5000
v 61.8431 105.7656 0.000
v 61.8431 105.7656 2.5000
v 48.8829 94.9832 0.000
v 48.8829 94.9832 2.5000
v 48.8190 95.0601 0.000
v 48.8190 95.0601 2.5000
v 61.7791 105.8424 0.000
v 61.7791 105.8424 2.5000
v 48.8936 95.1242 0.000
v 48.8936 95.1242 2.5000
v 52.0581 91.5567 0.000
v 52.0581 91.5567 2.5000
v 51.9832 91.4903 0.000
v 51.9832 91.4903 2.5000
v 48.8188 95.0579 0.000
v 48.8188 95.0579 2.5000
v 47.5800 93.7949 0.000
v 47.5800 93.7949 2.5000
v 51.1107 90.8070 0.000
v 51.1107 90.8070 2.5000
v 51.0462 90.7307 0.000
v 51.0462 90.7307 2.5000
v 47.5154 93.7186 0.000
v 47.5154 93.7186 2.5000
v 38.3474 82.2282 0.000
v 38.3474 82.2282 2.5000
v 38.9419 82.9592 0.000
v 38.9419 82.9592 2.5000
v 39.0194 82.8961 0.000
v 39.0194 82.8961 2.5000
v 38.4250 82.1651 0.000
v 38.4250 82.1651 2.5000
v 38.8788 82.8809 0.000
v 38.8788 82.8809 2.5000
v 47.5779 93.7947 0.000
v 47.5779 93.7947 2.5000
v 47.6561 93.7324 0.000
v 47.6561 93.7324 2.5000
v 38.9570 82.8186 0.000
v 38.9570 82.8186 2.5000
v 46.2527 94.5052 0.000
v 46.2527 94.5052 2.5000
v 41.3427 98.2631 0.000
v 41.3427 98.2631 2.5000
v 41.4035 98.3425 0.000
v 41.4035 98.3425 2.5000
v 46.3134 94.5846 0.000
v 46.3134 94.5846 2.5000
v 41.4831 98.2804 0.000
v 41.4831 98.2804 2.5000
v 32.0026 86.3688 0.000
v 32.0026 86.3688 2.5000
v 31.9244 86.4310 0.000
v 31.9244 86.4310 2.5000
v 41.4048 98.3427 0.000
v 41.4048 98.3427 2.5000
v 31.9821 86.5086 0.000
v 31.9821 86.5086 2.5000
v 37.3345 82.7901 0.000
v 37.3345 82.7901 2.5000
v 37.2774 82.7080 0.000
v 37.2774 82.7080 2.5000
v 31.9251 86.4265 0.000
v 31.9251 86.4265 2.5000
v 37.1948 82.7681 0.000
v 37.1948 82.7681 2.5000
v 46.2338 94.6454 0.000
v 46.2338 94.6454 2.5000
v 46.3134 94.5848 0.000
v 46.3134 94.5848 2.5000
v 37.2744 82.7075 0.000
v 37.2744 82.7075 2.5000
v 30.7838 84.5976 0.000
v 30.7838 84.5976 2.5000
v 36.6141 81.6668 0.000
v 36.6141 81.6668 2.5000
v 36.5692 81.5775 0.000
v 36.5692 81.5775 2.5000
v 30.7389 84.5082 0.000
v 30.7389 84.5082 2.5000
v 30.8730 84.5530 0.000
v 30.8730 84.5530 2.5000
v 20.7941 64.2241 0.000
v 20.7941 64.2241 2.5000
v 20.7045 64.2685 0.000
v 20.7045 64.2685 2.5000
v 30.7834 84.5975 0.000
v 30.7834 84.5975 2.5000
v 20.8329 64.3262 0.000
v 20.8329 64.3262 2.5000
v 20.0119 61.3158 0.000
v 20.0119 61.3158 2.5000
v 19.9154 61.3421 0.000
v 19.9154 61.3421 2.5000
v 20.7364 64.3525 0.000
v 20.7364 64.3525 2.5000
v 19.9441 61.4399 0.000
v 19.9441 61.4399 2.5000
v 20.6576 61.2157 0.000
v 20.6576 61.2157 2.5000
v 20.6276 61.1203 0.000
v 20.6276 61.1203 2.5000
v 19.9141 61.3445 0.000
v 19.9141 61.3445 2.5000
v 20.6568 61.2172 0.000
v 20.6568 61.2172 2.5000
v 20.3642 60.2028 0.000
v 20.3642 60.2028 2.5000
v 20.2681 60.2305 0.000
v 20.2681 60.2305 2.5000
v 20.5607 61.2449 0.000
v 20.5607 61.2449 2.5000
v 20.3800 60.2147 0.000
v 20.3800 60.2147 2.5000
v 19.3970 60.2147 0.000
v 19.3970 60.2147 2.5000
v 19.3970 60.3147 0.000
v 19.3970 60.3147 2.5000
v 20.3800 60.3147 0.000
v 20.3800 60.3147 2.5000
v 19.5070 60.3021 0.000
v 19.5070 60.3021 2.5000
v 19.0959 58.5270 0.000
v 19.0959 58.5270 2.5000
v 18.9985 58.5495 0.000
v 18.9985 58.5495 2.5000
v 19.4096 60.3247 0.000
v 19.4096 60.3247 2.5000
v 19.1000 58.5298 0.000
v 19.1000 58.5298 2.5000
v 18.3302 58.6513 0.000
v 18.3302 58.6513 2.5000
v 18.3458 58.7501 0.000
v 18.3458 58.7501 2.5000
v 19.1156 58.6285 0.000
v 19.1156 58.6285 2.5000
v 18.4520 58.7216 0.000
v 18.4520 58.7216 2.5000
v 18.1512 57.9396 0.000
v 18.1512 57.9396 2.5000
v 18.0579 57.9754 0.000
v 18.0579 57.9754 2.5000
v 18.3587 58.7575 0.000
v 18.3587 58.7575 2.5000
v 18.0846 58.0639 0.000
v 18.0846 58.0639 2.5000
v 24.3455 56.6646 0.000
v 24.3455 56.6646 2.5000
v 24.3237 56.5670 0.000
v 24.3237 56.5670 2.5000
v 18.0628 57.9663 0.000
v 18.0628 57.9663 2.5000
v 23.2103 55.0648 0.000
v 23.2103 55.0648 2.5000
v 18.5389 55.2276 0.000
v 18.5389 55.2276 2.5000
v 18.5424 55.3275 0.000
v 18.5424 55.3275 2.5000
v 23.2138 55.1647 0.000
v 23.2138 55.1647 2.5000
v 18.6423 55.3240 0.000
v 18.6423 55.3240 2.5000
v 18.2570 44.3877 0.000
v 18.2570 44.3877 2.5000
v 18.1571 44.3913 0.000
v 18.1571 44.3913 2.5000
v 18.5424 55.3275 0.000
v 18.5424 55.3275 2.5000
v 18.1683 44.4974 0.000
v 18.1683 44.4974 2.5000
v 18.8886 44.3703 0.000
v 18.8886 44.3703 2.5000
v 18.8712 44.2718 0.000
v 18.8712 44.2718 2.5000
v 18.1509 44.3989 0.000
v 18.1509 44.3989 2.5000
v 18.8822 44.3781 0.000
v 18.8822 44.3781 2.5000
v 18.7328 39.6328 0.000
v 18.7328 39.6328 2.5000
v 18.6328 39.6359 0.000
v 18.6328 39.6359 2.5000
v 18.7823 44.3813 0.000
v 18.7823 44.3813 2.5000
v 18.7366 39.6367 0.000
v 18.7366 39.6367 2.5000
v 17.8503 39.5954 0.000
v 17.8503 39.5954 2.5000
v 17.8457 39.6953 0.000
v 17.8457 39.6953 2.5000
v 18.7320 39.7366 0.000
v 18.7320 39.7366 2.5000
v 17.9501 39.6955 0.000
v 17.9501 39.6955 2.5000
v 17.5799 31.1826 0.000
v 17.5799 31.1826 2.5000
v 17.4800 31.1870 0.000
v 17.4800 31.1870 2.5000
v 17.8501 39.6998 0.000
v 17.8501 39.6998 2.5000
v 17.5731 31.2923 0.000
v 17.5731 31.2923 2.5000
v 18.2664 27.1701 0.000
v 18.2664 27.1701 2.5000
v 18.1678 27.1535 0.000
v 18.1678 27.1535 2.5000
v 17.4745 31.2758 0.000
v 17.4745 31.2758 2.5000
v 18.1478 27.2469 0.000
v 18.1478 27.2469 2.5000
v 18.6653 27.3818 0.000
v 18.6653 27.3818 2.5000
v 18.6905 27.2851 0.000
v 18.6905 27.2851 2.5000
v 18.1731 27.1501 0.000
v 18.1731 27.1501 2.5000
v 18.6712 27.3779 0.000
v 18.6712 27.3779 2.5000
v 18.8512 26.2183 0.000
v 18.8512 26.2183 2.5000
v 18.7524 26.2030 0.000
v 18.7524 26.2030 2.5000
v 18.5724 27.3626 0.000
v 18.5724 27.3626 2.5000
v 18.7366 26.3013 0.000
v 18.7366 26.3013 2.5000
v 20.1704 26.5370 0.000
v 20.1704 26.5370 2.5000
v 20.1866 26.4383 0.000
v 20.1866 26.4383 2.5000
v 18.7529 26.2026 0.000
v 18.7529 26.2026 2.5000
v 20.1711 26.5365 0.000
v 20.1711 26.5365 2.5000
v 20.4605 24.6270 0.000
v 20.4605 24.6270 2.5000
v 20.3616 24.6120 0.000
v 20.3616 24.6120 2.5000
v 20.0723 26.5215 0.000
v 20.0723 26.5215 2.5000
v 20.3450 24.7085 0.000
v 20.3450 24.7085 2.5000
v 22.0526 25.0384 0.000
v 22.0526 25.0384 2.5000
v 22.0715 24.9402 0.000
v 22.0715 24.9402 2.5000
v 20.3639 24.6104 0.000
v 20.3639 24.6104 2.5000
v 22.0469 25.0419 0.000
v 22.0469 25.0419 2.5000
v 22.5689 23.2633 0.000
v 22.5689 23.2633 2.5000
v 22.4729 23.2352 0.000
v 22.4729 23.2352 2.5000
v 21.9509 25.0137 0.000
v 21.9509 25.0137 2.5000
v 22.4505 23.3401 0.000
v 22.4505 23.3401 2.5000
v 24.3054 23.5913 0.000
v 24.3054 23.5913 2.5000
v 24.3188 23.4922 0.000
v 24.3188 23.4922 2.5000
v 22.4640 23.2410 0.000
v 22.4640 23.2410 2.5000
v 24.2191 23.4792 0.000
v 24.2191 23.4792 2.5000
v 24.0238 25.0416 0.000
v 24.0238 25.0416 2.5000
v 24.1230 25.0540 0.000
v 24.1230 25.0540 2.5000
v 24.3183 23.4916 0.000
v 24.3183 23.4916 2.5000
v 24.0169 25.0307 0.000
v 24.0169 25.0307 2.5000
v 25.9045 25.6279 0.000
v 25.9045 25.6279 2.5000
v 25.9347 25.5325 0.000
v 25.9347 25.5325 2.5000
v 24.0470 24.9354 0.000
v 24.0470 24.9354 2.5000
v 25.8306 25.5077 0.000
v 25.8306 25.5077 2.5000
v 25.3391 28.5327 0.000
v 25.3391 28.5327 2.5000
v 25.4378 28.5487 0.000
v 25.4378 28.5487 2.5000
v 25.9293 25.5238 0.000
v 25.9293 25.5238 2.5000
v 25.4553 28.4522 0.000
v 25.4553 28.4522 2.5000
v 23.0711 27.9753 0.000
v 23.0711 27.9753 2.5000
v 23.0515 28.0734 0.000
v 23.0515 28.0734 2.5000
v 25.4357 28.5502 0.000
v 25.4357 28.5502 2.5000
v 23.0703 27.9758 0.000
v 23.0703 27.9758 2.5000
v 22.5582 30.7260 0.000
v 22.5582 30.7260 2.5000
v 22.6565 30.7443 0.000
v 22.6565 30.7443 2.5000
v 23.1686 27.9941 0.000
v 23.1686 27.9941 2.5000
v 22.5578 30.7253 0.000
v 22.5578 30.7253 2.5000
v 25.0517 31.2204 0.000
v 25.0517 31.2204 2.5000
v 25.0712 31.1223 0.000
v 25.0712 31.1223 2.5000
v 22.5772 30.6273 0.000
v 22.5772 30.6273 2.5000
v 24.9627 31.1112 0.000
v 24.9627 31.1112 2.5000
v 24.9072 39.4048 0.000
v 24.9072 39.4048 2.5000
v 25.0072 39.4054 0.000
v 25.0072 39.4054 2.5000
v 25.0627 31.1119 0.000
v 25.0627 31.1119 2.5000
v 24.9968 39.2963 0.000
v 24.9968 39.2963 2.5000
v 24.3500 39.4256 0.000
v 24.3500 39.4256 2.5000
v 24.3696 39.5237 0.000
v 24.3696 39.5237 2.5000
v 25.0164 39.3943 0.000
v 25.0164 39.3943 2.5000
v 24.3577 39.4161 0.000
v 24.3577 39.4161 2.5000
v 24.4698 44.0517 0.000
v 24.4698 44.0517 2.5000
v 24.5698 44.0493 0.000
v 24.5698 44.0493 2.5000
v 24.4576 39.4136 0.000
v 24.4576 39.4136 2.5000
v 24.4647 44.0463 0.000
v 24.4647 44.0463 2.5000
v 25.2411 44.1093 0.000
v 25.2411 44.1093 2.5000
v 25.2492 44.0096 0.000
v 25.2492 44.0096 2.5000
v 24.4728 43.9467 0.000
v 24.4728 43.9467 2.5000
v 25.1426 44.0083 0.000
v 25.1426 44.0083 2.5000
v 25.7286 54.5707 0.000
v 25.7286 54.5707 2.5000
v 25.8285 54.5651 0.000
v 25.8285 54.5651 2.5000
v 25.2425 44.0027 0.000
v 25.2425 44.0027 2.5000
v 27.1565 54.4213 0.000
v 27.1565 54.4213 2.5000
v 27.0986 53.1395 0.000
v 27.0986 53.1395 2.5000
v 26.9987 53.1440 0.000
v 26.9987 53.1440 2.5000
v 27.0566 54.4258 0.000
v 27.0566 54.4258 2.5000
v 27.0691 52.4048 0.000
v 27.0691 52.4048 2.5000
v 27.0691 50.8537 0.000
v 27.0691 50.8537 2.5000
v 26.9691 50.8537 0.000
v 26.9691 50.8537 2.5000
v 26.9691 52.4048 0.000
v 26.9691 52.4048 2.5000
v 26.9685 50.9530 0.000
v 26.9685 50.9530 2.5000
v 31.6959 51.0160 0.000
v 31.6959 51.0160 2.5000
v 31.6972 50.9160 0.000
v 31.6972 50.9160 2.5000
v 26.9698 50.8530 0.000
v 26.9698 50.8530 2.5000
v 27.0729 50.9496 0.000
v 27.0729 50.9496 2.5000
v 26.9420 49.2846 0.000
v 26.9420 49.2846 2.5000
v 26.8424 49.2925 0.000
v 26.8424 49.2925 2.5000
v 26.9732 50.9574 0.000
v 26.9732 50.9574 2.5000
v 26.9060 48.5548 0.000
v 26.9060 48.5548 2.5000
v 26.9060 47.6413 0.000
v 26.9060 47.6413 2.5000
v 26.8060 47.6413 0.000
v 26.8060 47.6413 2.5000
v 26.8060 48.5548 0.000
v 26.8060 48.5548 2.5000
v 26.8075 47.7428 0.000
v 26.8075 47.7428 2.5000
v 29.2074 47.6694 0.000
v 29.2074 47.6694 2.5000
v 29.2043 47.5695 0.000
v 29.2043 47.5695 2.5000
v 26.8044 47.6428 0.000
v 26.8044 47.6428 2.5000
v 29.2059 47.6710 0.000
v 29.2059 47.6710 2.5000
v 29.2059 47.1994 0.000
v 29.2059 47.1994 2.5000
v 29.1059 47.1994 0.000
v 29.1059 47.1994 2.5000
v 29.1059 47.6710 0.000
v 29.1059 47.6710 2.5000
v 29.1051 47.2985 0.000
v 29.1051 47.2985 2.5000
v 31.6757 47.3403 0.000
v 31.6757 47.3403 2.5000
v 31.6773 47.2404 0.000
v 31.6773 47.2404 2.5000
v 29.1067 47.1986 0.000
v 29.1067 47.1986 2.5000
v 26.9079 47.7393 0.000
v 26.9079 47.7393 2.5000
v 26.3040 32.2227 0.000
v 26.3040 32.2227 2.5000
v 26.2041 32.2265 0.000
v 26.2041 32.2265 2.5000
v 26.8079 47.7432 0.000
v 26.8079 47.7432 2.5000
v 26.2960 32.3328 0.000
v 26.2960 32.3328 2.5000
v 27.5045 25.8069 0.000
v 27.5045 25.8069 2.5000
v 27.4062 25.7887 0.000
v 27.4062 25.7887 2.5000
v 26.1977 32.3146 0.000
v 26.1977 32.3146 2.5000
v 27.3872 25.8858 0.000
v 27.3872 25.8858 2.5000
v 31.7125 26.7799 0.000
v 31.7125 26.7799 2.5000
v 31.7328 26.6819 0.000
v 31.7328 26.6819 2.5000
v 27.4074 25.7878 0.000
v 27.4074 25.7878 2.5000
v 23.6937 21.5734 0.000
v 23.6937 21.5734 2.5000
v 32.3519 24.9230 0.000
v 32.3519 24.9230 2.5000
v 32.3880 24.8297 0.000
v 32.3880 24.8297 2.5000
v 23.7298 21.4801 0.000
v 23.7298 21.4801 2.5000
v 16.7026 18.8574 0.000
v 16.7026 18.8574 2.5000
v 18.5859 13.6748 0.000
v 18.5859 13.6748 2.5000
v 18.4919 13.6407 0.000
v 18.4919 13.6407 2.5000
v 16.6087 18.8233 0.000
v 16.6087 18.8233 2.5000
v 18.4570 13.7329 0.000
v 18.4570 13.7329 2.5000
v 23.9642 15.8997 0.000
v 23.9642 15.8997 2.5000
v 24.0008 15.8066 0.000
v 24.0008 15.8066 2.5000
v 18.4936 13.6399 0.000
v 18.4936 13.6399 2.5000
v 23.9098 15.7691 0.000
v 23.9098 15.7691 2.5000
v 21.7105 20.8757 0.000
v 21.7105 20.8757 2.5000
v 21.8023 20.9152 0.000
v 21.8023 20.9152 2.5000
v 24.0016 15.8087 0.000
v 24.0016 15.8087 2.5000
v 21.8409 20.8211 0.000
v 21.8409 20.8211 2.5000
v 21.1413 20.5481 0.000
v 21.1413 20.5481 2.5000
v 21.1049 20.6413 0.000
v 21.1049 20.6413 2.5000
v 21.8046 20.9143 0.000
v 21.8046 20.9143 2.5000
v 21.1314 20.5534 0.000
v 21.1314 20.5534 2.5000
v 20.9919 21.1985 0.000
v 20.9919 21.1985 2.5000
v 21.0897 21.2196 0.000
v 21.0897 21.2196 2.5000
v 21.2291 20.5746 0.000
v 21.2291 20.5746 2.5000
v 21.1128 21.1252 0.000
v 21.1128 21.1252 2.5000
v 19.8330 20.7733 0.000
v 19.8330 20.7733 2.5000
v 19.8065 20.8697 0.000
v 19.8065 20.8697 2.5000
v 21.0863 21.2216 0.000
v 21.0863 21.2216 2.5000
v 19.9000 20.8978 0.000
v 19.9000 20.8978 2.5000
v 20.1677 20.0779 0.000
v 20.1677 20.0779 2.5000
v 20.0726 20.0468 0.000
v 20.0726 20.0468 2.5000
v 19.8049 20.8667 0.000
v 19.8049 20.8667 2.5000
v 20.1692 20.0811 0.000
v 20.1692 20.0811 2.5000
v 16.6439 18.7288 0.000
v 16.6439 18.7288 2.5000
v 16.6081 18.8221 0.000
v 16.6081 18.8221 2.5000
v 20.1334 20.1745 0.000
v 20.1334 20.1745 2.5000
v 3.4832 14.4269 0.000
v 3.4832 14.4269 2.5000
v 5.2265 9.4989 0.000
v 5.2265 9.4989 2.5000
v 5.1323 9.4655 0.000
v 5.1323 9.4655 2.5000
v 3.3889 14.3936 0.000
v 3.3889 14.3936 2.5000
v 5.2277 9.5015 0.000
v 5.2277 9.5015 2.5000
v 4.2597 9.1143 0.000
v 4.2597 9.1143 2.5000
v 4.2225 9.2071 0.000
v 4.2225 9.2071 2.5000
v 5.1906 9.5943 0.000
v 5.1906 9.5943 2.5000
v 4.3112 9.2459 0.000
v 4.3112 9.2459 2.5000
v 4.6235 8.5901 0.000
v 4.6235 8.5901 2.5000
v 4.5332 8.5471 0.000
v 4.5332 8.5471 2.5000
v 4.2209 9.2029 0.000
v 4.2209 9.2029 2.5000
v 4.4925 8.6432 0.000
v 4.4925 8.6432 2.5000
v 16.7717 13.2156 0.000
v 16.7717 13.2156 2.5000
v 16.8066 13.1219 0.000
v 16.8066 13.1219 2.5000
v 4.5274 8.5494 0.000
v 4.5274 8.5494 2.5000
v 16.7151 13.0860 0.000
v 16.7151 13.0860 2.5000
v 15.4921 16.0464 0.000
v 15.4921 16.0464 2.5000
v 15.5845 16.0846 0.000
v 15.5845 16.0846 2.5000
v 16.8075 13.1242 0.000
v 16.8075 13.1242 2.5000
v 15.6206 15.9875 0.000
v 15.6206 15.9875 2.5000
v 12.9674 15.1078 0.000
v 12.9674 15.1078 2.5000
v 12.9359 15.2027 0.000
v 12.9359 15.2027 2.5000
v 15.5891 16.0824 0.000
v 15.5891 16.0824 2.5000
v 13.0270 15.2360 0.000
v 13.0270 15.2360 2.5000
v 13.9797 12.8542 0.000
v 13.9797 12.8542 2.5000
v 13.8868 12.8171 0.000
v 13.8868 12.8171 2.5000
v 12.9341 15.1989 0.000
v 12.9341 15.1989 2.5000
v 13.9801 12.8552 0.000
v 13.9801 12.8552 2.5000
v 8.7578 10.6758 0.000
v 8.7578 10.6758 2.5000
v 8.7193 10.7681 0.000
v 8.7193 10.7681 2.5000
v 13.9416 12.9474 0.000
v 13.9416 12.9474 2.5000
v 8.7573 10.6760 0.000
v 8.7573 10.6760 2.5000
v 6.7402 15.6158 0.000
v 6.7402 15.6158 2.5000
v 6.8328 15.6536 0.000
v 6.8328 15.6536 2.5000
v 8.8499 10.7138 0.000
v 8.8499 10.7138 2.5000
v 13.8699 15.4930 0.000
v 13.8699 15.4930 2.5000
v 13.5904 15.9698 0.000
v 13.5904 15.9698 2.5000
v 13.6767 16.0203 0.000
v 13.6767 16.0203 2.5000
v 13.9562 15.5436 0.000
v 13.9562 15.5436 2.5000
v 12.8786 18.1848 0.000
v 12.8786 18.1848 2.5000
v 13.4547 16.7591 0.000
v 13.4547 16.7591 2.5000
v 13.3620 16.7216 0.000
v 13.3620 16.7216 2.5000
v 12.7859 18.1474 0.000
v 12.7859 18.1474 2.5000
v 13.3272 16.8200 0.000
v 13.3272 16.8200 2.5000
v 15.2809 17.4147 0.000
v 15.2809 17.4147 2.5000
v 15.3101 17.3190 0.000
v 15.3101 17.3190 2.5000
v 13.3563 16.7243 0.000
v 13.3563 16.7243 2.5000
v 15.2307 17.2836 0.000
v 15.2307 17.2836 2.5000
v 14.7885 18.0155 0.000
v 14.7885 18.0155 2.5000
v 14.8741 18.0672 0.000
v 14.8741 18.0672 2.5000
v 15.3163 17.3353 0.000
v 15.3163 17.3353 2.5000
v 12.4424 21.2563 0.000
v 12.4424 21.2563 2.5000
v 17.5495 22.2311 0.000
v 17.5495 22.2311 2.5000
v 17.5682 22.1329 0.000
v 17.5682 22.1329 2.5000
v 12.4612 21.1581 0.000
v 12.4612 21.1581 2.5000
v 15.1120 26.5534 0.000
v 15.1120 26.5534 2.5000
v 15.7642 23.2372 0.000
v 15.7642 23.2372 2.5000
v 15.6661 23.2179 0.000
v 15.6661 23.2179 2.5000
v 15.0139 26.5341 0.000
v 15.0139 26.5341 2.5000
v 15.6453 23.3138 0.000
v 15.6453 23.3138 2.5000
v 17.3314 23.7139 0.000
v 17.3314 23.7139 2.5000
v 17.3545 23.6166 0.000
v 17.3545 23.6166 2.5000
v 15.6684 23.2165 0.000
v 15.6684 23.2165 2.5000
v 17.2534 23.5960 0.000
v 17.2534 23.5960 2.5000
v 15.9440 31.2482 0.000
v 15.9440 31.2482 2.5000
v 16.0426 31.2650 0.000
v 16.0426 31.2650 2.5000
v 17.3520 23.6128 0.000
v 17.3520 23.6128 2.5000
v 15.9490 31.1602 0.000
v 15.9490 31.1602 2.5000
v 17.3104 55.4138 0.000
v 17.3104 55.4138 2.5000
v 17.4102 55.4082 0.000
v 17.4102 55.4082 2.5000
v 16.0488 31.1546 0.000
v 16.0488 31.1546 2.5000
v 17.4035 55.3074 0.000
v 17.4035 55.3074 2.5000
v 12.6775 55.6726 0.000
v 12.6775 55.6726 2.5000
v 12.6852 55.7723 0.000
v 12.6852 55.7723 2.5000
v 17.4112 55.4071 0.000
v 17.4112 55.4071 2.5000
v 15.1321 26.4564 0.000
v 15.1321 26.4564 2.5000
v 11.6293 25.6969 0.000
v 11.6293 25.6969 2.5000
v 11.6081 25.7946 0.000
v 11.6081 25.7946 2.5000
v 15.1109 26.5542 0.000
v 15.1109 26.5542 2.5000
v 25.3534 28.4353 0.000
v 25.3534 28.4353 2.5000
v 25.1356 30.0928 0.000
v 25.1356 30.0928 2.5000
v 25.2347 30.1058 0.000
v 25.2347 30.1058 2.5000
v 25.4526 28.4483 0.000
v 25.4526 28.4483 2.5000
v 25.2491 30.0086 0.000
v 25.2491 30.0086 2.5000
v 24.6005 29.9013 0.000
v 24.6005 29.9013 2.5000
v 24.5841 30.0000 0.000
v 24.5841 30.0000 2.5000
v 25.2328 30.1072 0.000
v 25.2328 30.1072 2.5000
v 22.7834 29.6504 0.000
v 22.7834 29.6504 2.5000
v 23.2159 29.7122 0.000
v 23.2159 29.7122 2.5000
v 23.2300 29.6132 0.000
v 23.2300 29.6132 2.5000
v 22.7975 29.5514 0.000
v 22.7975 29.5514 2.5000
v 23.9443 29.9108 0.000
v 23.9443 29.9108 2.5000
v 24.3253 28.2015 0.000
v 24.3253 28.2015 2.5000
v 24.2277 28.1797 0.000
v 24.2277 28.1797 2.5000
v 23.8467 29.8891 0.000
v 23.8467 29.8891 2.5000
v 15.7311 58.6850 0.000
v 15.7311 58.6850 2.5000
v 17.4295 65.6594 0.000
v 17.4295 65.6594 2.5000
v 17.5267 65.6358 0.000
v 17.5267 65.6358 2.5000
v 15.8283 58.6613 0.000
v 15.8283 58.6613 2.5000
v 17.4998 65.5367 0.000
v 17.4998 65.5367 2.5000
v 14.4847 66.4428 0.000
v 14.4847 66.4428 2.5000
v 14.5135 66.5386 0.000
v 14.5135 66.5386 2.5000
v 17.5286 65.6325 0.000
v 17.5286 65.6325 2.5000
v 15.7654 58.7874 0.000
v 15.7654 58.7874 2.5000
v 16.9243 58.2882 0.000
v 16.9243 58.2882 2.5000
v 16.8847 58.1963 0.000
v 16.8847 58.1963 2.5000
v 15.7258 58.6956 0.000
v 15.7258 58.6956 2.5000
v 16.7961 58.2290 0.000
v 16.7961 58.2290 2.5000
v 17.0298 58.9886 0.000
v 17.0298 58.9886 2.5000
v 17.1254 58.9592 0.000
v 17.1254 58.9592 2.5000
v 16.8917 58.1995 0.000
v 16.8917 58.1995 2.5000
v 17.1006 58.8663 0.000
v 17.1006 58.8663 2.5000
v 16.2296 59.0636 0.000
v 16.2296 59.0636 2.5000
v 16.2517 59.1611 0.000
v 16.2517 59.1611 2.5000
v 17.1227 58.9638 0.000
v 17.1227 58.9638 2.5000
v 16.2296 59.0636 0.000
v 16.2296 59.0636 2.5000
v 17.2004 63.3428 0.000
v 17.2004 63.3428 2.5000
v 17.2979 63.3206 0.000
v 17.2979 63.3206 2.5000
v 16.3271 59.0415 0.000
v 16.3271 59.0415 2.5000
v 17.2034 63.3446 0.000
v 17.2034 63.3446 2.5000
v 18.9928 62.8432 0.000
v 18.9928 62.8432 2.5000
v 18.9658 62.7469 0.000
v 18.9658 62.7469 2.5000
v 17.1765 63.2483 0.000
v 17.1765 63.2483 2.5000
v 18.8699 62.7733 0.000
v 18.8699 62.7733 2.5000
v 19.4481 64.9238 0.000
v 19.4481 64.9238 2.5000
v 19.5446 64.8978 0.000
v 19.5446 64.8978 2.5000
v 18.9665 62.7473 0.000
v 18.9665 62.7473 2.5000
v 19.4162 64.8404 0.000
v 19.4162 64.8404 2.5000
v 29.6587 85.1343 0.000
v 29.6587 85.1343 2.5000
v 29.7480 85.0892 0.000
v 29.7480 85.0892 2.5000
v 19.5055 64.7953 0.000
v 19.5055 64.7953 2.5000
v 29.7142 85.0048 0.000
v 29.7142 85.0048 2.5000
v 29.0476 85.2067 0.000
v 29.0476 85.2067 2.5000
v 29.0766 85.3024 0.000
v 29.0766 85.3024 2.5000
v 29.7432 85.1005 0.000
v 29.7432 85.1005 2.5000
v 29.0417 85.2215 0.000
v 29.0417 85.2215 2.5000
v 29.9217 86.7614 0.000
v 29.9217 86.7614 2.5000
v 30.0085 86.7118 0.000
v 30.0085 86.7118 2.5000
v 29.1286 85.1719 0.000
v 29.1286 85.1719 2.5000
v 30.0956 87.1820 0.000
v 30.0956 87.1820 2.5000
v 30.6886 88.0428 0.000
v 30.6886 88.0428 2.5000
v 30.7710 87.9860 0.000
v 30.7710 87.9860 2.5000
v 30.1780 87.1253 0.000
v 30.1780 87.1253 2.5000
v 27.6629 90.6062 0.000
v 27.6629 90.6062 2.5000
v 30.7719 87.9792 0.000
v 30.7719 87.9792 2.5000
v 30.7073 87.9028 0.000
v 30.7073 87.9028 2.5000
v 27.5983 90.5298 0.000
v 27.5983 90.5298 2.5000
v 29.1609 90.3980 0.000
v 29.1609 90.3980 2.5000
v 30.6316 92.2386 0.000
v 30.6316 92.2386 2.5000
v 30.7097 92.1762 0.000
v 30.7097 92.1762 2.5000
v 29.2390 90.3356 0.000
v 29.2390 90.3356 2.5000
v 31.3831 92.9661 0.000
v 31.3831 92.9661 2.5000
v 30.2415 93.8603 0.000
v 30.2415 93.8603 2.5000
v 30.3032 93.9390 0.000
v 30.3032 93.9390 2.5000
v 31.4447 93.0448 0.000
v 31.4447 93.0448 2.5000
v 26.6428 43.0599 0.000
v 26.6428 43.0599 2.5000
v 31.6701 43.0063 0.000
v 31.6701 43.0063 2.5000
v 31.6690 42.9063 0.000
v 31.6690 42.9063 2.5000
v 26.6417 42.9599 0.000
v 26.6417 42.9599 2.5000
v 26.4536 38.9069 0.000
v 26.4536 38.9069 2.5000
v 31.6485 38.7605 0.000
v 31.6485 38.7605 2.5000
v 31.6457 38.6606 0.000
v 31.6457 38.6606 2.5000
v 26.4508 38.8069 0.000
v 26.4508 38.8069 2.5000
v 26.2724 34.6050 0.000
v 26.2724 34.6050 2.5000
v 31.6995 34.5306 0.000
v 31.6995 34.5306 2.5000
v 31.6981 34.4306 0.000
v 31.6981 34.4306 2.5000
v 26.2711 34.5050 0.000
v 26.2711 34.5050 2.5000
v 26.5987 30.6403 0.000
v 26.5987 30.6403 2.5000
v 31.6414 30.5411 0.000
v 31.6414 30.5411 2.5000
v 31.6395 30.4411 0.000
v 31.6395 30.4411 2.5000
v 26.5967 30.5404 0.000
v 26.5967 30.5404 2.5000
v 11.3534 52.0118 0.000
v 11.3534 52.0118 2.5000
v 17.1526 51.8184 0.000
v 17.1526 51.8184 2.5000
v 17.1492 51.7185 0.000
v 17.1492 51.7185 2.5000
v 11.3501 51.9118 0.000
v 11.3501 51.9118 2.5000
v 11.3155 47.8894 0.000
v 11.3155 47.8894 2.5000
v 16.8867 47.6960 0.000
v 16.8867 47.6960 2.5000
v 16.8832 47.5960 0.000
v 16.8832 47.5960 2.5000
v 11.3120 47.7895 0.000
v 11.3120 47.7895 2.5000
v 11.3149 45.6773 0.000
v 11.3149 45.6773 2.5000
v 16.8423 45.4792 0.000
v 16.8423 45.4792 2.5000
v 16.8388 45.3792 0.000
v 16.8388 45.3792 2.5000
v 11.3114 45.5773 0.000
v 11.3114 45.5773 2.5000
v 11.2191 27.9993 0.000
v 11.2191 27.9993 2.5000
v 16.3913 29.0550 0.000
v 16.3913 29.0550 2.5000
v 16.4113 28.9570 0.000
v 16.4113 28.9570 2.5000
v 11.2391 27.9013 0.000
v 11.2391 27.9013 2.5000
v 16.0523 31.1579 0.000
v 16.0523 31.1579 2.5000
v 11.0083 31.0952 0.000
v 11.0083 31.0952 2.5000
v 11.0070 31.1952 0.000
v 11.0070 31.1952 2.5000
v 16.0511 31.2579 0.000
v 16.0511 31.2579 2.5000
v 11.1975 43.5373 0.000
v 11.1975 43.5373 2.5000
v 16.6392 43.3957 0.000
v 16.6392 43.3957 2.5000
v 16.6366 43.2957 0.000
v 16.6366 43.2957 2.5000
v 11.1949 43.4374 0.000
v 11.1949 43.4374 2.5000
v 16.6250 41.3954 0.000
v 16.6250 41.3954 2.5000
v 11.2296 41.5371 0.000
v 11.2296 41.5371 2.5000
v 11.2322 41.6370 0.000
v 11.2322 41.6370 2.5000
v 16.6276 41.4954 0.000
v 16.6276 41.4954 2.5000
v 11.2043 39.3387 0.000
v 11.2043 39.3387 2.5000
v 16.4725 39.3387 0.000
v 16.4725 39.3387 2.5000
v 16.4725 39.2387 0.000
v 16.4725 39.2387 2.5000
v 11.2043 39.2387 0.000
v 11.2043 39.2387 2.5000
v 11.1421 37.4363 0.000
v 11.1421 37.4363 2.5000
v 16.3781 37.2569 0.000
v 16.3781 37.2569 2.5000
v 16.3747 37.1569 0.000
v 16.3747 37.1569 2.5000
v 11.1387 37.3364 0.000
v 11.1387 37.3364 2.5000
v 11.1425 35.4687 0.000
v 11.1425 35.4687 2.5000
v 16.2025 35.2565 0.000
v 16.2025 35.2565 2.5000
v 16.1983 35.1566 0.000
v 16.1983 35.1566 2.5000
v 11.1383 35.3688 0.000
v 11.1383 35.3688 2.5000
v 11.0372 33.5868 0.000
v 11.0372 33.5868 2.5000
v 16.1179 33.4085 0.000
v 16.1179 33.4085 2.5000
v 16.1144 33.3086 0.000
v 16.1144 33.3086 2.5000
v 11.0337 33.4869 0.000
v 11.0337 33.4869 2.5000
v 21.0162 55.1878 0.000
v 21.0162 55.1878 2.5000
v 20.1316 30.8874 0.000
v 20.1316 30.8874 2.5000
v 20.0317 30.8910 0.000
v 20.0317 30.8910 2.5000
v 20.9163 55.1914 0.000
v 20.9163 55.1914 2.5000
v 20.1239 30.9972 0.000
v 20.1239 30.9972 2.5000
v 20.8957 26.6756 0.000
v 20.8957 26.6756 2.5000
v 20.7972 26.6580 0.000
v 20.7972 26.6580 2.5000
v 20.0255 30.9796 0.000
v 20.0255 30.9796 2.5000
v 20.9009 26.6844 0.000
v 20.9009 26.6844 2.5000
v 20.0976 26.4163 0.000
v 20.0976 26.4163 2.5000
v 20.0659 26.5111 0.000
v 20.0659 26.5111 2.5000
v 20.8693 26.7792 0.000
v 20.8693 26.7792 2.5000
v 17.6334 35.1998 0.000
v 17.6334 35.1998 2.5000
v 20.3005 35.0857 0.000
v 20.3005 35.0857 2.5000
v 20.2963 34.9857 0.000
v 20.2963 34.9857 2.5000
v 17.6291 35.0999 0.000
v 17.6291 35.0999 2.5000
v 18.6355 39.7354 0.000
v 18.6355 39.7354 2.5000
v 20.4359 39.6958 0.000
v 20.4359 39.6958 2.5000
v 20.4338 39.5959 0.000
v 20.4338 39.5959 2.5000
v 18.6333 39.6354 0.000
v 18.6333 39.6354 2.5000
v 18.7820 44.3810 0.000
v 18.7820 44.3810 2.5000
v 20.6056 44.3332 0.000
v 20.6056 44.3332 2.5000
v 20.6030 44.2333 0.000
v 20.6030 44.2333 2.5000
v 18.7794 44.2811 0.000
v 18.7794 44.2811 2.5000
v 18.7266 42.1821 0.000
v 18.7266 42.1821 2.5000
v 20.5270 42.0998 0.000
v 20.5270 42.0998 2.5000
v 20.5224 42.0000 0.000
v 20.5224 42.0000 2.5000
v 18.7220 42.0822 0.000
v 18.7220 42.0822 2.5000
v 18.2759 47.6771 0.000
v 18.2759 47.6771 2.5000
v 20.7502 47.6195 0.000
v 20.7502 47.6195 2.5000
v 20.7479 47.5195 0.000
v 20.7479 47.5195 2.5000
v 18.2736 47.5771 0.000
v 18.2736 47.5771 2.5000
v 18.4420 51.7819 0.000
v 18.4420 51.7819 2.5000
v 20.8611 51.7051 0.000
v 20.8611 51.7051 2.5000
v 20.8579 51.6051 0.000
v 20.8579 51.6051 2.5000
v 18.4388 51.6819 0.000
v 18.4388 51.6819 2.5000
v 23.2144 55.1640 0.000
v 23.2144 55.1640 2.5000
v 22.1186 32.4448 0.000
v 22.1186 32.4448 2.5000
v 22.0187 32.4496 0.000
v 22.0187 32.4496 2.5000
v 23.1145 55.1688 0.000
v 23.1145 55.1688 2.5000
v 22.1045 32.5594 0.000
v 22.1045 32.5594 2.5000
v 22.6788 30.6526 0.000
v 22.6788 30.6526 2.5000
v 22.5831 30.6237 0.000
v 22.5831 30.6237 2.5000
v 22.0087 32.5306 0.000
v 22.0087 32.5306 2.5000
v 22.0346 32.6041 0.000
v 22.0346 32.6041 2.5000
v 25.0365 32.5887 0.000
v 25.0365 32.5887 2.5000
v 25.0360 32.4887 0.000
v 25.0360 32.4887 2.5000
v 22.0341 32.5041 0.000
v 22.0341 32.5041 2.5000
v 22.1410 35.0644 0.000
v 22.1410 35.0644 2.5000
v 25.0243 34.8956 0.000
v 25.0243 34.8956 2.5000
v 25.0184 34.7958 0.000
v 25.0184 34.7958 2.5000
v 22.1352 34.9645 0.000
v 22.1352 34.9645 2.5000
v 24.4577 39.4137 0.000
v 24.4577 39.4137 2.5000
v 22.4050 39.4613 0.000
v 22.4050 39.4613 2.5000
v 22.4073 39.5613 0.000
v 22.4073 39.5613 2.5000
v 24.4600 39.5137 0.000
v 24.4600 39.5137 2.5000
v 24.5658 43.9479 0.000
v 24.5658 43.9479 2.5000
v 22.5572 44.0556 0.000
v 22.5572 44.0556 2.5000
v 22.5625 44.1554 0.000
v 22.5625 44.1554 2.5000
v 24.5712 44.0478 0.000
v 24.5712 44.0478 2.5000
v 22.5051 41.9877 0.000
v 22.5051 41.9877 2.5000
v 24.5214 41.9112 0.000
v 24.5214 41.9112 2.5000
v 24.5176 41.8113 0.000
v 24.5176 41.8113 2.5000
v 22.5014 41.8878 0.000
v 22.5014 41.8878 2.5000
v 20.2728 30.2136 0.000
v 20.2728 30.2136 2.5000
v 17.7395 29.5259 0.000
v 17.7395 29.5259 2.5000
v 17.7133 29.6224 0.000
v 17.7133 29.6224 2.5000
v 20.2466 30.3101 0.000
v 20.2466 30.3101 2.5000
v 20.1840 32.4996 0.000
v 20.1840 32.4996 2.5000
v 17.5385 32.6041 0.000
v 17.5385 32.6041 2.5000
v 17.5424 32.7040 0.000
v 17.5424 32.7040 2.5000
v 20.1880 32.5996 0.000
v 20.1880 32.5996 2.5000
v 17.7572 37.4571 0.000
v 17.7572 37.4571 2.5000
v 20.3571 37.3514 0.000
v 20.3571 37.3514 2.5000
v 20.3531 37.2515 0.000
v 20.3531 37.2515 2.5000
v 17.7531 37.3572 0.000
v 17.7531 37.3572 2.5000
v 22.2589 37.2840 0.000
v 22.2589 37.2840 2.5000
v 25.0316 37.1891 0.000
v 25.0316 37.1891 2.5000
v 25.0282 37.0892 0.000
v 25.0282 37.0892 2.5000
v 22.2555 37.1841 0.000
v 22.2555 37.1841 2.5000
v 22.7643 47.5925 0.000
v 22.7643 47.5925 2.5000
v 25.4297 47.5617 0.000
v 25.4297 47.5617 2.5000
v 25.4285 47.4618 0.000
v 25.4285 47.4618 2.5000
v 22.7631 47.4925 0.000
v 22.7631 47.4925 2.5000
v 22.9417 51.6477 0.000
v 22.9417 51.6477 2.5000
v 25.6564 51.6272 0.000
v 25.6564 51.6272 2.5000
v 25.6557 51.5272 0.000
v 25.6557 51.5272 2.5000
v 22.9409 51.5477 0.000
v 22.9409 51.5477 2.5000
v 16.5483 70.2786 0.000
v 16.5483 70.2786 2.5000
v 21.0644 67.9576 0.000
v 21.0644 67.9576 2.5000
v 21.0187 67.8687 0.000
v 21.0187 67.8687 2.5000
v 16.5026 70.1897 0.000
v 16.5026 70.1897 2.5000
v 21.2724 57.3156 0.000
v 21.2724 57.3156 2.5000
v 22.7231 63.7451 0.000
v 22.7231 63.7451 2.5000
v 22.8206 63.7231 0.000
v 22.8206 63.7231 2.5000
v 21.3699 57.2936 0.000
v 21.3699 57.2936 2.5000
v 22.6947 63.6602 0.000
v 22.6947 63.6602 2.5000
v 25.9003 70.7795 0.000
v 25.9003 70.7795 2.5000
v 25.9915 70.7384 0.000
v 25.9915 70.7384 2.5000
v 22.7859 63.6192 0.000
v 22.7859 63.6192 2.5000
v 25.9500 70.6471 0.000
v 25.9500 70.6471 2.5000
v 24.2608 71.4193 0.000
v 24.2608 71.4193 2.5000
v 24.3024 71.5103 0.000
v 24.3024 71.5103 2.5000
v 25.9916 70.7381 0.000
v 25.9916 70.7381 2.5000
v 31.4032 71.8179 0.000
v 31.4032 71.8179 2.5000
v 25.8958 74.7263 0.000
v 25.8958 74.7263 2.5000
v 25.9425 74.8147 0.000
v 25.9425 74.8147 2.5000
v 31.4499 71.9063 0.000
v 31.4499 71.9063 2.5000
v 25.5470 64.6328 0.000
v 25.5470 64.6328 2.5000
v 27.8564 69.9265 0.000
v 27.8564 69.9265 2.5000
v 27.9480 69.8865 0.000
v 27.9480 69.8865 2.5000
v 25.6387 64.5928 0.000
v 25.6387 64.5928 2.5000
v 27.8596 69.9277 0.000
v 27.8596 69.9277 2.5000
v 29.9397 68.8958 0.000
v 29.9397 68.8958 2.5000
v 29.8952 68.8063 0.000
v 29.8952 68.8063 2.5000
v 27.8152 69.8381 0.000
v 27.8152 69.8381 2.5000
v 29.1311 85.1726 0.000
v 29.1311 85.1726 2.5000
v 25.6949 86.9695 0.000
v 25.6949 86.9695 2.5000
v 25.7412 87.0582 0.000
v 25.7412 87.0582 2.5000
v 29.1774 85.2612 0.000
v 29.1774 85.2612 2.5000
v 28.5525 82.8253 0.000
v 28.5525 82.8253 2.5000
v 24.4061 84.5801 0.000
v 24.4061 84.5801 2.5000
v 24.4451 84.6722 0.000
v 24.4451 84.6722 2.5000
v 28.5915 82.9174 0.000
v 28.5915 82.9174 2.5000
v 27.1220 79.9845 0.000
v 27.1220 79.9845 2.5000
v 22.9624 81.9867 0.000
v 22.9624 81.9867 2.5000
v 23.0057 82.0768 0.000
v 23.0057 82.0768 2.5000
v 27.1653 80.0746 0.000
v 27.1653 80.0746 2.5000
v 26.1946 78.1923 0.000
v 26.1946 78.1923 2.5000
v 22.0509 80.2719 0.000
v 22.0509 80.2719 2.5000
v 22.0957 80.3613 0.000
v 22.0957 80.3613 2.5000
v 26.2394 78.2817 0.000
v 26.2394 78.2817 2.5000
v 25.4373 76.5601 0.000
v 25.4373 76.5601 2.5000
v 21.1030 78.5084 0.000
v 21.1030 78.5084 2.5000
v 21.1439 78.5996 0.000
v 21.1439 78.5996 2.5000
v 25.4783 76.6513 0.000
v 25.4783 76.6513 2.5000
v 24.4808 74.8175 0.000
v 24.4808 74.8175 2.5000
v 20.2312 76.9494 0.000
v 20.2312 76.9494 2.5000
v 20.2760 77.0388 0.000
v 20.2760 77.0388 2.5000
v 24.5256 74.9069 0.000
v 24.5256 74.9069 2.5000
v 23.6094 73.0067 0.000
v 23.6094 73.0067 2.5000
v 19.3187 75.2085 0.000
v 19.3187 75.2085 2.5000
v 19.3644 75.2975 0.000
v 19.3644 75.2975 2.5000
v 23.6551 73.0957 0.000
v 23.6551 73.0957 2.5000
v 37.0149 94.7696 0.000
v 37.0149 94.7696 2.5000
v 33.4646 97.4882 0.000
v 33.4646 97.4882 2.5000
v 33.5254 97.5676 0.000
v 33.5254 97.5676 2.5000
v 37.0757 94.8490 0.000
v 37.0757 94.8490 2.5000
v 32.8755 90.5440 0.000
v 32.8755 90.5440 2.5000
v 31.5449 91.3655 0.000
v 31.5449 91.3655 2.5000
v 31.5974 91.4506 0.000
v 31.5974 91.4506 2.5000
v 32.9280 90.6291 0.000
v 32.9280 90.6291 2.5000
v 33.9273 94.5113 0.000
v 33.9273 94.5113 2.5000
v 35.7514 93.1881 0.000
v 35.7514 93.1881 2.5000
v 35.6927 93.1071 0.000
v 35.6927 93.1071 2.5000
v 33.8686 94.4303 0.000
v 33.8686 94.4303 2.5000
v 43.6144 96.6198 0.000
v 43.6144 96.6198 2.5000
v 40.9116 93.1311 0.000
v 40.9116 93.1311 2.5000
v 40.8326 93.1924 0.000
v 40.8326 93.1924 2.5000
v 43.5353 96.6810 0.000
v 43.5353 96.6810 2.5000
v 40.8935 93.2714 0.000
v 40.8935 93.2714 2.5000
v 43.6331 91.1684 0.000
v 43.6331 91.1684 2.5000
v 43.5722 91.0891 0.000
v 43.5722 91.0891 2.5000
v 40.8326 93.1920 0.000
v 40.8326 93.1920 2.5000
v 40.9129 93.1313 0.000
v 40.9129 93.1313 2.5000
v 38.6221 94.8397 0.000
v 38.6221 94.8397 2.5000
v 38.6819 94.9198 0.000
v 38.6819 94.9198 2.5000
v 40.9727 93.2114 0.000
v 40.9727 93.2114 2.5000
v 39.2086 83.3002 0.000
v 39.2086 83.3002 2.5000
v 43.1035 80.3006 0.000
v 43.1035 80.3006 2.5000
v 43.0424 80.2214 0.000
v 43.0424 80.2214 2.5000
v 39.1475 83.2210 0.000
v 39.1475 83.2210 2.5000
v 40.3296 84.7650 0.000
v 40.3296 84.7650 2.5000
v 44.2517 81.7565 0.000
v 44.2517 81.7565 2.5000
v 44.1909 81.6771 0.000
v 44.1909 81.6771 2.5000
v 40.2688 84.6856 0.000
v 40.2688 84.6856 2.5000
v 41.8198 86.5912 0.000
v 41.8198 86.5912 2.5000
v 45.7163 83.7474 0.000
v 45.7163 83.7474 2.5000
v 45.6573 83.6666 0.000
v 45.6573 83.6666 2.5000
v 41.7609 86.5104 0.000
v 41.7609 86.5104 2.5000
v 44.9123 90.4664 0.000
v 44.9123 90.4664 2.5000
v 48.6781 87.6968 0.000
v 48.6781 87.6968 2.5000
v 48.6188 87.6162 0.000
v 48.6188 87.6162 2.5000
v 44.8531 90.3858 0.000
v 44.8531 90.3858 2.5000
v 46.2940 92.2339 0.000
v 46.2940 92.2339 2.5000
v 50.0278 89.5075 0.000
v 50.0278 89.5075 2.5000
v 49.9689 89.4267 0.000
v 49.9689 89.4267 2.5000
v 46.2351 92.1532 0.000
v 46.2351 92.1532 2.5000
v 52.5475 98.2512 0.000
v 52.5475 98.2512 2.5000
v 55.5035 94.4394 0.000
v 55.5035 94.4394 2.5000
v 55.4245 94.3781 0.000
v 55.4245 94.3781 2.5000
v 52.4684 98.1899 0.000
v 52.4684 98.1899 2.5000
v 56.7835 101.6040 0.000
v 56.7835 101.6040 2.5000
v 59.8253 97.9405 0.000
v 59.8253 97.9405 2.5000
v 59.7483 97.8766 0.000
v 59.7483 97.8766 2.5000
v 56.7066 101.5401 0.000
v 56.7066 101.5401 2.5000
v 59.8955 104.2924 0.000
v 59.8955 104.2924 2.5000
v 62.9641 100.4868 0.000
v 62.9641 100.4868 2.5000
v 62.8863 100.4240 0.000
v 62.8863 100.4240 2.5000
v 59.8177 104.2296 0.000
v 59.8177 104.2296 2.5000
v 61.2904 105.4168 0.000
v 61.2904 105.4168 2.5000
v 64.4435 101.6717 0.000
v 64.4435 101.6717 2.5000
v 64.3670 101.6073 0.000
v 64.3670 101.6073 2.5000
v 61.2139 105.3524 0.000
v 61.2139 105.3524 2.5000
v 63.4432 107.2866 0.000
v 63.4432 107.2866 2.5000
v 66.6803 103.5544 0.000
v 66.6803 103.5544 2.5000
v 66.6047 103.4888 0.000
v 66.6047 103.4888 2.5000
v 63.3677 107.2211 0.000
v 63.3677 107.2211 2.5000
v 49.8486 107.3572 0.000
v 49.8486 107.3572 2.5000
v 46.7871 110.5175 0.000
v 46.7871 110.5175 2.5000
v 46.8589 110.5871 0.000
v 46.8589 110.5871 2.5000
v 49.9204 107.4268 0.000
v 49.9204 107.4268 2.5000
v 45.2508 103.4933 0.000
v 45.2508 103.4933 2.5000
v 42.4560 106.3145 0.000
v 42.4560 106.3145 2.5000
v 42.5270 106.3848 0.000
v 42.5270 106.3848 2.5000
v 45.3218 103.5637 0.000
v 45.3218 103.5637 2.5000
v 42.3479 101.1379 0.000
v 42.3479 101.1379 2.5000
v 39.9240 103.8184 0.000
v 39.9240 103.8184 2.5000
v 39.9982 103.8854 0.000
v 39.9982 103.8854 2.5000
v 42.4220 101.2049 0.000
v 42.4220 101.2049 2.5000
v 40.5830 99.1971 0.000
v 40.5830 99.1971 2.5000
v 37.6783 101.6367 0.000
v 37.6783 101.6367 2.5000
v 37.7426 101.7133 0.000
v 37.7426 101.7133 2.5000
v 40.6473 99.2737 0.000
v 40.6473 99.2737 2.5000
v 45.5825 102.2883 0.000
v 45.5825 102.2883 2.5000
v 49.8353 97.5514 0.000
v 49.8353 97.5514 2.5000
v 49.7609 97.4846 0.000
v 49.7609 97.4846 2.5000
v 45.5081 102.2215 0.000
v 45.5081 102.2215 2.5000
v 45.6444 97.2042 0.000
v 45.6444 97.2042 2.5000
v 48.2055 99.3443 0.000
v 48.2055 99.3443 2.5000
v 48.2696 99.2676 0.000
v 48.2696 99.2676 2.5000
v 45.7085 97.1274 0.000
v 45.7085 97.1274 2.5000
vt 0.000 0.000
vt 0.000 1.0000
vt 4.4521 0.000
vt 4.4521 1.0000
vt 4.5521 0.000
vt 4.5521 1.0000
vt 9.0042 0.000
vt 9.0042 1.0000
vt 0.000 0.000
vt 0.000 1.0000
vt 4.2699 0.000
vt 4.2699 1.0000
vt 4.3699 0.000
vt 4.3699 1.0000
vt 8.6397 0.000
vt 8.6397 1.0000
vt 0.000 0.000
vt 0.000 1.0000
vt 4.5421 0.000
vt 4.5421 1.0000
vt 4.6421 0.000
vt 4.6421 1.0000
vt 9.1841 0.000
vt 9.1841 1.0000
vt 0.000 0.000
vt 0.000 1.0000
vt 5.2143 0.000
vt 5.2143 1.0000
vt 5.3143 0.000
vt 5.3143 1.0000
vt 10.5286 0.000
vt 10.5286 1.0000
vt 0.000 0.000
vt 0.000 1.0000
vt 5.6818 0.000
vt 5.6818 1.0000
vt 5.7818 0.000
vt 5.7818 1.0000
vt 11.4637 0.000
vt 11.4637 1.0000
vt 0.000 0.000
vt 0.000 1.0000
vt 5.5210 0.000
vt 5.5210 1.0000
vt 5.6210 0.000
vt 5.6210 1.0000
vt 11.1420 0.000
vt 11.1420 1.0000
vt 0.000 0.000
vt 0.000 1.0000
vt 5.2552 0.000
vt 5.2552 1.0000
vt 5.3552 0.000
vt 5.3552 1.0000
vt 10.6104 0.000
vt 10.6104 1.0000
vt 0.000 0.000
vt 0.000 1.0000
vt 5.1990 0.000
vt 5.1990 1.0000
vt 5.2990 0.000
vt 5.2990 1.0000
vt 10.4980 0.000
vt 10.4980 1.0000
vt 0.000 0.000
vt 0.000 1.0000
vt 5.0794 0.000
vt 5.0794 1.0000
vt 5.1794 0.000
vt 5.1794 1.0000
vt 10.2589 0.000
vt 10.2589 1.0000
vt 0.000 0.000
vt 0.000 1.0000
vt 4.8985 0.000
vt 4.8985 1.0000
vt 4.9985 0.000
vt 4.9985 1.0000
vt 9.8969 0.000
vt 9.8969 1.0000
vt 0.000 0.000
vt 0.000 1.0000
vt 4.9204 0.000
vt 4.9204 1.0000
vt 5.0204 0.000
vt 5.0204 1.0000
vt 9.9408 0.000
vt 9.9408 1.0000
vt 0.000 0.000
vt 0.000 1.0000
vt 0.9675 0.000
vt 0.9675 1.0000
vt 1.0675 0.000
vt 1.0675 1.0000
vt 2.0351 0.000
vt 2.0351 1.0000
vt 0.000 0.000
vt 0.000 1.0000
vt 2.7288 0.000
vt 2.7288 1.0000
vt 2.8288 0.000
vt 2.8288 1.0000
vt 5.5576 0.000
vt 5.5576 1.0000
vt 0.000 0.000
vt 0.000 1.0000
vt 1.5968 0.000
vt 1.5968 1.0000
vt 1.6968 0.000
vt 1.6968 1.0000
vt 3.2936 0.000
vt 3.2936 1.0000
vt 0.000 0.000
vt 0.000 1.0000
vt 2.8925 0.000
vt 2.8925 1.0000
vt 2.9925 0.000
vt 2.9925 1.0000
vt 5.8851 0.000
vt 5.8851 1.0000
vt 0.000 0.000
vt 0.000 1.0000
vt 2.9391 0.000
vt 2.9391 1.0000
vt 3.0391 0.000
vt 3.0391 1.0000
vt 5.9782 0.000
vt 5.9782 1.0000
vt 0.000 0.000
vt 0.000 1.0000
vt 2.1161 0.000
vt 2.1161 1.0000
vt 2.2161 0.000
vt 2.2161 1.0000
vt 4.3322 0.000
vt 4.3322 1.0000
vt 0.000 0.000
vt 0.000 1.0000
vt 2.0016 0.000
vt 2.0016 1.0000
vt 2.1016 0.000
vt 2.1016 1.0000
vt 4.1033 0.000
vt 4.1033 1.0000
vt 0.000 0.000
vt 0.000 1.0000
vt 0.5009 0.000
vt 0.5009 1.0000
vt 0.6009 0.000
vt 0.6009 1.0000
vt 1.1017 0.000
vt 1.1017 1.0000
vt 0.000 0.000
vt 0.000 1.0000
vt 1.4606 0.000
vt 1.4606 1.0000
vt 1.5606 0.000
vt 1.5606 1.0000
vt 3.0211 0.000
vt 3.0211 1.0000
vt 0.000 0.000
vt 0.000 1.0000
vt 0.9863 0.000
vt 0.9863 1.0000
vt 1.0863 0.000
vt 1.0863 1.0000
vt 2.0725 0.000
vt 2.0725 1.0000
vt 0.000 0.000
vt 0.000 1.0000
vt 1.7682 0.000
vt 1.7682 1.0000
vt 1.8682 0.000
vt 1.8682 1.0000
vt 3.6364 0.000
vt 3.6364 1.0000
vt 0.000 0.000
vt 0.000 1.0000
vt 2.0024 0.000
vt 2.0024 1.0000
vt 2.1024 0.000
vt 2.1024 1.0000
vt 4.1047 0.000
vt 4.1047 1.0000
vt 0.000 0.000
vt 0.000 1.0000
vt 1.5712 0.000
vt 1.5712 1.0000
vt 1.6712 0.000
vt 1.6712 1.0000
vt 3.2424 0.000
vt 3.2424 1.0000
vt 0.000 0.000
vt 0.000 1.0000
vt 2.6355 0.000
vt 2.6355 1.0000
vt 2.7355 0.000
vt 2.7355 1.0000
vt 5.3709 0.000
vt 5.3709 1.0000
vt 0.000 0.000
vt 0.000 1.0000
vt 0.5684 0.000
vt 0.5684 1.0000
vt 0.6684 0.000
vt 0.6684 1.0000
vt 1.2368 0.000
vt 1.2368 1.0000
vt 0.000 0.000
vt 0.000 1.0000
vt 0.8610 0.000
vt 0.8610 1.0000
vt 0.9610 0.000
vt 0.9610 1.0000
vt 1.8221 0.000
vt 1.8221 1.0000
vt 0.000 0.000
vt 0.000 1.0000
vt 0.6595 0.000
vt 0.6595 1.0000
vt 0.7595 0.000
vt 0.7595 1.0000
vt 1.4190 0.000
vt 1.4190 1.0000
vt 0.000 0.000
vt 0.000 1.0000
vt 0.6511 0.000
vt 0.6511 1.0000
vt 0.7511 0.000
vt 0.7511 1.0000
vt 1.4023 0.000
vt 1.4023 1.0000
vt 0.000 0.000
vt 0.000 1.0000
vt 1.8974 0.000
vt 1.8974 1.0000
vt 1.9974 0.000
vt 1.9974 1.0000
vt 3.8947 0.000
vt 3.8947 1.0000
vt 0.000 0.000
vt 0.000 1.0000
vt 1.0573 0.000
vt 1.0573 1.0000
vt 1.1573 0.000
vt 1.1573 1.0000
vt 2.2146 0.000
vt 2.2146 1.0000
vt 0.000 0.000
vt 0.000 1.0000
vt 0.9978 0.000
vt 0.9978 1.0000
vt 1.0978 0.000
vt 1.0978 1.0000
vt 2.0957 0.000
vt 2.0957 1.0000
vt 0.000 0.000
vt 0.000 1.0000
vt 1.5475 0.000
vt 1.5475 1.0000
vt 1.6475 0.000
vt 1.6475 1.0000
vt 3.1950 0.000
vt 3.1950 1.0000
vt 0.000 0.000
vt 0.000 1.0000
vt 1.0173 0.000
vt 1.0173 1.0000
vt 1.1173 0.000
vt 1.1173 1.0000
vt 2.1347 0.000
vt 2.1347 1.0000
vt 0.000 0.000
vt 0.000 1.0000
vt 1.3823 0.000
vt 1.3823 1.0000
vt 1.4823 0.000
vt 1.4823 1.0000
vt 2.8645 0.000
vt 2.8645 1.0000
vt 0.000 0.000
vt 0.000 1.0000
vt 1.4697 0.000
vt 1.4697 1.0000
vt 1.5697 0.000
vt 1.5697 1.0000
vt 3.0394 0.000
vt 3.0394 1.0000
vt 0.000 0.000
vt 0.000 1.0000
vt 1.4934 0.000
vt 1.4934 1.0000
vt 1.5934 0.000
vt 1.5934 1.0000
vt 3.0867 0.000
vt 3.0867 1.0000
vt 0.000 0.000
vt 0.000 1.0000
vt 1.4556 0.000
vt 1.4556 1.0000
vt 1.5556 0.000
vt 1.5556 1.0000
vt 3.0111 0.000
vt 3.0111 1.0000
vt 0.000 0.000
vt 0.000 1.0000
vt 0.4702 0.000
vt 0.4702 1.0000
vt 0.5702 0.000
vt 0.5702 1.0000
vt 1.0405 0.000
vt 1.0405 1.0000
vt 0.000 0.000
vt 0.000 1.0000
vt 0.4289 0.000
vt 0.4289 1.0000
vt 0.5289 0.000
vt 0.5289 1.0000
vt 0.9578 0.000
vt 0.9578 1.0000
vt 0.000 0.000
vt 0.000 1.0000
vt 0.5280 0.000
vt 0.5280 1.0000
vt 0.6280 0.000
vt 0.6280 1.0000
vt 1.1560 0.000
vt 1.1560 1.0000
vt 0.000 0.000
vt 0.000 1.0000
vt 0.6295 0.000
vt 0.6295 1.0000
vt 0.7295 0.000
vt 0.7295 1.0000
vt 1.3591 0.000
vt 1.3591 1.0000
vt 0.000 0.000
vt 0.000 1.0000
vt 0.7882 0.000
vt 0.7882 1.0000
vt 0.8882 0.000
vt 0.8882 1.0000
vt 1.6764 0.000
vt 1.6764 1.0000
vt 0.000 0.000
vt 0.000 1.0000
vt 2.5652 0.000
vt 2.5652 1.0000
vt 2.6652 0.000
vt 2.6652 1.0000
vt 5.2303 0.000
vt 5.2303 1.0000
vt 0.000 0.000
vt 0.000 1.0000
vt 3.6221 0.000
vt 3.6221 1.0000
vt 3.7221 0.000
vt 3.7221 1.0000
vt 7.3443 0.000
vt 7.3443 1.0000
vt 0.000 0.000
vt 0.000 1.0000
vt 2.5646 0.000
vt 2.5646 1.0000
vt 2.6646 0.000
vt 2.6646 1.0000
vt 5.2291 0.000
vt 5.2291 1.0000
vt 0.000 0.000
vt 0.000 1.0000
vt 0.5502 0.000
vt 0.5502 1.0000
vt 0.6502 0.000
vt 0.6502 1.0000
vt 1.2005 0.000
vt 1.2005 1.0000
vt 0.000 0.000
vt 0.000 1.0000
vt 0.4783 0.000
vt 0.4783 1.0000
vt 0.5783 0.000
vt 0.5783 1.0000
vt 1.0566 0.000
vt 1.0566 1.0000
vt 0.000 0.000
vt 0.000 1.0000
vt 1.2715 0.000
vt 1.2715 1.0000
vt 1.3715 0.000
vt 1.3715 1.0000
vt 2.6431 0.000
vt 2.6431 1.0000
vt 0.000 0.000
vt 0.000 1.0000
vt 1.9323 0.000
vt 1.9323 1.0000
vt 2.0323 0.000
vt 2.0323 1.0000
vt 3.9645 0.000
vt 3.9645 1.0000
vt 0.000 0.000
vt 0.000 1.0000
vt 22.6124 0.000
vt 22.6124 1.0000
vt 22.7124 0.000
vt 22.7124 1.0000
vt 45.3247 0.000
vt 45.3247 1.0000
vt 0.000 0.000
vt 0.000 1.0000
vt 1.3763 0.000
vt 1.3763 1.0000
vt 1.4763 0.000
vt 1.4763 1.0000
vt 2.8526 0.000
vt 2.8526 1.0000
vt 0.000 0.000
vt 0.000 1.0000
vt 2.6023 0.000
vt 2.6023 1.0000
vt 2.7023 0.000
vt 2.7023 1.0000
vt 5.3045 0.000
vt 5.3045 1.0000
vt 0.000 0.000
vt 0.000 1.0000
vt 1.0914 0.000
vt 1.0914 1.0000
vt 1.1914 0.000
vt 1.1914 1.0000
vt 2.2828 0.000
vt 2.2828 1.0000
vt 0.000 0.000
vt 0.000 1.0000
vt 6.3086 0.000
vt 6.3086 1.0000
vt 6.4086 0.000
vt 6.4086 1.0000
vt 12.7172 0.000
vt 12.7172 1.0000
vt 0.000 0.000
vt 0.000 1.0000
vt 17.2232 0.000
vt 17.2232 1.0000
vt 17.3232 0.000
vt 17.3232 1.0000
vt 34.5463 0.000
vt 34.5463 1.0000
vt 0.000 0.000
vt 0.000 1.0000
vt 2.3305 0.000
vt 2.3305 1.0000
vt 2.4305 0.000
vt 2.4305 1.0000
vt 4.7611 0.000
vt 4.7611 1.0000
vt 0.000 0.000
vt 0.000 1.0000
vt 1.1836 0.000
vt 1.1836 1.0000
vt 1.2836 0.000
vt 1.2836 1.0000
vt 2.4672 0.000
vt 2.4672 1.0000
vt 0.000 0.000
vt 0.000 1.0000
vt 1.5487 0.000
vt 1.5487 1.0000
vt 1.6487 0.000
vt 1.6487 1.0000
vt 3.1973 0.000
vt 3.1973 1.0000
vt 0.000 0.000
vt 0.000 1.0000
vt 0.7805 0.000
vt 0.7805 1.0000
vt 0.8805 0.000
vt 0.8805 1.0000
vt 1.6610 0.000
vt 1.6610 1.0000
vt 0.000 0.000
vt 0.000 1.0000
vt 2.2799 0.000
vt 2.2799 1.0000
vt 2.3799 0.000
vt 2.3799 1.0000
vt 4.6597 0.000
vt 4.6597 1.0000
vt 0.000 0.000
vt 0.000 1.0000
vt 15.0109 0.000
vt 15.0109 1.0000
vt 15.1109 0.000
vt 15.1109 1.0000
vt 30.1218 0.000
vt 30.1218 1.0000
vt 0.000 0.000
vt 0.000 1.0000
vt 14.9367 0.000
vt 14.9367 1.0000
vt 15.0367 0.000
vt 15.0367 1.0000
vt 29.9733 0.000
vt 29.9733 1.0000
vt 0.000 0.000
vt 0.000 1.0000
vt 22.8139 0.000
vt 22.8139 1.0000
vt 22.9139 0.000
vt 22.9139 1.0000
vt 45.7278 0.000
vt 45.7278 1.0000
vt 0.000 0.000
vt 0.000 1.0000
vt 6.2131 0.000
vt 6.2131 1.0000
vt 6.3131 0.000
vt 6.3131 1.0000
vt 12.5262 0.000
vt 12.5262 1.0000
vt 0.000 0.000
vt 0.000 1.0000
vt 4.3311 0.000
vt 4.3311 1.0000
vt 4.4311 0.000
vt 4.4311 1.0000
vt 8.7623 0.000
vt 8.7623 1.0000
vt 0.000 0.000
vt 0.000 1.0000
vt 3.1502 0.000
vt 3.1502 1.0000
vt 3.2502 0.000
vt 3.2502 1.0000
vt 6.4004 0.000
vt 6.4004 1.0000
vt 0.000 0.000
vt 0.000 1.0000
vt 3.7812 0.000
vt 3.7812 1.0000
vt 3.8812 0.000
vt 3.8812 1.0000
vt 7.6624 0.000
vt 7.6624 1.0000
vt 0.000 0.000
vt 0.000 1.0000
vt 1.8541 0.000
vt 1.8541 1.0000
vt 1.9541 0.000
vt 1.9541 1.0000
vt 3.8081 0.000
vt 3.8081 1.0000
vt 0.000 0.000
vt 0.000 1.0000
vt 2.7858 0.000
vt 2.7858 1.0000
vt 2.8858 0.000
vt 2.8858 1.0000
vt 5.6717 0.000
vt 5.6717 1.0000
vt 0.000 0.000
vt 0.000 1.0000
vt 2.6329 0.000
vt 2.6329 1.0000
vt 2.7329 0.000
vt 2.7329 1.0000
vt 5.3657 0.000
vt 5.3657 1.0000
vt 0.000 0.000
vt 0.000 1.0000
vt 3.5065 0.000
vt 3.5065 1.0000
vt 3.6065 0.000
vt 3.6065 1.0000
vt 7.1129 0.000
vt 7.1129 1.0000
vt 0.000 0.000
vt 0.000 1.0000
vt 1.4037 0.000
vt 1.4037 1.0000
vt 1.5037 0.000
vt 1.5037 1.0000
vt 2.9073 0.000
vt 2.9073 1.0000
vt 0.000 0.000
vt 0.000 1.0000
vt 3.2571 0.000
vt 3.2571 1.0000
vt 3.3571 0.000
vt 3.3571 1.0000
vt 6.6142 0.000
vt 6.6142 1.0000
vt 0.000 0.000
vt 0.000 1.0000
vt 2.6550 0.000
vt 2.6550 1.0000
vt 2.7550 0.000
vt 2.7550 1.0000
vt 5.4100 0.000
vt 5.4100 1.0000
vt 0.000 0.000
vt 0.000 1.0000
vt 4.7463 0.000
vt 4.7463 1.0000
vt 4.8463 0.000
vt 4.8463 1.0000
vt 9.5927 0.000
vt 9.5927 1.0000
vt 0.000 0.000
vt 0.000 1.0000
vt 4.8005 0.000
vt 4.8005 1.0000
vt 4.9005 0.000
vt 4.9005 1.0000
vt 9.7010 0.000
vt 9.7010 1.0000
vt 0.000 0.000
vt 0.000 1.0000
vt 16.0410 0.000
vt 16.0410 1.0000
vt 16.1410 0.000
vt 16.1410 1.0000
vt 32.1821 0.000
vt 32.1821 1.0000
vt 0.000 0.000
vt 0.000 1.0000
vt 13.2297 0.000
vt 13.2297 1.0000
vt 13.3297 0.000
vt 13.3297 1.0000
vt 26.5594 0.000
vt 26.5594 1.0000
vt 0.000 0.000
vt 0.000 1.0000
vt 0.6346 0.000
vt 0.6346 1.0000
vt 0.7346 0.000
vt 0.7346 1.0000
vt 1.3692 0.000
vt 1.3692 1.0000
vt 0.000 0.000
vt 0.000 1.0000
vt 2.3196 0.000
vt 2.3196 1.0000
vt 2.4196 0.000
vt 2.4196 1.0000
vt 4.7391 0.000
vt 4.7391 1.0000
vt 0.000 0.000
vt 0.000 1.0000
vt 1.4446 0.000
vt 1.4446 1.0000
vt 1.5446 0.000
vt 1.5446 1.0000
vt 2.9893 0.000
vt 2.9893 1.0000
vt 0.000 0.000
vt 0.000 1.0000
vt 5.9879 0.000
vt 5.9879 1.0000
vt 6.0879 0.000
vt 6.0879 1.0000
vt 12.0758 0.000
vt 12.0758 1.0000
vt 0.000 0.000
vt 0.000 1.0000
vt 2.5130 0.000
vt 2.5130 1.0000
vt 2.6130 0.000
vt 2.6130 1.0000
vt 5.1261 0.000
vt 5.1261 1.0000
vt 0.000 0.000
vt 0.000 1.0000
vt 6.8985 0.000
vt 6.8985 1.0000
vt 6.9985 0.000
vt 6.9985 1.0000
vt 13.8970 0.000
vt 13.8970 1.0000
vt 0.000 0.000
vt 0.000 1.0000
vt 27.4051 0.000
vt 27.4051 1.0000
vt 27.5051 0.000
vt 27.5051 1.0000
vt 54.9101 0.000
vt 54.9101 1.0000
vt 0.000 0.000
vt 0.000 1.0000
vt 10.9099 0.000
vt 10.9099 1.0000
vt 11.0099 0.000
vt 11.0099 1.0000
vt 21.9199 0.000
vt 21.9199 1.0000
vt 0.000 0.000
vt 0.000 1.0000
vt 28.0604 0.000
vt 28.0604 1.0000
vt 28.1604 0.000
vt 28.1604 1.0000
vt 56.2209 0.000
vt 56.2209 1.0000
vt 0.000 0.000
vt 0.000 1.0000
vt 15.0379 0.000
vt 15.0379 1.0000
vt 15.1379 0.000
vt 15.1379 1.0000
vt 30.1758 0.000
vt 30.1758 1.0000
vt 0.000 0.000
vt 0.000 1.0000
vt 33.3081 0.000
vt 33.3081 1.0000
vt 33.4081 0.000
vt 33.4081 1.0000
vt 66.7162 0.000
vt 66.7162 1.0000
vt 0.000 0.000
vt 0.000 1.0000
vt 14.1678 0.000
vt 14.1678 1.0000
vt 14.2678 0.000
vt 14.2678 1.0000
vt 28.4357 0.000
vt 28.4357 1.0000
vt 0.000 0.000
vt 0.000 1.0000
vt 14.0175 0.000
vt 14.0175 1.0000
vt 14.1175 0.000
vt 14.1175 1.0000
vt 28.1349 0.000
vt 28.1349 1.0000
vt 0.000 0.000
vt 0.000 1.0000
vt 11.2012 0.000
vt 11.2012 1.0000
vt 11.3012 0.000
vt 11.3012 1.0000
vt 22.5023 0.000
vt 22.5023 1.0000
vt 0.000 0.000
vt 0.000 1.0000
vt 26.5940 0.000
vt 26.5940 1.0000
vt 26.6940 0.000
vt 26.6940 1.0000
vt 53.2881 0.000
vt 53.2881 1.0000
vt 0.000 0.000
vt 0.000 1.0000
vt 1.2296 0.000
vt 1.2296 1.0000
vt 1.3296 0.000
vt 1.3296 1.0000
vt 2.5592 0.000
vt 2.5592 1.0000
vt 0.000 0.000
vt 0.000 1.0000
vt 26.3337 0.000
vt 26.3337 1.0000
vt 26.4337 0.000
vt 26.4337 1.0000
vt 52.7674 0.000
vt 52.7674 1.0000
vt 0.000 0.000
vt 0.000 1.0000
vt 1.4651 0.000
vt 1.4651 1.0000
vt 1.5651 0.000
vt 1.5651 1.0000
vt 3.0303 0.000
vt 3.0303 1.0000
vt 0.000 0.000
vt 0.000 1.0000
vt 2.0295 0.000
vt 2.0295 1.0000
vt 2.1295 0.000
vt 2.1295 1.0000
vt 4.1590 0.000
vt 4.1590 1.0000
vt 0.000 0.000
vt 0.000 1.0000
vt 16.7589 0.000
vt 16.7589 1.0000
vt 16.8589 0.000
vt 16.8589 1.0000
vt 33.6179 0.000
vt 33.6179 1.0000
vt 0.000 0.000
vt 0.000 1.0000
vt 4.6688 0.000
vt 4.6688 1.0000
vt 4.7688 0.000
vt 4.7688 1.0000
vt 9.4375 0.000
vt 9.4375 1.0000
vt 0.000 0.000
vt 0.000 1.0000
vt 4.5254 0.000
vt 4.5254 1.0000
vt 4.6254 0.000
vt 4.6254 1.0000
vt 9.1507 0.000
vt 9.1507 1.0000
vt 0.000 0.000
vt 0.000 1.0000
vt 0.8422 0.000
vt 0.8422 1.0000
vt 0.9422 0.000
vt 0.9422 1.0000
vt 1.7843 0.000
vt 1.7843 1.0000
vt 0.000 0.000
vt 0.000 1.0000
vt 13.8566 0.000
vt 13.8566 1.0000
vt 13.9566 0.000
vt 13.9566 1.0000
vt 27.8131 0.000
vt 27.8131 1.0000
vt 0.000 0.000
vt 0.000 1.0000
vt 6.0830 0.000
vt 6.0830 1.0000
vt 6.1830 0.000
vt 6.1830 1.0000
vt 12.2660 0.000
vt 12.2660 1.0000
vt 0.000 0.000
vt 0.000 1.0000
vt 15.1239 0.000
vt 15.1239 1.0000
vt 15.2239 0.000
vt 15.2239 1.0000
vt 30.3477 0.000
vt 30.3477 1.0000
vt 0.000 0.000
vt 0.000 1.0000
vt 6.4173 0.000
vt 6.4173 1.0000
vt 6.5173 0.000
vt 6.5173 1.0000
vt 12.9346 0.000
vt 12.9346 1.0000
vt 0.000 0.000
vt 0.000 1.0000
vt 14.8256 0.000
vt 14.8256 1.0000
vt 14.9256 0.000
vt 14.9256 1.0000
vt 29.7513 0.000
vt 29.7513 1.0000
vt 0.000 0.000
vt 0.000 1.0000
vt 6.4255 0.000
vt 6.4255 1.0000
vt 6.5255 0.000
vt 6.5255 1.0000
vt 12.9510 0.000
vt 12.9510 1.0000
vt 0.000 0.000
vt 0.000 1.0000
vt 22.5903 0.000
vt 22.5903 1.0000
vt 22.6903 0.000
vt 22.6903 1.0000
vt 45.2806 0.000
vt 45.2806 1.0000
vt 0.000 0.000
vt 0.000 1.0000
vt 3.0203 0.000
vt 3.0203 1.0000
vt 3.1203 0.000
vt 3.1203 1.0000
vt 6.1406 0.000
vt 6.1406 1.0000
vt 0.000 0.000
vt 0.000 1.0000
vt 0.6479 0.000
vt 0.6479 1.0000
vt 0.7479 0.000
vt 0.7479 1.0000
vt 1.3957 0.000
vt 1.3957 1.0000
vt 0.000 0.000
vt 0.000 1.0000
vt 0.9558 0.000
vt 0.9558 1.0000
vt 1.0558 0.000
vt 1.0558 1.0000
vt 2.0115 0.000
vt 2.0115 1.0000
vt 0.000 0.000
vt 0.000 1.0000
vt 0.8830 0.000
vt 0.8830 1.0000
vt 0.9830 0.000
vt 0.9830 1.0000
vt 1.8660 0.000
vt 1.8660 1.0000
vt 0.000 0.000
vt 0.000 1.0000
vt 1.7221 0.000
vt 1.7221 1.0000
vt 1.8221 0.000
vt 1.8221 1.0000
vt 3.5442 0.000
vt 3.5442 1.0000
vt 0.000 0.000
vt 0.000 1.0000
vt 0.6794 0.000
vt 0.6794 1.0000
vt 0.7794 0.000
vt 0.7794 1.0000
vt 1.4587 0.000
vt 1.4587 1.0000
vt 0.000 0.000
vt 0.000 1.0000
vt 0.7379 0.000
vt 0.7379 1.0000
vt 0.8379 0.000
vt 0.8379 1.0000
vt 1.5759 0.000
vt 1.5759 1.0000
vt 0.000 0.000
vt 0.000 1.0000
vt 6.3153 0.000
vt 6.3153 1.0000
vt 6.4153 0.000
vt 6.4153 1.0000
vt 12.7307 0.000
vt 12.7307 1.0000
vt 0.000 0.000
vt 0.000 1.0000
vt 4.5742 0.000
vt 4.5742 1.0000
vt 4.6742 0.000
vt 4.6742 1.0000
vt 9.2485 0.000
vt 9.2485 1.0000
vt 0.000 0.000
vt 0.000 1.0000
vt 10.8430 0.000
vt 10.8430 1.0000
vt 10.9430 0.000
vt 10.9430 1.0000
vt 21.7861 0.000
vt 21.7861 1.0000
vt 0.000 0.000
vt 0.000 1.0000
vt 0.6314 0.000
vt 0.6314 1.0000
vt 0.7314 0.000
vt 0.7314 1.0000
vt 1.3629 0.000
vt 1.3629 1.0000
vt 0.000 0.000
vt 0.000 1.0000
vt 4.6477 0.000
vt 4.6477 1.0000
vt 4.7477 0.000
vt 4.7477 1.0000
vt 9.3955 0.000
vt 9.3955 1.0000
vt 0.000 0.000
vt 0.000 1.0000
vt 0.7873 0.000
vt 0.7873 1.0000
vt 0.8873 0.000
vt 0.8873 1.0000
vt 1.6746 0.000
vt 1.6746 1.0000
vt 0.000 0.000
vt 0.000 1.0000
vt 8.4209 0.000
vt 8.4209 1.0000
vt 8.5209 0.000
vt 8.5209 1.0000
vt 16.9418 0.000
vt 16.9418 1.0000
vt 0.000 0.000
vt 0.000 1.0000
vt 4.0801 0.000
vt 4.0801 1.0000
vt 4.1801 0.000
vt 4.1801 1.0000
vt 8.2603 0.000
vt 8.2603 1.0000
vt 0.000 0.000
vt 0.000 1.0000
vt 0.4347 0.000
vt 0.4347 1.0000
vt 0.5347 0.000
vt 0.5347 1.0000
vt 0.9695 0.000
vt 0.9695 1.0000
vt 0.000 0.000
vt 0.000 1.0000
vt 1.0735 0.000
vt 1.0735 1.0000
vt 1.1735 0.000
vt 1.1735 1.0000
vt 2.2469 0.000
vt 2.2469 1.0000
vt 0.000 0.000
vt 0.000 1.0000
vt 1.3530 0.000
vt 1.3530 1.0000
vt 1.4530 0.000
vt 1.4530 1.0000
vt 2.8060 0.000
vt 2.8060 1.0000
vt 0.000 0.000
vt 0.000 1.0000
vt 1.8313 0.000
vt 1.8313 1.0000
vt 1.9313 0.000
vt 1.9313 1.0000
vt 3.7625 0.000
vt 3.7625 1.0000
vt 0.000 0.000
vt 0.000 1.0000
vt 1.6392 0.000
vt 1.6392 1.0000
vt 1.7392 0.000
vt 1.7392 1.0000
vt 3.3784 0.000
vt 3.3784 1.0000
vt 0.000 0.000
vt 0.000 1.0000
vt 1.7536 0.000
vt 1.7536 1.0000
vt 1.8536 0.000
vt 1.8536 1.0000
vt 3.6071 0.000
vt 3.6071 1.0000
vt 0.000 0.000
vt 0.000 1.0000
vt 1.7718 0.000
vt 1.7718 1.0000
vt 1.8718 0.000
vt 1.8718 1.0000
vt 3.6435 0.000
vt 3.6435 1.0000
vt 0.000 0.000
vt 0.000 1.0000
vt 1.4745 0.000
vt 1.4745 1.0000
vt 1.5745 0.000
vt 1.5745 1.0000
vt 3.0490 0.000
vt 3.0490 1.0000
vt 0.000 0.000
vt 0.000 1.0000
vt 1.8799 0.000
vt 1.8799 1.0000
vt 1.9799 0.000
vt 1.9799 1.0000
vt 3.8597 0.000
vt 3.8597 1.0000
vt 0.000 0.000
vt 0.000 1.0000
vt 2.9646 0.000
vt 2.9646 1.0000
vt 3.0646 0.000
vt 3.0646 1.0000
vt 6.0293 0.000
vt 6.0293 1.0000
vt 0.000 0.000
vt 0.000 1.0000
vt 2.3314 0.000
vt 2.3314 1.0000
vt 2.4314 0.000
vt 2.4314 1.0000
vt 4.7628 0.000
vt 4.7628 1.0000
vt 0.000 0.000
vt 0.000 1.0000
vt 2.6975 0.000
vt 2.6975 1.0000
vt 2.7975 0.000
vt 2.7975 1.0000
vt 5.4950 0.000
vt 5.4950 1.0000
vt 0.000 0.000
vt 0.000 1.0000
vt 2.4426 0.000
vt 2.4426 1.0000
vt 2.5426 0.000
vt 2.5426 1.0000
vt 4.9852 0.000
vt 4.9852 1.0000
vt 0.000 0.000
vt 0.000 1.0000
vt 8.1937 0.000
vt 8.1937 1.0000
vt 8.2937 0.000
vt 8.2937 1.0000
vt 16.4874 0.000
vt 16.4874 1.0000
vt 0.000 0.000
vt 0.000 1.0000
vt 0.5595 0.000
vt 0.5595 1.0000
vt 0.6595 0.000
vt 0.6595 1.0000
vt 1.2191 0.000
vt 1.2191 1.0000
vt 0.000 0.000
vt 0.000 1.0000
vt 4.5370 0.000
vt 4.5370 1.0000
vt 4.6370 0.000
vt 4.6370 1.0000
vt 9.1741 0.000
vt 9.1741 1.0000
vt 0.000 0.000
vt 0.000 1.0000
vt 0.6789 0.000
vt 0.6789 1.0000
vt 0.7789 0.000
vt 0.7789 1.0000
vt 1.4578 0.000
vt 1.4578 1.0000
vt 0.000 0.000
vt 0.000 1.0000
vt 10.4787 0.000
vt 10.4787 1.0000
vt 10.5787 0.000
vt 10.5787 1.0000
vt 21.0573 0.000
vt 21.0573 1.0000
vt 0.000 0.000
vt 0.000 1.0000
vt 1.1832 0.000
vt 1.1832 1.0000
vt 1.2832 0.000
vt 1.2832 1.0000
vt 2.4663 0.000
vt 2.4663 1.0000
vt 0.000 0.000
vt 0.000 1.0000
vt 1.4512 0.000
vt 1.4512 1.0000
vt 1.5512 0.000
vt 1.5512 1.0000
vt 3.0023 0.000
vt 3.0023 1.0000
vt 0.000 0.000
vt 0.000 1.0000
vt 4.6278 0.000
vt 4.6278 1.0000
vt 4.7278 0.000
vt 4.7278 1.0000
vt 9.3556 0.000
vt 9.3556 1.0000
vt 0.000 0.000
vt 0.000 1.0000
vt 1.5701 0.000
vt 1.5701 1.0000
vt 1.6701 0.000
vt 1.6701 1.0000
vt 3.2403 0.000
vt 3.2403 1.0000
vt 0.000 0.000
vt 0.000 1.0000
vt 0.8135 0.000
vt 0.8135 1.0000
vt 0.9135 0.000
vt 0.9135 1.0000
vt 1.7270 0.000
vt 1.7270 1.0000
vt 0.000 0.000
vt 0.000 1.0000
vt 2.3010 0.000
vt 2.3010 1.0000
vt 2.4010 0.000
vt 2.4010 1.0000
vt 4.7020 0.000
vt 4.7020 1.0000
vt 0.000 0.000
vt 0.000 1.0000
vt 0.3716 0.000
vt 0.3716 1.0000
vt 0.4716 0.000
vt 0.4716 1.0000
vt 0.8432 0.000
vt 0.8432 1.0000
vt 0.000 0.000
vt 0.000 1.0000
vt 2.4710 0.000
vt 2.4710 1.0000
vt 2.5710 0.000
vt 2.5710 1.0000
vt 5.0419 0.000
vt 5.0419 1.0000
vt 0.000 0.000
vt 0.000 1.0000
vt 15.4284 0.000
vt 15.4284 1.0000
vt 15.5284 0.000
vt 15.5284 1.0000
vt 30.9567 0.000
vt 30.9567 1.0000
vt 0.000 0.000
vt 0.000 1.0000
vt 6.5369 0.000
vt 6.5369 1.0000
vt 6.6369 0.000
vt 6.6369 1.0000
vt 13.1738 0.000
vt 13.1738 1.0000
vt 0.000 0.000
vt 0.000 1.0000
vt 4.3168 0.000
vt 4.3168 1.0000
vt 4.4168 0.000
vt 4.4168 1.0000
vt 8.7336 0.000
vt 8.7336 1.0000
vt 0.000 0.000
vt 0.000 1.0000
vt 9.1836 0.000
vt 9.1836 1.0000
vt 9.2836 0.000
vt 9.2836 1.0000
vt 18.4671 0.000
vt 18.4671 1.0000
vt 0.000 0.000
vt 0.000 1.0000
vt 5.4142 0.000
vt 5.4142 1.0000
vt 5.5142 0.000
vt 5.5142 1.0000
vt 10.9284 0.000
vt 10.9284 1.0000
vt 0.000 0.000
vt 0.000 1.0000
vt 5.8181 0.000
vt 5.8181 1.0000
vt 5.9181 0.000
vt 5.9181 1.0000
vt 11.7362 0.000
vt 11.7362 1.0000
vt 0.000 0.000
vt 0.000 1.0000
vt 5.4600 0.000
vt 5.4600 1.0000
vt 5.5600 0.000
vt 5.5600 1.0000
vt 11.0201 0.000
vt 11.0201 1.0000
vt 0.000 0.000
vt 0.000 1.0000
vt 0.6510 0.000
vt 0.6510 1.0000
vt 0.7510 0.000
vt 0.7510 1.0000
vt 1.4021 0.000
vt 1.4021 1.0000
vt 0.000 0.000
vt 0.000 1.0000
vt 0.5600 0.000
vt 0.5600 1.0000
vt 0.6600 0.000
vt 0.6600 1.0000
vt 1.2199 0.000
vt 1.2199 1.0000
vt 0.000 0.000
vt 0.000 1.0000
vt 1.2273 0.000
vt 1.2273 1.0000
vt 1.3273 0.000
vt 1.3273 1.0000
vt 2.5547 0.000
vt 2.5547 1.0000
vt 0.000 0.000
vt 0.000 1.0000
vt 0.7625 0.000
vt 0.7625 1.0000
vt 0.8625 0.000
vt 0.8625 1.0000
vt 1.6250 0.000
vt 1.6250 1.0000
vt 0.000 0.000
vt 0.000 1.0000
vt 3.6758 0.000
vt 3.6758 1.0000
vt 3.7758 0.000
vt 3.7758 1.0000
vt 7.4515 0.000
vt 7.4515 1.0000
vt 0.000 0.000
vt 0.000 1.0000
vt 5.1273 0.000
vt 5.1273 1.0000
vt 5.2273 0.000
vt 5.2273 1.0000
vt 10.3547 0.000
vt 10.3547 1.0000
vt 0.000 0.000
vt 0.000 1.0000
vt 0.9426 0.000
vt 0.9426 1.0000
vt 1.0426 0.000
vt 1.0426 1.0000
vt 1.9852 0.000
vt 1.9852 1.0000
vt 0.000 0.000
vt 0.000 1.0000
vt 0.6264 0.000
vt 0.6264 1.0000
vt 0.7264 0.000
vt 0.7264 1.0000
vt 1.3527 0.000
vt 1.3527 1.0000
vt 0.000 0.000
vt 0.000 1.0000
vt 13.0028 0.000
vt 13.0028 1.0000
vt 13.1028 0.000
vt 13.1028 1.0000
vt 26.1057 0.000
vt 26.1057 1.0000
vt 0.000 0.000
vt 0.000 1.0000
vt 3.1030 0.000
vt 3.1030 1.0000
vt 3.2030 0.000
vt 3.2030 1.0000
vt 6.3061 0.000
vt 6.3061 1.0000
vt 0.000 0.000
vt 0.000 1.0000
vt 2.6952 0.000
vt 2.6952 1.0000
vt 2.7952 0.000
vt 2.7952 1.0000
vt 5.4904 0.000
vt 5.4904 1.0000
vt 0.000 0.000
vt 0.000 1.0000
vt 2.4653 0.000
vt 2.4653 1.0000
vt 2.5653 0.000
vt 2.5653 1.0000
vt 5.0306 0.000
vt 5.0306 1.0000
vt 0.000 0.000
vt 0.000 1.0000
vt 5.5588 0.000
vt 5.5588 1.0000
vt 5.6588 0.000
vt 5.6588 1.0000
vt 11.2176 0.000
vt 11.2176 1.0000
vt 0.000 0.000
vt 0.000 1.0000
vt 5.2358 0.000
vt 5.2358 1.0000
vt 5.3358 0.000
vt 5.3358 1.0000
vt 10.5715 0.000
vt 10.5715 1.0000
vt 0.000 0.000
vt 0.000 1.0000
vt 0.4526 0.000
vt 0.4526 1.0000
vt 0.5526 0.000
vt 0.5526 1.0000
vt 1.0052 0.000
vt 1.0052 1.0000
vt 0.000 0.000
vt 0.000 1.0000
vt 1.4377 0.000
vt 1.4377 1.0000
vt 1.5377 0.000
vt 1.5377 1.0000
vt 2.9754 0.000
vt 2.9754 1.0000
vt 0.000 0.000
vt 0.000 1.0000
vt 1.9422 0.000
vt 1.9422 1.0000
vt 2.0422 0.000
vt 2.0422 1.0000
vt 3.9845 0.000
vt 3.9845 1.0000
vt 0.000 0.000
vt 0.000 1.0000
vt 0.7551 0.000
vt 0.7551 1.0000
vt 0.8551 0.000
vt 0.8551 1.0000
vt 1.6102 0.000
vt 1.6102 1.0000
vt 0.000 0.000
vt 0.000 1.0000
vt 5.0993 0.000
vt 5.0993 1.0000
vt 5.1993 0.000
vt 5.1993 1.0000
vt 10.2985 0.000
vt 10.2985 1.0000
vt 0.000 0.000
vt 0.000 1.0000
vt 3.2797 0.000
vt 3.2797 1.0000
vt 3.3797 0.000
vt 3.3797 1.0000
vt 6.6594 0.000
vt 6.6594 1.0000
vt 0.000 0.000
vt 0.000 1.0000
vt 1.6329 0.000
vt 1.6329 1.0000
vt 1.7329 0.000
vt 1.7329 1.0000
vt 3.3659 0.000
vt 3.3659 1.0000
vt 0.000 0.000
vt 0.000 1.0000
vt 7.6634 0.000
vt 7.6634 1.0000
vt 7.7634 0.000
vt 7.7634 1.0000
vt 15.4269 0.000
vt 15.4269 1.0000
vt 0.000 0.000
vt 0.000 1.0000
vt 24.1918 0.000
vt 24.1918 1.0000
vt 24.2918 0.000
vt 24.2918 1.0000
vt 48.4837 0.000
vt 48.4837 1.0000
vt 0.000 0.000
vt 0.000 1.0000
vt 4.6401 0.000
vt 4.6401 1.0000
vt 4.7401 0.000
vt 4.7401 1.0000
vt 9.3802 0.000
vt 9.3802 1.0000
vt 0.000 0.000
vt 0.000 1.0000
vt 3.4842 0.000
vt 3.4842 1.0000
vt 3.5842 0.000
vt 3.5842 1.0000
vt 7.0684 0.000
vt 7.0684 1.0000
vt 0.000 0.000
vt 0.000 1.0000
vt 1.5718 0.000
vt 1.5718 1.0000
vt 1.6718 0.000
vt 1.6718 1.0000
vt 3.2435 0.000
vt 3.2435 1.0000
vt 0.000 0.000
vt 0.000 1.0000
vt 0.5575 0.000
vt 0.5575 1.0000
vt 0.6575 0.000
vt 0.6575 1.0000
vt 1.2150 0.000
vt 1.2150 1.0000
vt 0.000 0.000
vt 0.000 1.0000
vt 0.3369 0.000
vt 0.3369 1.0000
vt 0.4369 0.000
vt 0.4369 1.0000
vt 0.7737 0.000
vt 0.7737 1.0000
vt 0.000 0.000
vt 0.000 1.0000
vt 1.6513 0.000
vt 1.6513 1.0000
vt 1.7513 0.000
vt 1.7513 1.0000
vt 3.4026 0.000
vt 3.4026 1.0000
vt 0.000 0.000
vt 0.000 1.0000
vt 7.0783 0.000
vt 7.0783 1.0000
vt 7.1783 0.000
vt 7.1783 1.0000
vt 14.2566 0.000
vt 14.2566 1.0000
vt 0.000 0.000
vt 0.000 1.0000
vt 3.0483 0.000
vt 3.0483 1.0000
vt 3.1483 0.000
vt 3.1483 1.0000
vt 6.1965 0.000
vt 6.1965 1.0000
vt 0.000 0.000
vt 0.000 1.0000
vt 1.1619 0.000
vt 1.1619 1.0000
vt 1.2619 0.000
vt 1.2619 1.0000
vt 2.4237 0.000
vt 2.4237 1.0000
vt 0.000 0.000
vt 0.000 1.0000
vt 0.6948 0.000
vt 0.6948 1.0000
vt 0.7948 0.000
vt 0.7948 1.0000
vt 1.4896 0.000
vt 1.4896 1.0000
vt 0.000 0.000
vt 0.000 1.0000
vt 0.7931 0.000
vt 0.7931 1.0000
vt 0.8931 0.000
vt 0.8931 1.0000
vt 1.6862 0.000
vt 1.6862 1.0000
vt 0.000 0.000
vt 0.000 1.0000
vt 4.2879 0.000
vt 4.2879 1.0000
vt 4.3879 0.000
vt 4.3879 1.0000
vt 8.6758 0.000
vt 8.6758 1.0000
vt 0.000 0.000
vt 0.000 1.0000
vt 1.7583 0.000
vt 1.7583 1.0000
vt 1.8583 0.000
vt 1.8583 1.0000
vt 3.6166 0.000
vt 3.6166 1.0000
vt 0.000 0.000
vt 0.000 1.0000
vt 2.1269 0.000
vt 2.1269 1.0000
vt 2.2269 0.000
vt 2.2269 1.0000
vt 4.3537 0.000
vt 4.3537 1.0000
vt 0.000 0.000
vt 0.000 1.0000
vt 22.6322 0.000
vt 22.6322 1.0000
vt 22.7322 0.000
vt 22.7322 1.0000
vt 45.3643 0.000
vt 45.3643 1.0000
vt 0.000 0.000
vt 0.000 1.0000
vt 0.5965 0.000
vt 0.5965 1.0000
vt 0.6965 0.000
vt 0.6965 1.0000
vt 1.2930 0.000
vt 1.2930 1.0000
vt 0.000 0.000
vt 0.000 1.0000
vt 1.6736 0.000
vt 1.6736 1.0000
vt 1.7736 0.000
vt 1.7736 1.0000
vt 3.4472 0.000
vt 3.4472 1.0000
vt 0.000 0.000
vt 0.000 1.0000
vt 0.9453 0.000
vt 0.9453 1.0000
vt 1.0453 0.000
vt 1.0453 1.0000
vt 1.9905 0.000
vt 1.9905 1.0000
vt 0.000 0.000
vt 0.000 1.0000
vt 3.9703 0.000
vt 3.9703 1.0000
vt 4.0703 0.000
vt 4.0703 1.0000
vt 8.0406 0.000
vt 8.0406 1.0000
vt 0.000 0.000
vt 0.000 1.0000
vt 2.2560 0.000
vt 2.2560 1.0000
vt 2.3560 0.000
vt 2.3560 1.0000
vt 4.6120 0.000
vt 4.6120 1.0000
vt 0.000 0.000
vt 0.000 1.0000
vt 1.3501 0.000
vt 1.3501 1.0000
vt 1.4501 0.000
vt 1.4501 1.0000
vt 2.8002 0.000
vt 2.8002 1.0000
vt 0.000 0.000
vt 0.000 1.0000
vt 4.9276 0.000
vt 4.9276 1.0000
vt 5.0276 0.000
vt 5.0276 1.0000
vt 9.9552 0.000
vt 9.9552 1.0000
vt 0.000 0.000
vt 0.000 1.0000
vt 5.0970 0.000
vt 5.0970 1.0000
vt 5.1970 0.000
vt 5.1970 1.0000
vt 10.2939 0.000
vt 10.2939 1.0000
vt 0.000 0.000
vt 0.000 1.0000
vt 5.3276 0.000
vt 5.3276 1.0000
vt 5.4276 0.000
vt 5.4276 1.0000
vt 10.7551 0.000
vt 10.7551 1.0000
vt 0.000 0.000
vt 0.000 1.0000
vt 4.9437 0.000
vt 4.9437 1.0000
vt 5.0437 0.000
vt 5.0437 1.0000
vt 9.9874 0.000
vt 9.9874 1.0000
vt 0.000 0.000
vt 0.000 1.0000
vt 5.7024 0.000
vt 5.7024 1.0000
vt 5.8024 0.000
vt 5.8024 1.0000
vt 11.5047 0.000
vt 11.5047 1.0000
vt 0.000 0.000
vt 0.000 1.0000
vt 5.4745 0.000
vt 5.4745 1.0000
vt 5.5745 0.000
vt 5.5745 1.0000
vt 11.0491 0.000
vt 11.0491 1.0000
vt 0.000 0.000
vt 0.000 1.0000
vt 5.4309 0.000
vt 5.4309 1.0000
vt 5.5309 0.000
vt 5.5309 1.0000
vt 10.9619 0.000
vt 10.9619 1.0000
vt 0.000 0.000
vt 0.000 1.0000
vt 5.1788 0.000
vt 5.1788 1.0000
vt 5.2788 0.000
vt 5.2788 1.0000
vt 10.4576 0.000
vt 10.4576 1.0000
vt 0.000 0.000
vt 0.000 1.0000
vt 4.9445 0.000
vt 4.9445 1.0000
vt 5.0445 0.000
vt 5.0445 1.0000
vt 9.9889 0.000
vt 9.9889 1.0000
vt 0.000 0.000
vt 0.000 1.0000
vt 5.3436 0.000
vt 5.3436 1.0000
vt 5.4436 0.000
vt 5.4436 1.0000
vt 10.7871 0.000
vt 10.7871 1.0000
vt 0.000 0.000
vt 0.000 1.0000
vt 5.2972 0.000
vt 5.2972 1.0000
vt 5.3972 0.000
vt 5.3972 1.0000
vt 10.6945 0.000
vt 10.6945 1.0000
vt 0.000 0.000
vt 0.000 1.0000
vt 5.1681 0.000
vt 5.1681 1.0000
vt 5.2681 0.000
vt 5.2681 1.0000
vt 10.4363 0.000
vt 10.4363 1.0000
vt 0.000 0.000
vt 0.000 1.0000
vt 5.1391 0.000
vt 5.1391 1.0000
vt 5.2391 0.000
vt 5.2391 1.0000
vt 10.3782 0.000
vt 10.3782 1.0000
vt 0.000 0.000
vt 0.000 1.0000
vt 4.9645 0.000
vt 4.9645 1.0000
vt 5.0645 0.000
vt 5.0645 1.0000
vt 10.0290 0.000
vt 10.0290 1.0000
vt 0.000 0.000
vt 0.000 1.0000
vt 4.9839 0.000
vt 4.9839 1.0000
vt 5.0839 0.000
vt 5.0839 1.0000
vt 10.0678 0.000
vt 10.0678 1.0000
vt 0.000 0.000
vt 0.000 1.0000
vt 24.2165 0.000
vt 24.2165 1.0000
vt 24.3165 0.000
vt 24.3165 1.0000
vt 48.5329 0.000
vt 48.5329 1.0000
vt 0.000 0.000
vt 0.000 1.0000
vt 4.2900 0.000
vt 4.2900 1.0000
vt 4.3900 0.000
vt 4.3900 1.0000
vt 8.6800 0.000
vt 8.6800 1.0000
vt 0.000 0.000
vt 0.000 1.0000
vt 0.7469 0.000
vt 0.7469 1.0000
vt 0.8469 0.000
vt 0.8469 1.0000
vt 1.5937 0.000
vt 1.5937 1.0000
vt 0.000 0.000
vt 0.000 1.0000
vt 2.5696 0.000
vt 2.5696 1.0000
vt 2.6696 0.000
vt 2.6696 1.0000
vt 5.2392 0.000
vt 5.2392 1.0000
vt 0.000 0.000
vt 0.000 1.0000
vt 1.7009 0.000
vt 1.7009 1.0000
vt 1.8009 0.000
vt 1.8009 1.0000
vt 3.5018 0.000
vt 3.5018 1.0000
vt 0.000 0.000
vt 0.000 1.0000
vt 1.7243 0.000
vt 1.7243 1.0000
vt 1.8243 0.000
vt 1.8243 1.0000
vt 3.5486 0.000
vt 3.5486 1.0000
vt 0.000 0.000
vt 0.000 1.0000
vt 1.7023 0.000
vt 1.7023 1.0000
vt 1.8023 0.000
vt 1.8023 1.0000
vt 3.5045 0.000
vt 3.5045 1.0000
vt 0.000 0.000
vt 0.000 1.0000
vt 2.3750 0.000
vt 2.3750 1.0000
vt 2.4750 0.000
vt 2.4750 1.0000
vt 4.8499 0.000
vt 4.8499 1.0000
vt 0.000 0.000
vt 0.000 1.0000
vt 2.3203 0.000
vt 2.3203 1.0000
vt 2.4203 0.000
vt 2.4203 1.0000
vt 4.7405 0.000
vt 4.7405 1.0000
vt 0.000 0.000
vt 0.000 1.0000
vt 22.6457 0.000
vt 22.6457 1.0000
vt 22.7457 0.000
vt 22.7457 1.0000
vt 45.3913 0.000
vt 45.3913 1.0000
vt 0.000 0.000
vt 0.000 1.0000
vt 1.8914 0.000
vt 1.8914 1.0000
vt 1.9914 0.000
vt 1.9914 1.0000
vt 3.8829 0.000
vt 3.8829 1.0000
vt 0.000 0.000
vt 0.000 1.0000
vt 2.9019 0.000
vt 2.9019 1.0000
vt 3.0019 0.000
vt 3.0019 1.0000
vt 5.9038 0.000
vt 5.9038 1.0000
vt 0.000 0.000
vt 0.000 1.0000
vt 2.7882 0.000
vt 2.7882 1.0000
vt 2.8882 0.000
vt 2.8882 1.0000
vt 5.6764 0.000
vt 5.6764 1.0000
vt 0.000 0.000
vt 0.000 1.0000
vt 1.9532 0.000
vt 1.9532 1.0000
vt 2.0532 0.000
vt 2.0532 1.0000
vt 4.0064 0.000
vt 4.0064 1.0000
vt 0.000 0.000
vt 0.000 1.0000
vt 1.9115 0.000
vt 1.9115 1.0000
vt 2.0115 0.000
vt 2.0115 1.0000
vt 3.9231 0.000
vt 3.9231 1.0000
vt 0.000 0.000
vt 0.000 1.0000
vt 1.9177 0.000
vt 1.9177 1.0000
vt 2.0177 0.000
vt 2.0177 1.0000
vt 3.9354 0.000
vt 3.9354 1.0000
vt 0.000 0.000
vt 0.000 1.0000
vt 2.5250 0.000
vt 2.5250 1.0000
vt 2.6250 0.000
vt 2.6250 1.0000
vt 5.1500 0.000
vt 5.1500 1.0000
vt 0.000 0.000
vt 0.000 1.0000
vt 2.5476 0.000
vt 2.5476 1.0000
vt 2.6476 0.000
vt 2.6476 1.0000
vt 5.1953 0.000
vt 5.1953 1.0000
vt 0.000 0.000
vt 0.000 1.0000
vt 2.5021 0.000
vt 2.5021 1.0000
vt 2.6021 0.000
vt 2.6021 1.0000
vt 5.1042 0.000
vt 5.1042 1.0000
vt 0.000 0.000
vt 0.000 1.0000
vt 2.6744 0.000
vt 2.6744 1.0000
vt 2.7744 0.000
vt 2.7744 1.0000
vt 5.4487 0.000
vt 5.4487 1.0000
vt 0.000 0.000
vt 0.000 1.0000
vt 2.5656 0.000
vt 2.5656 1.0000
vt 2.6656 0.000
vt 2.6656 1.0000
vt 5.2312 0.000
vt 5.2312 1.0000
vt 0.000 0.000
vt 0.000 1.0000
vt 2.6148 0.000
vt 2.6148 1.0000
vt 2.7148 0.000
vt 2.7148 1.0000
vt 5.3296 0.000
vt 5.3296 1.0000
vt 0.000 0.000
vt 0.000 1.0000
vt 4.9776 0.000
vt 4.9776 1.0000
vt 5.0776 0.000
vt 5.0776 1.0000
vt 10.0551 0.000
vt 10.0551 1.0000
vt 0.000 0.000
vt 0.000 1.0000
vt 6.4911 0.000
vt 6.4911 1.0000
vt 6.5911 0.000
vt 6.5911 1.0000
vt 13.0823 0.000
vt 13.0823 1.0000
vt 0.000 0.000
vt 0.000 1.0000
vt 7.7077 0.000
vt 7.7077 1.0000
vt 7.8077 0.000
vt 7.8077 1.0000
vt 15.5153 0.000
vt 15.5153 1.0000
vt 0.000 0.000
vt 0.000 1.0000
vt 1.7574 0.000
vt 1.7574 1.0000
vt 1.8574 0.000
vt 1.8574 1.0000
vt 3.6148 0.000
vt 3.6148 1.0000
vt 0.000 0.000
vt 0.000 1.0000
vt 6.1282 0.000
vt 6.1282 1.0000
vt 6.2282 0.000
vt 6.2282 1.0000
vt 12.3564 0.000
vt 12.3564 1.0000
vt 0.000 0.000
vt 0.000 1.0000
vt 5.6755 0.000
vt 5.6755 1.0000
vt 5.7755 0.000
vt 5.7755 1.0000
vt 11.4510 0.000
vt 11.4510 1.0000
vt 0.000 0.000
vt 0.000 1.0000
vt 2.2219 0.000
vt 2.2219 1.0000
vt 2.3219 0.000
vt 2.3219 1.0000
vt 4.5438 0.000
vt 4.5438 1.0000
vt 0.000 0.000
vt 0.000 1.0000
vt 3.7777 0.000
vt 3.7777 1.0000
vt 3.8777 0.000
vt 3.8777 1.0000
vt 7.6554 0.000
vt 7.6554 1.0000
vt 0.000 0.000
vt 0.000 1.0000
vt 4.4025 0.000
vt 4.4025 1.0000
vt 4.5025 0.000
vt 4.5025 1.0000
vt 8.9049 0.000
vt 8.9049 1.0000
vt 0.000 0.000
vt 0.000 1.0000
vt 4.5164 0.000
vt 4.5164 1.0000
vt 4.6164 0.000
vt 4.6164 1.0000
vt 9.1328 0.000
vt 9.1328 1.0000
vt 0.000 0.000
vt 0.000 1.0000
vt 4.5363 0.000
vt 4.5363 1.0000
vt 4.6363 0.000
vt 4.6363 1.0000
vt 9.1725 0.000
vt 9.1725 1.0000
vt 0.000 0.000
vt 0.000 1.0000
vt 4.6522 0.000
vt 4.6522 1.0000
vt 4.7522 0.000
vt 4.7522 1.0000
vt 9.4043 0.000
vt 9.4043 1.0000
vt 0.000 0.000
vt 0.000 1.0000
vt 4.6544 0.000
vt 4.6544 1.0000
vt 4.7544 0.000
vt 4.7544 1.0000
vt 9.4088 0.000
vt 9.4088 1.0000
vt 0.000 0.000
vt 0.000 1.0000
vt 4.7227 0.000
vt 4.7227 1.0000
vt 4.8227 0.000
vt 4.8227 1.0000
vt 9.5453 0.000
vt 9.5453 1.0000
vt 0.000 0.000
vt 0.000 1.0000
vt 4.3716 0.000
vt 4.3716 1.0000
vt 4.4716 0.000
vt 4.4716 1.0000
vt 8.8433 0.000
vt 8.8433 1.0000
vt 0.000 0.000
vt 0.000 1.0000
vt 1.4638 0.000
vt 1.4638 1.0000
vt 1.5638 0.000
vt 1.5638 1.0000
vt 3.0276 0.000
vt 3.0276 1.0000
vt 0.000 0.000
vt 0.000 1.0000
vt 2.1535 0.000
vt 2.1535 1.0000
vt 2.2535 0.000
vt 2.2535 1.0000
vt 4.4070 0.000
vt 4.4070 1.0000
vt 0.000 0.000
vt 0.000 1.0000
vt 4.3131 0.000
vt 4.3131 1.0000
vt 4.4131 0.000
vt 4.4131 1.0000
vt 8.7263 0.000
vt 8.7263 1.0000
vt 0.000 0.000
vt 0.000 1.0000
vt 3.3536 0.000
vt 3.3536 1.0000
vt 3.4536 0.000
vt 3.4536 1.0000
vt 6.8073 0.000
vt 6.8073 1.0000
vt 0.000 0.000
vt 0.000 1.0000
vt 2.7577 0.000
vt 2.7577 1.0000
vt 2.8577 0.000
vt 2.8577 1.0000
vt 5.6154 0.000
vt 5.6154 1.0000
vt 0.000 0.000
vt 0.000 1.0000
vt 4.8161 0.000
vt 4.8161 1.0000
vt 4.9161 0.000
vt 4.9161 1.0000
vt 9.7322 0.000
vt 9.7322 1.0000
vt 0.000 0.000
vt 0.000 1.0000
vt 4.8431 0.000
vt 4.8431 1.0000
vt 4.9431 0.000
vt 4.9431 1.0000
vt 9.7862 0.000
vt 9.7862 1.0000
vt 0.000 0.000
vt 0.000 1.0000
vt 4.7238 0.000
vt 4.7238 1.0000
vt 4.8238 0.000
vt 4.8238 1.0000
vt 9.5477 0.000
vt 9.5477 1.0000
vt 0.000 0.000
vt 0.000 1.0000
vt 4.5745 0.000
vt 4.5745 1.0000
vt 4.6745 0.000
vt 4.6745 1.0000
vt 9.2491 0.000
vt 9.2491 1.0000
vt 0.000 0.000
vt 0.000 1.0000
vt 4.5233 0.000
vt 4.5233 1.0000
vt 4.6233 0.000
vt 4.6233 1.0000
vt 9.1466 0.000
vt 9.1466 1.0000
vt 0.000 0.000
vt 0.000 1.0000
vt 4.7237 0.000
vt 4.7237 1.0000
vt 4.8237 0.000
vt 4.8237 1.0000
vt 9.5475 0.000
vt 9.5475 1.0000
vt 0.000 0.000
vt 0.000 1.0000
vt 4.6617 0.000
vt 4.6617 1.0000
vt 4.7617 0.000
vt 4.7617 1.0000
vt 9.4233 0.000
vt 9.4233 1.0000
vt 0.000 0.000
vt 0.000 1.0000
vt 4.7886 0.000
vt 4.7886 1.0000
vt 4.8886 0.000
vt 4.8886 1.0000
vt 9.6773 0.000
vt 9.6773 1.0000
vt 0.000 0.000
vt 0.000 1.0000
vt 4.7957 0.000
vt 4.7957 1.0000
vt 4.8957 0.000
vt 4.8957 1.0000
vt 9.6914 0.000
vt 9.6914 1.0000
vt 0.000 0.000
vt 0.000 1.0000
vt 4.8405 0.000
vt 4.8405 1.0000
vt 4.9405 0.000
vt 4.9405 1.0000
vt 9.7809 0.000
vt 9.7809 1.0000
vt 0.000 0.000
vt 0.000 1.0000
vt 4.3000 0.000
vt 4.3000 1.0000
vt 4.4000 0.000
vt 4.4000 1.0000
vt 8.7001 0.000
vt 8.7001 1.0000
vt 0.000 0.000
vt 0.000 1.0000
vt 3.8711 0.000
vt 3.8711 1.0000
vt 3.9711 0.000
vt 3.9711 1.0000
vt 7.8423 0.000
vt 7.8423 1.0000
vt 0.000 0.000
vt 0.000 1.0000
vt 3.5139 0.000
vt 3.5139 1.0000
vt 3.6139 0.000
vt 3.6139 1.0000
vt 7.1278 0.000
vt 7.1278 1.0000
vt 0.000 0.000
vt 0.000 1.0000
vt 3.6933 0.000
vt 3.6933 1.0000
vt 3.7933 0.000
vt 3.7933 1.0000
vt 7.4866 0.000
vt 7.4866 1.0000
vt 0.000 0.000
vt 0.000 1.0000
vt 6.2659 0.000
vt 6.2659 1.0000
vt 6.3659 0.000
vt 6.3659 1.0000
vt 12.6317 0.000
vt 12.6317 1.0000
vt 0.000 0.000
vt 0.000 1.0000
vt 3.2376 0.000
vt 3.2376 1.0000
vt 3.3376 0.000
vt 3.3376 1.0000
vt 6.5751 0.000
vt 6.5751 1.0000
vn 0.0000 0.0000 1.0000
vn 0.0309 0.9995 0.0000
vn -0.9995 0.0309 0.0000
vn -0.0309 -0.9995 0.0000
vn 0.9995 -0.0309 0.0000
vn 0.2301 0.9732 0.0000
vn -0.9732 0.2301 0.0000
vn -0.2301 -0.9732 0.0000
vn 0.9732 -0.2301 0.0000
vn 0.2383 0.9712 0.0000
vn -0.9712 0.2383 0.0000
vn -0.2383 -0.9712 0.0000
vn 0.9712 -0.2383 0.0000
vn 0.3200 0.9474 0.0000
vn -0.9474 0.3200 0.0000
vn -0.3200 -0.9474 0.0000
vn 0.9474 -0.3200 0.0000
vn 0.4397 0.8981 0.0000
vn -0.8981 0.4397 0.0000
vn -0.4397 -0.8981 0.0000
vn 0.8981 -0.4397 0.0000
vn 0.3983 0.9172 0.0000
vn -0.9172 0.3983 0.0000
vn -0.3983 -0.9172 0.0000
vn 0.9172 -0.3983 0.0000
vn 0.4295 0.9031 0.0000
vn -0.9031 0.4295 0.0000
vn -0.4295 -0.9031 0.0000
vn 0.9031 -0.4295 0.0000
vn 0.3757 0.9267 0.0000
vn -0.9267 0.3757 0.0000
vn -0.3757 -0.9267 0.0000
vn 0.9267 -0.3757 0.0000
vn 0.4472 0.8944 0.0000
vn -0.8944 0.4472 0.0000
vn -0.4472 -0.8944 0.0000
vn 0.8944 -0.4472 0.0000
vn 0.4401 0.8979 0.0000
vn -0.8979 0.4401 0.0000
vn -0.4401 -0.8979 0.0000
vn 0.8979 -0.4401 0.0000
vn 0.4499 0.8931 0.0000
vn -0.8931 0.4499 0.0000
vn -0.4499 -0.8931 0.0000
vn 0.8931 -0.4499 0.0000
vn -0.8595 0.5111 0.0000
vn -0.5111 -0.8595 0.0000
vn 0.8595 -0.5111 0.0000
vn 0.5111 0.8595 0.0000
vn -0.8900 0.4559 0.0000
vn -0.4559 -0.8900 0.0000
vn 0.8900 -0.4559 0.0000
vn 0.4559 0.8900 0.0000
vn -0.8965 0.4429 0.0000
vn -0.4429 -0.8965 0.0000
vn 0.8965 -0.4429 0.0000
vn 0.4429 0.8965 0.0000
vn 0.8927 -0.4507 0.0000
vn 0.4507 0.8927 0.0000
vn -0.8927 0.4507 0.0000
vn -0.4507 -0.8927 0.0000
vn 0.8889 -0.4582 0.0000
vn 0.4582 0.8889 0.0000
vn -0.8889 0.4582 0.0000
vn -0.4582 -0.8889 0.0000
vn 0.9050 -0.4254 0.0000
vn 0.4254 0.9050 0.0000
vn -0.9050 0.4254 0.0000
vn -0.4254 -0.9050 0.0000
vn 0.9744 -0.2249 0.0000
vn 0.2249 0.9744 0.0000
vn -0.9744 0.2249 0.0000
vn -0.2249 -0.9744 0.0000
vn -0.9691 0.2467 0.0000
vn -0.2467 -0.9691 0.0000
vn 0.9691 -0.2467 0.0000
vn 0.2467 0.9691 0.0000
vn -0.9366 0.3505 0.0000
vn -0.3505 -0.9366 0.0000
vn 0.9366 -0.3505 0.0000
vn 0.3505 0.9366 0.0000
vn 0.9425 -0.3341 0.0000
vn 0.3341 0.9425 0.0000
vn -0.9425 0.3341 0.0000
vn -0.3341 -0.9425 0.0000
vn 0.9849 -0.1730 0.0000
vn 0.1730 0.9849 0.0000
vn -0.9849 0.1730 0.0000
vn -0.1730 -0.9849 0.0000
vn -0.1979 -0.9802 0.0000
vn 0.9802 -0.1979 0.0000
vn 0.1979 0.9802 0.0000
vn -0.9802 0.1979 0.0000
vn 0.9671 -0.2545 0.0000
vn 0.2545 0.9671 0.0000
vn -0.9671 0.2545 0.0000
vn -0.2545 -0.9671 0.0000
vn 0.0116 0.9999 0.0000
vn -0.9999 0.0116 0.0000
vn -0.0116 -0.9999 0.0000
vn 0.9999 -0.0116 0.0000
vn 0.9993 -0.0379 0.0000
vn 0.0379 0.9993 0.0000
vn -0.9993 0.0379 0.0000
vn -0.0379 -0.9993 0.0000
vn -0.9856 0.1692 0.0000
vn -0.1692 -0.9856 0.0000
vn 0.9856 -0.1692 0.0000
vn 0.1692 0.9856 0.0000
vn -0.9794 0.2019 0.0000
vn -0.2019 -0.9794 0.0000
vn 0.9794 -0.2019 0.0000
vn 0.2019 0.9794 0.0000
vn -0.8994 0.4371 0.0000
vn -0.4371 -0.8994 0.0000
vn 0.8994 -0.4371 0.0000
vn 0.4371 0.8994 0.0000
vn -0.9748 0.2231 0.0000
vn -0.2231 -0.9748 0.0000
vn 0.9748 -0.2231 0.0000
vn 0.2231 0.9748 0.0000
vn -0.9605 0.2784 0.0000
vn -0.2784 -0.9605 0.0000
vn 0.9605 -0.2784 0.0000
vn 0.2784 0.9605 0.0000
vn -0.9586 0.2849 0.0000
vn -0.2849 -0.9586 0.0000
vn 0.9586 -0.2849 0.0000
vn 0.2849 0.9586 0.0000
vn -0.9693 0.2460 0.0000
vn -0.2460 -0.9693 0.0000
vn 0.9693 -0.2460 0.0000
vn 0.2460 0.9693 0.0000
vn -0.8638 0.5038 0.0000
vn -0.5038 -0.8638 0.0000
vn 0.8638 -0.5038 0.0000
vn 0.5038 0.8638 0.0000
vn -0.8845 0.4665 0.0000
vn -0.4665 -0.8845 0.0000
vn 0.8845 -0.4665 0.0000
vn 0.4665 0.8845 0.0000
vn -0.9009 0.4341 0.0000
vn -0.4341 -0.9009 0.0000
vn 0.9009 -0.4341 0.0000
vn 0.4341 0.9009 0.0000
vn -0.8826 0.4701 0.0000
vn -0.4701 -0.8826 0.0000
vn 0.8826 -0.4701 0.0000
vn 0.4701 0.8826 0.0000
vn -0.8551 0.5185 0.0000
vn -0.5185 -0.8551 0.0000
vn 0.8551 -0.5185 0.0000
vn 0.5185 0.8551 0.0000
vn -0.9154 0.4027 0.0000
vn -0.4027 -0.9154 0.0000
vn 0.9154 -0.4027 0.0000
vn 0.4027 0.9154 0.0000
vn -0.8839 0.4676 0.0000
vn -0.4676 -0.8839 0.0000
vn 0.8839 -0.4676 0.0000
vn 0.4676 0.8839 0.0000
vn -0.8970 0.4420 0.0000
vn -0.4420 -0.8970 0.0000
vn 0.8970 -0.4420 0.0000
vn 0.4420 0.8970 0.0000
vn -0.8700 0.4930 0.0000
vn -0.4930 -0.8700 0.0000
vn 0.8700 -0.4930 0.0000
vn 0.4930 0.8700 0.0000
vn -0.9086 0.4176 0.0000
vn -0.4176 -0.9086 0.0000
vn 0.9086 -0.4176 0.0000
vn 0.4176 0.9086 0.0000
vn -0.2086 -0.9780 0.0000
vn 0.9780 -0.2086 0.0000
vn 0.2086 0.9780 0.0000
vn -0.9780 0.2086 0.0000
vn -0.9691 0.2467 0.0000
vn -0.2467 -0.9691 0.0000
vn 0.9691 -0.2467 0.0000
vn 0.2467 0.9691 0.0000
vn 0.2980 0.9546 0.0000
vn -0.9546 0.2980 0.0000
vn -0.2980 -0.9546 0.0000
vn 0.9546 -0.2980 0.0000
vn -0.9907 0.1364 0.0000
vn -0.1364 -0.9907 0.0000
vn 0.9907 -0.1364 0.0000
vn 0.1364 0.9907 0.0000
vn -0.9997 0.0264 0.0000
vn -0.0264 -0.9997 0.0000
vn 0.9997 -0.0264 0.0000
vn 0.0264 0.9997 0.0000
vn -0.9296 0.3686 0.0000
vn -0.3686 -0.9296 0.0000
vn 0.9296 -0.3686 0.0000
vn 0.3686 0.9296 0.0000
vn -0.9135 0.4069 0.0000
vn -0.4069 -0.9135 0.0000
vn 0.9135 -0.4069 0.0000
vn 0.4069 0.9135 0.0000
vn -0.9151 0.4033 0.0000
vn -0.4033 -0.9151 0.0000
vn 0.9151 -0.4033 0.0000
vn 0.4033 0.9151 0.0000
vn -0.8164 0.5775 0.0000
vn -0.5775 -0.8164 0.0000
vn 0.8164 -0.5775 0.0000
vn 0.5775 0.8164 0.0000
vn -0.2119 -0.9773 0.0000
vn 0.9773 -0.2119 0.0000
vn 0.2119 0.9773 0.0000
vn -0.9773 0.2119 0.0000
vn -0.9662 0.2580 0.0000
vn -0.2580 -0.9662 0.0000
vn 0.9662 -0.2580 0.0000
vn 0.2580 0.9662 0.0000
vn 0.7753 0.6316 0.0000
vn -0.6316 0.7753 0.0000
vn -0.7753 -0.6316 0.0000
vn 0.6316 -0.7753 0.0000
vn -0.6407 0.7678 0.0000
vn -0.7678 -0.6407 0.0000
vn 0.6407 -0.7678 0.0000
vn 0.7678 0.6407 0.0000
vn -0.7246 -0.6892 0.0000
vn 0.6892 -0.7246 0.0000
vn 0.7246 0.6892 0.0000
vn -0.6892 0.7246 0.0000
vn 0.6147 -0.7887 0.0000
vn 0.7887 0.6147 0.0000
vn -0.6147 0.7887 0.0000
vn -0.7887 -0.6147 0.0000
vn -0.7624 -0.6471 0.0000
vn 0.6471 -0.7624 0.0000
vn 0.7624 0.6471 0.0000
vn -0.6471 0.7624 0.0000
vn 0.6332 -0.7739 0.0000
vn 0.7739 0.6332 0.0000
vn -0.6332 0.7739 0.0000
vn -0.7739 -0.6332 0.0000
vn -0.7647 -0.6443 0.0000
vn 0.6443 -0.7647 0.0000
vn 0.7647 0.6443 0.0000
vn -0.6443 0.7647 0.0000
vn 0.6352 -0.7724 0.0000
vn 0.7724 0.6352 0.0000
vn -0.6352 0.7724 0.0000
vn -0.7724 -0.6352 0.0000
vn -0.7969 0.6041 0.0000
vn -0.6041 -0.7969 0.0000
vn 0.7969 -0.6041 0.0000
vn 0.6041 0.7969 0.0000
vn -0.6315 0.7754 0.0000
vn -0.7754 -0.6315 0.0000
vn 0.6315 -0.7754 0.0000
vn 0.7754 0.6315 0.0000
vn -0.7692 -0.6390 0.0000
vn 0.6390 -0.7692 0.0000
vn 0.7692 0.6390 0.0000
vn -0.6390 0.7692 0.0000
vn 0.6541 -0.7564 0.0000
vn 0.7564 0.6541 0.0000
vn -0.6541 0.7564 0.0000
vn -0.7564 -0.6541 0.0000
vn -0.7341 -0.6790 0.0000
vn 0.6790 -0.7341 0.0000
vn 0.7341 0.6790 0.0000
vn -0.6790 0.7341 0.0000
vn -0.6065 0.7951 0.0000
vn -0.7951 -0.6065 0.0000
vn 0.6065 -0.7951 0.0000
vn 0.7951 0.6065 0.0000
vn -0.9355 -0.3534 0.0000
vn 0.3534 -0.9355 0.0000
vn 0.9355 0.3534 0.0000
vn -0.3534 0.9355 0.0000
vn 0.3390 -0.9408 0.0000
vn 0.9408 0.3390 0.0000
vn -0.3390 0.9408 0.0000
vn -0.9408 -0.3390 0.0000
vn -0.7393 -0.6734 0.0000
vn 0.6734 -0.7393 0.0000
vn 0.7393 0.6734 0.0000
vn -0.6734 0.7393 0.0000
vn 0.6320 -0.7749 0.0000
vn 0.7749 0.6320 0.0000
vn -0.6320 0.7749 0.0000
vn -0.7749 -0.6320 0.0000
vn -0.7139 -0.7002 0.0000
vn 0.7002 -0.7139 0.0000
vn 0.7139 0.7002 0.0000
vn -0.7002 0.7139 0.0000
vn -0.6094 0.7928 0.0000
vn -0.7928 -0.6094 0.0000
vn 0.6094 -0.7928 0.0000
vn 0.7928 0.6094 0.0000
vn -0.7694 -0.6388 0.0000
vn 0.6388 -0.7694 0.0000
vn 0.7694 0.6388 0.0000
vn -0.6388 0.7694 0.0000
vn 0.6212 -0.7836 0.0000
vn 0.7836 0.6212 0.0000
vn -0.6212 0.7836 0.0000
vn -0.7836 -0.6212 0.0000
vn 0.7347 0.6784 0.0000
vn -0.6784 0.7347 0.0000
vn -0.7347 -0.6784 0.0000
vn 0.6784 -0.7347 0.0000
vn 0.6379 -0.7701 0.0000
vn 0.7701 0.6379 0.0000
vn -0.6379 0.7701 0.0000
vn -0.7701 -0.6379 0.0000
vn 0.7803 -0.6254 0.0000
vn 0.6254 0.7803 0.0000
vn -0.7803 0.6254 0.0000
vn -0.6254 -0.7803 0.0000
vn -0.5264 -0.8502 0.0000
vn 0.8502 -0.5264 0.0000
vn 0.5264 0.8502 0.0000
vn -0.8502 0.5264 0.0000
vn 0.7754 -0.6314 0.0000
vn 0.6314 0.7754 0.0000
vn -0.7754 0.6314 0.0000
vn -0.6314 -0.7754 0.0000
vn -0.6225 -0.7826 0.0000
vn 0.7826 -0.6225 0.0000
vn 0.6225 0.7826 0.0000
vn -0.7826 0.6225 0.0000
vn -0.7896 0.6136 0.0000
vn -0.6136 -0.7896 0.0000
vn 0.7896 -0.6136 0.0000
vn 0.6136 0.7896 0.0000
vn -0.6033 -0.7975 0.0000
vn 0.7975 -0.6033 0.0000
vn 0.6033 0.7975 0.0000
vn -0.7975 0.6033 0.0000
vn 0.7859 -0.6183 0.0000
vn 0.6183 0.7859 0.0000
vn -0.7859 0.6183 0.0000
vn -0.6183 -0.7859 0.0000
vn 0.8779 -0.4788 0.0000
vn 0.4788 0.8779 0.0000
vn -0.8779 0.4788 0.0000
vn -0.4788 -0.8779 0.0000
vn 0.9861 -0.1664 0.0000
vn 0.1664 0.9861 0.0000
vn -0.9861 0.1664 0.0000
vn -0.1664 -0.9861 0.0000
vn 1.0000 0.0016 0.0000
vn -0.0016 1.0000 0.0000
vn -1.0000 -0.0016 0.0000
vn 0.0016 -1.0000 0.0000
vn 0.9414 0.3374 0.0000
vn -0.3374 0.9414 0.0000
vn -0.9414 -0.3374 0.0000
vn 0.3374 -0.9414 0.0000
vn 0.3752 -0.9269 0.0000
vn 0.9269 0.3752 0.0000
vn -0.3752 0.9269 0.0000
vn -0.9269 -0.3752 0.0000
vn -0.9122 -0.4098 0.0000
vn 0.4098 -0.9122 0.0000
vn 0.9122 0.4098 0.0000
vn -0.4098 0.9122 0.0000
vn -0.3688 0.9295 0.0000
vn -0.9295 -0.3688 0.0000
vn 0.3688 -0.9295 0.0000
vn 0.9295 0.3688 0.0000
vn -0.9831 -0.1833 0.0000
vn 0.1833 -0.9831 0.0000
vn 0.9831 0.1833 0.0000
vn -0.1833 0.9831 0.0000
vn -0.9999 0.0173 0.0000
vn -0.0173 -0.9999 0.0000
vn 0.9999 -0.0173 0.0000
vn 0.0173 0.9999 0.0000
vn 0.0337 0.9994 0.0000
vn -0.9994 0.0337 0.0000
vn -0.0337 -0.9994 0.0000
vn 0.9994 -0.0337 0.0000
vn -0.6989 0.7152 0.0000
vn -0.7152 -0.6989 0.0000
vn 0.6989 -0.7152 0.0000
vn 0.7152 0.6989 0.0000
vn -0.6279 0.7783 0.0000
vn -0.7783 -0.6279 0.0000
vn 0.6279 -0.7783 0.0000
vn 0.7783 0.6279 0.0000
vn 0.6576 -0.7534 0.0000
vn 0.7534 0.6576 0.0000
vn -0.6576 0.7534 0.0000
vn -0.7534 -0.6576 0.0000
vn 0.6396 -0.7687 0.0000
vn 0.7687 0.6396 0.0000
vn -0.6396 0.7687 0.0000
vn -0.7687 -0.6396 0.0000
vn 0.7481 0.6636 0.0000
vn -0.6636 0.7481 0.0000
vn -0.7481 -0.6636 0.0000
vn 0.6636 -0.7481 0.0000
vn 0.6460 0.7634 0.0000
vn -0.7634 0.6460 0.0000
vn -0.6460 -0.7634 0.0000
vn 0.7634 -0.6460 0.0000
vn -0.7758 0.6310 0.0000
vn -0.6310 -0.7758 0.0000
vn 0.7758 -0.6310 0.0000
vn 0.6310 0.7758 0.0000
vn -0.7820 0.6233 0.0000
vn -0.6233 -0.7820 0.0000
vn 0.7820 -0.6233 0.0000
vn 0.6233 0.7820 0.0000
vn -0.6078 -0.7941 0.0000
vn 0.7941 -0.6078 0.0000
vn 0.6078 0.7941 0.0000
vn -0.7941 0.6078 0.0000
vn 0.7824 -0.6227 0.0000
vn 0.6227 0.7824 0.0000
vn -0.7824 0.6227 0.0000
vn -0.6227 -0.7824 0.0000
vn 0.5706 0.8213 0.0000
vn -0.8213 0.5706 0.0000
vn -0.5706 -0.8213 0.0000
vn 0.8213 -0.5706 0.0000
vn -0.7958 0.6056 0.0000
vn -0.6056 -0.7958 0.0000
vn 0.7958 -0.6056 0.0000
vn 0.6056 0.7958 0.0000
vn 0.4491 0.8935 0.0000
vn -0.8935 0.4491 0.0000
vn -0.4491 -0.8935 0.0000
vn 0.8935 -0.4491 0.0000
vn 0.8959 -0.4442 0.0000
vn 0.4442 0.8959 0.0000
vn -0.8959 0.4442 0.0000
vn -0.4442 -0.8959 0.0000
vn 0.9648 -0.2631 0.0000
vn 0.2631 0.9648 0.0000
vn -0.9648 0.2631 0.0000
vn -0.2631 -0.9648 0.0000
vn 0.2998 0.9540 0.0000
vn -0.9540 0.2998 0.0000
vn -0.2998 -0.9540 0.0000
vn 0.9540 -0.2998 0.0000
vn 0.9608 -0.2771 0.0000
vn 0.2771 0.9608 0.0000
vn -0.9608 0.2771 0.0000
vn -0.2771 -0.9608 0.0000
vn -0.0000 -1.0000 0.0000
vn 1.0000 -0.0000 0.0000
vn 0.0000 1.0000 0.0000
vn -1.0000 0.0000 0.0000
vn 0.9742 -0.2256 0.0000
vn 0.2256 0.9742 0.0000
vn -0.9742 0.2256 0.0000
vn -0.2256 -0.9742 0.0000
vn -0.1560 -0.9878 0.0000
vn 0.9878 -0.1560 0.0000
vn 0.1560 0.9878 0.0000
vn -0.9878 0.1560 0.0000
vn 0.9334 -0.3589 0.0000
vn 0.3589 0.9334 0.0000
vn -0.9334 0.3589 0.0000
vn -0.3589 -0.9334 0.0000
vn 0.2181 0.9759 0.0000
vn -0.9759 0.2181 0.0000
vn -0.2181 -0.9759 0.0000
vn 0.9759 -0.2181 0.0000
vn -0.0348 -0.9994 0.0000
vn 0.9994 -0.0348 0.0000
vn 0.0348 0.9994 0.0000
vn -0.9994 0.0348 0.0000
vn 0.9994 -0.0352 0.0000
vn 0.0352 0.9994 0.0000
vn -0.9994 0.0352 0.0000
vn -0.0352 -0.9994 0.0000
vn 0.1738 0.9848 0.0000
vn -0.9848 0.1738 0.0000
vn -0.1738 -0.9848 0.0000
vn 0.9848 -0.1738 0.0000
vn 0.9995 -0.0315 0.0000
vn 0.0315 0.9995 0.0000
vn -0.9995 0.0315 0.0000
vn -0.0315 -0.9995 0.0000
vn 0.0465 -0.9989 0.0000
vn 0.9989 0.0465 0.0000
vn -0.0465 0.9989 0.0000
vn -0.9989 -0.0465 0.0000
vn 0.9991 -0.0434 0.0000
vn 0.0434 0.9991 0.0000
vn -0.9991 0.0434 0.0000
vn -0.0434 -0.9991 0.0000
vn 0.9862 0.1659 0.0000
vn -0.1659 0.9862 0.0000
vn -0.9862 -0.1659 0.0000
vn 0.1659 -0.9862 0.0000
vn -0.2524 0.9676 0.0000
vn -0.9676 -0.2524 0.0000
vn 0.2524 -0.9676 0.0000
vn 0.9676 0.2524 0.0000
vn 0.9882 0.1533 0.0000
vn -0.1533 0.9882 0.0000
vn -0.9882 -0.1533 0.0000
vn 0.1533 -0.9882 0.0000
vn -0.1622 0.9868 0.0000
vn -0.9868 -0.1622 0.0000
vn 0.1622 -0.9868 0.0000
vn 0.9868 0.1622 0.0000
vn 0.9887 0.1498 0.0000
vn -0.1498 0.9887 0.0000
vn -0.9887 -0.1498 0.0000
vn 0.1498 -0.9887 0.0000
vn -0.1897 0.9818 0.0000
vn -0.9818 -0.1897 0.0000
vn 0.1897 -0.9818 0.0000
vn 0.9818 0.1897 0.0000
vn 0.9595 0.2816 0.0000
vn -0.2816 0.9595 0.0000
vn -0.9595 -0.2816 0.0000
vn 0.2816 -0.9595 0.0000
vn -0.1342 0.9910 0.0000
vn -0.9910 -0.1342 0.0000
vn 0.1342 -0.9910 0.0000
vn 0.9910 0.1342 0.0000
vn -0.9923 -0.1240 0.0000
vn 0.1240 -0.9923 0.0000
vn 0.9923 0.1240 0.0000
vn -0.1240 0.9923 0.0000
vn -0.3016 0.9534 0.0000
vn -0.9534 -0.3016 0.0000
vn 0.3016 -0.9534 0.0000
vn 0.9534 0.3016 0.0000
vn -0.9871 -0.1604 0.0000
vn 0.1604 -0.9871 0.0000
vn 0.9871 0.1604 0.0000
vn -0.1604 0.9871 0.0000
vn 0.1961 -0.9806 0.0000
vn 0.9806 0.1961 0.0000
vn -0.1961 0.9806 0.0000
vn -0.9806 -0.1961 0.0000
vn -0.9831 -0.1831 0.0000
vn 0.1831 -0.9831 0.0000
vn 0.9831 0.1831 0.0000
vn -0.1831 0.9831 0.0000
vn -0.1947 0.9809 0.0000
vn -0.9809 -0.1947 0.0000
vn 0.1947 -0.9809 0.0000
vn 0.9809 0.1947 0.0000
vn -1.0000 -0.0067 0.0000
vn 0.0067 -1.0000 0.0000
vn 1.0000 0.0067 0.0000
vn -0.0067 1.0000 0.0000
vn -0.1961 -0.9806 0.0000
vn 0.9806 -0.1961 0.0000
vn 0.1961 0.9806 0.0000
vn -0.9806 0.1961 0.0000
vn -0.9997 0.0242 0.0000
vn -0.0242 -0.9997 0.0000
vn 0.9997 -0.0242 0.0000
vn 0.0242 0.9997 0.0000
vn -0.0808 0.9967 0.0000
vn -0.9967 -0.0808 0.0000
vn 0.0808 -0.9967 0.0000
vn 0.9967 0.0808 0.0000
vn -0.9985 0.0554 0.0000
vn -0.0554 -0.9985 0.0000
vn 0.9985 -0.0554 0.0000
vn 0.0554 0.9985 0.0000
vn 0.9990 -0.0451 0.0000
vn 0.0451 0.9990 0.0000
vn -0.9990 0.0451 0.0000
vn -0.0451 -0.9990 0.0000
vn 1.0000 0.0000 0.0000
vn -0.0000 1.0000 0.0000
vn -1.0000 -0.0000 0.0000
vn 0.0000 -1.0000 0.0000
vn -0.0133 0.9999 0.0000
vn -0.9999 -0.0133 0.0000
vn 0.0133 -0.9999 0.0000
vn 0.9999 0.0133 0.0000
vn 0.9969 -0.0784 0.0000
vn 0.0784 0.9969 0.0000
vn -0.9969 0.0784 0.0000
vn -0.0784 -0.9969 0.0000
vn 1.0000 0.0000 0.0000
vn -0.0000 1.0000 0.0000
vn -1.0000 -0.0000 0.0000
vn 0.0000 -1.0000 0.0000
vn 0.0305 0.9995 0.0000
vn -0.9995 0.0305 0.0000
vn -0.0305 -0.9995 0.0000
vn 0.9995 -0.0305 0.0000
vn 1.0000 0.0000 0.0000
vn -0.0000 1.0000 0.0000
vn -1.0000 -0.0000 0.0000
vn 0.0000 -1.0000 0.0000
vn -0.0163 0.9999 0.0000
vn -0.9999 -0.0163 0.0000
vn 0.0163 -0.9999 0.0000
vn 0.9999 0.0163 0.0000
vn 0.9992 -0.0389 0.0000
vn 0.0389 0.9992 0.0000
vn -0.9992 0.0389 0.0000
vn -0.0389 -0.9992 0.0000
vn 0.9833 0.1821 0.0000
vn -0.1821 0.9833 0.0000
vn -0.9833 -0.1821 0.0000
vn 0.1821 -0.9833 0.0000
vn -0.2024 0.9793 0.0000
vn -0.9793 -0.2024 0.0000
vn 0.2024 -0.9793 0.0000
vn 0.9793 0.2024 0.0000
vn -0.3608 0.9326 0.0000
vn -0.9326 -0.3608 0.0000
vn 0.3608 -0.9326 0.0000
vn 0.9326 0.3608 0.0000
vn 0.9399 0.3415 0.0000
vn -0.3415 0.9399 0.0000
vn -0.9399 -0.3415 0.0000
vn 0.3415 -0.9399 0.0000
vn -0.3661 0.9306 0.0000
vn -0.9306 -0.3661 0.0000
vn 0.3661 -0.9306 0.0000
vn 0.9306 0.3661 0.0000
vn -0.9184 -0.3956 0.0000
vn 0.3956 -0.9184 0.0000
vn 0.9184 0.3956 0.0000
vn -0.3956 0.9184 0.0000
vn 0.3636 -0.9316 0.0000
vn 0.9316 0.3636 0.0000
vn -0.3636 0.9316 0.0000
vn -0.9316 -0.3636 0.0000
vn -0.9774 -0.2113 0.0000
vn 0.2113 -0.9774 0.0000
vn 0.9774 0.2113 0.0000
vn -0.2113 0.9774 0.0000
vn 0.2652 -0.9642 0.0000
vn 0.9642 0.2652 0.0000
vn -0.2652 0.9642 0.0000
vn -0.9642 -0.2652 0.0000
vn 0.9506 0.3104 0.0000
vn -0.3104 0.9506 0.0000
vn -0.9506 -0.3104 0.0000
vn 0.3104 -0.9506 0.0000
vn 0.3582 -0.9337 0.0000
vn 0.9337 0.3582 0.0000
vn -0.3582 0.9337 0.0000
vn -0.9337 -0.3582 0.0000
vn 0.9427 0.3335 0.0000
vn -0.3335 0.9427 0.0000
vn -0.9427 -0.3335 0.0000
vn 0.3335 -0.9427 0.0000
vn 0.3714 -0.9285 0.0000
vn 0.9285 0.3714 0.0000
vn -0.3714 0.9285 0.0000
vn -0.9285 -0.3714 0.0000
vn 0.9029 0.4299 0.0000
vn -0.4299 0.9029 0.0000
vn -0.9029 -0.4299 0.0000
vn 0.4299 -0.9029 0.0000
vn -0.3490 0.9371 0.0000
vn -0.9371 -0.3490 0.0000
vn 0.3490 -0.9371 0.0000
vn 0.9371 0.3490 0.0000
vn -0.9242 -0.3818 0.0000
vn 0.3818 -0.9242 0.0000
vn 0.9242 0.3818 0.0000
vn -0.3818 0.9242 0.0000
vn 0.3147 -0.9492 0.0000
vn 0.9492 0.3147 0.0000
vn -0.3147 0.9492 0.0000
vn -0.9492 -0.3147 0.0000
vn 0.9285 0.3714 0.0000
vn -0.3714 0.9285 0.0000
vn -0.9285 -0.3714 0.0000
vn 0.3714 -0.9285 0.0000
vn 0.3851 -0.9229 0.0000
vn 0.9229 0.3851 0.0000
vn -0.3851 0.9229 0.0000
vn -0.9229 -0.3851 0.0000
vn -0.9258 -0.3780 0.0000
vn 0.3780 -0.9258 0.0000
vn 0.9258 0.3780 0.0000
vn -0.3780 0.9258 0.0000
vn -0.8627 -0.5057 0.0000
vn 0.5057 -0.8627 0.0000
vn 0.8627 0.5057 0.0000
vn -0.5057 0.8627 0.0000
vn 0.9272 0.3746 0.0000
vn -0.3746 0.9272 0.0000
vn -0.9272 -0.3746 0.0000
vn 0.3746 -0.9272 0.0000
vn -0.2912 0.9567 0.0000
vn -0.9567 -0.2912 0.0000
vn 0.2912 -0.9567 0.0000
vn 0.9567 0.2912 0.0000
vn -0.8559 -0.5171 0.0000
vn 0.5171 -0.8559 0.0000
vn 0.8559 0.5171 0.0000
vn -0.5171 0.8559 0.0000
vn -0.1875 0.9823 0.0000
vn -0.9823 -0.1875 0.0000
vn 0.1875 -0.9823 0.0000
vn 0.9823 0.1875 0.0000
vn 0.9812 0.1930 0.0000
vn -0.1930 0.9812 0.0000
vn -0.9812 -0.1930 0.0000
vn 0.1930 -0.9812 0.0000
vn -0.2309 0.9730 0.0000
vn -0.9730 -0.2309 0.0000
vn 0.2309 -0.9730 0.0000
vn 0.9730 0.2309 0.0000
vn -0.9857 -0.1687 0.0000
vn 0.1687 -0.9857 0.0000
vn 0.9857 0.1687 0.0000
vn -0.1687 0.9857 0.0000
vn -0.9984 0.0560 0.0000
vn -0.0560 -0.9984 0.0000
vn 0.9984 -0.0560 0.0000
vn 0.0560 0.9984 0.0000
vn -0.0770 -0.9970 0.0000
vn 0.9970 -0.0770 0.0000
vn 0.0770 0.9970 0.0000
vn -0.9970 0.0770 0.0000
vn 0.2119 -0.9773 0.0000
vn 0.9773 0.2119 0.0000
vn -0.2119 0.9773 0.0000
vn -0.9773 -0.2119 0.0000
vn -0.9915 -0.1303 0.0000
vn 0.1303 -0.9915 0.0000
vn 0.9915 0.1303 0.0000
vn -0.1303 0.9915 0.0000
vn 0.1631 -0.9866 0.0000
vn 0.9866 0.1631 0.0000
vn -0.1631 0.9866 0.0000
vn -0.9866 -0.1631 0.0000
vn -0.1415 0.9899 0.0000
vn -0.9899 -0.1415 0.0000
vn 0.1415 -0.9899 0.0000
vn 0.9899 0.1415 0.0000
vn 0.9760 0.2176 0.0000
vn -0.2176 0.9760 0.0000
vn -0.9760 -0.2176 0.0000
vn 0.2176 -0.9760 0.0000
vn -0.9716 0.2366 0.0000
vn -0.2366 -0.9716 0.0000
vn 0.9716 -0.2366 0.0000
vn 0.2366 0.9716 0.0000
vn -0.2878 -0.9577 0.0000
vn 0.9577 -0.2878 0.0000
vn 0.2878 0.9577 0.0000
vn -0.9577 0.2878 0.0000
vn 0.3956 0.9184 0.0000
vn -0.9184 0.3956 0.0000
vn -0.3956 -0.9184 0.0000
vn 0.9184 -0.3956 0.0000
vn -0.9558 0.2941 0.0000
vn -0.2941 -0.9558 0.0000
vn 0.9558 -0.2941 0.0000
vn 0.2941 0.9558 0.0000
vn -0.2209 -0.9753 0.0000
vn 0.9753 -0.2209 0.0000
vn 0.2209 0.9753 0.0000
vn -0.9753 0.2209 0.0000
vn -0.9752 0.2213 0.0000
vn -0.2213 -0.9752 0.0000
vn 0.9752 -0.2213 0.0000
vn 0.2213 0.9752 0.0000
vn 0.2698 0.9629 0.0000
vn -0.9629 0.2698 0.0000
vn -0.2698 -0.9629 0.0000
vn 0.9629 -0.2698 0.0000
vn -0.9657 0.2596 0.0000
vn -0.2596 -0.9657 0.0000
vn 0.9657 -0.2596 0.0000
vn 0.2596 0.9657 0.0000
vn -0.8927 0.4506 0.0000
vn -0.4506 -0.8927 0.0000
vn 0.8927 -0.4506 0.0000
vn 0.4506 0.8927 0.0000
vn -0.2900 -0.9570 0.0000
vn 0.9570 -0.2900 0.0000
vn 0.2900 0.9570 0.0000
vn -0.9570 0.2900 0.0000
vn -0.8682 0.4961 0.0000
vn -0.4961 -0.8682 0.0000
vn 0.8682 -0.4961 0.0000
vn 0.4961 0.8682 0.0000
vn -0.8235 0.5673 0.0000
vn -0.5673 -0.8235 0.0000
vn 0.8235 -0.5673 0.0000
vn 0.5673 0.8235 0.0000
vn 0.6454 0.7638 0.0000
vn -0.7638 0.6454 0.0000
vn -0.6454 -0.7638 0.0000
vn 0.7638 -0.6454 0.0000
vn -0.7813 0.6242 0.0000
vn -0.6242 -0.7813 0.0000
vn 0.7813 -0.6242 0.0000
vn 0.6242 0.7813 0.0000
vn -0.6166 -0.7872 0.0000
vn 0.7872 -0.6166 0.0000
vn 0.6166 0.7872 0.0000
vn -0.7872 0.6166 0.0000
vn 0.0107 0.9999 0.0000
vn -0.9999 0.0107 0.0000
vn -0.0107 -0.9999 0.0000
vn 0.9999 -0.0107 0.0000
vn 0.0282 0.9996 0.0000
vn -0.9996 0.0282 0.0000
vn -0.0282 -0.9996 0.0000
vn 0.9996 -0.0282 0.0000
vn 0.0137 0.9999 0.0000
vn -0.9999 0.0137 0.0000
vn -0.0137 -0.9999 0.0000
vn 0.9999 -0.0137 0.0000
vn 0.0197 0.9998 0.0000
vn -0.9998 0.0197 0.0000
vn -0.0197 -0.9998 0.0000
vn 0.9998 -0.0197 0.0000
vn 0.0333 0.9994 0.0000
vn -0.9994 0.0333 0.0000
vn -0.0333 -0.9994 0.0000
vn 0.9994 -0.0333 0.0000
vn 0.0347 0.9994 0.0000
vn -0.9994 0.0347 0.0000
vn -0.0347 -0.9994 0.0000
vn 0.9994 -0.0347 0.0000
vn 0.0358 0.9994 0.0000
vn -0.9994 0.0358 0.0000
vn -0.0358 -0.9994 0.0000
vn 0.9994 -0.0358 0.0000
vn -0.2000 0.9798 0.0000
vn -0.9798 -0.2000 0.0000
vn 0.2000 -0.9798 0.0000
vn 0.9798 0.2000 0.0000
vn 0.0124 -0.9999 0.0000
vn 0.9999 0.0124 0.0000
vn -0.0124 0.9999 0.0000
vn -0.9999 -0.0124 0.0000
vn 0.0260 0.9997 0.0000
vn -0.9997 0.0260 0.0000
vn -0.0260 -0.9997 0.0000
vn 0.9997 -0.0260 0.0000
vn -0.0262 -0.9997 0.0000
vn 0.9997 -0.0262 0.0000
vn 0.0262 0.9997 0.0000
vn -0.9997 0.0262 0.0000
vn 0.0000 1.0000 0.0000
vn -1.0000 0.0000 0.0000
vn 0.0000 -1.0000 0.0000
vn 1.0000 0.0000 0.0000
vn 0.0342 0.9994 0.0000
vn -0.9994 0.0342 0.0000
vn -0.0342 -0.9994 0.0000
vn 0.9994 -0.0342 0.0000
vn 0.0419 0.9991 0.0000
vn -0.9991 0.0419 0.0000
vn -0.0419 -0.9991 0.0000
vn 0.9991 -0.0419 0.0000
vn 0.0351 0.9994 0.0000
vn -0.9994 0.0351 0.0000
vn -0.0351 -0.9994 0.0000
vn 0.9994 -0.0351 0.0000
vn 0.9993 -0.0364 0.0000
vn 0.0364 0.9993 0.0000
vn -0.9993 0.0364 0.0000
vn -0.0364 -0.9993 0.0000
vn 0.9844 0.1758 0.0000
vn -0.1758 0.9844 0.0000
vn -0.9844 -0.1758 0.0000
vn 0.1758 -0.9844 0.0000
vn 0.3166 -0.9486 0.0000
vn 0.9486 0.3166 0.0000
vn -0.3166 0.9486 0.0000
vn -0.9486 -0.3166 0.0000
vn 0.0428 0.9991 0.0000
vn -0.9991 0.0428 0.0000
vn -0.0428 -0.9991 0.0000
vn 0.9991 -0.0428 0.0000
vn 0.0220 0.9998 0.0000
vn -0.9998 0.0220 0.0000
vn -0.0220 -0.9998 0.0000
vn 0.9998 -0.0220 0.0000
vn 0.0262 0.9997 0.0000
vn -0.9997 0.0262 0.0000
vn -0.0262 -0.9997 0.0000
vn 0.9997 -0.0262 0.0000
vn 0.0456 0.9990 0.0000
vn -0.9990 0.0456 0.0000
vn -0.0456 -0.9990 0.0000
vn 0.9990 -0.0456 0.0000
vn 0.0233 0.9997 0.0000
vn -0.9997 0.0233 0.0000
vn -0.0233 -0.9997 0.0000
vn 0.9997 -0.0233 0.0000
vn 0.0317 0.9995 0.0000
vn -0.9995 0.0317 0.0000
vn -0.0317 -0.9995 0.0000
vn 0.9995 -0.0317 0.0000
vn 0.9988 -0.0482 0.0000
vn 0.0482 0.9988 0.0000
vn -0.9988 0.0482 0.0000
vn -0.0482 -0.9988 0.0000
vn 0.9575 0.2884 0.0000
vn -0.2884 0.9575 0.0000
vn -0.9575 -0.2884 0.0000
vn 0.2884 -0.9575 0.0000
vn 0.0051 1.0000 0.0000
vn -1.0000 0.0051 0.0000
vn -0.0051 -1.0000 0.0000
vn 1.0000 -0.0051 0.0000
vn 0.0584 0.9983 0.0000
vn -0.9983 0.0584 0.0000
vn -0.0584 -0.9983 0.0000
vn 0.9983 -0.0584 0.0000
vn -0.0232 -0.9997 0.0000
vn 0.9997 -0.0232 0.0000
vn 0.0232 0.9997 0.0000
vn -0.9997 0.0232 0.0000
vn -0.0535 -0.9986 0.0000
vn 0.9986 -0.0535 0.0000
vn 0.0535 0.9986 0.0000
vn -0.9986 0.0535 0.0000
vn 0.0379 0.9993 0.0000
vn -0.9993 0.0379 0.0000
vn -0.0379 -0.9993 0.0000
vn 0.9993 -0.0379 0.0000
vn 0.2620 -0.9651 0.0000
vn 0.9651 0.2620 0.0000
vn -0.2620 0.9651 0.0000
vn -0.9651 -0.2620 0.0000
vn -0.0394 -0.9992 0.0000
vn 0.9992 -0.0394 0.0000
vn 0.0394 0.9992 0.0000
vn -0.9992 0.0394 0.0000
vn 0.0406 0.9992 0.0000
vn -0.9992 0.0406 0.0000
vn -0.0406 -0.9992 0.0000
vn 0.9992 -0.0406 0.0000
vn 0.0342 0.9994 0.0000
vn -0.9994 0.0342 0.0000
vn -0.0342 -0.9994 0.0000
vn 0.9994 -0.0342 0.0000
vn 0.0115 0.9999 0.0000
vn -0.9999 0.0115 0.0000
vn -0.0115 -0.9999 0.0000
vn 0.9999 -0.0115 0.0000
vn 0.0076 1.0000 0.0000
vn -1.0000 0.0076 0.0000
vn -0.0076 -1.0000 0.0000
vn 1.0000 -0.0076 0.0000
vn 0.4571 0.8894 0.0000
vn -0.8894 0.4571 0.0000
vn -0.4571 -0.8894 0.0000
vn 0.8894 -0.4571 0.0000
vn -0.9755 0.2201 0.0000
vn -0.2201 -0.9755 0.0000
vn 0.9755 -0.2201 0.0000
vn 0.2201 0.9755 0.0000
vn -0.9118 0.4106 0.0000
vn -0.4106 -0.9118 0.0000
vn 0.9118 -0.4106 0.0000
vn 0.4106 0.9118 0.0000
vn -0.4158 -0.9095 0.0000
vn 0.9095 -0.4158 0.0000
vn 0.4158 0.9095 0.0000
vn -0.9095 0.4158 0.0000
vn -0.4670 -0.8843 0.0000
vn 0.8843 -0.4670 0.0000
vn 0.4670 0.8843 0.0000
vn -0.8843 0.4670 0.0000
vn -0.9166 0.3999 0.0000
vn -0.3999 -0.9166 0.0000
vn 0.9166 -0.3999 0.0000
vn 0.3999 0.9166 0.0000
vn 0.4444 0.8958 0.0000
vn -0.8958 0.4444 0.0000
vn -0.4444 -0.8958 0.0000
vn 0.8958 -0.4444 0.0000
vn -0.4634 -0.8861 0.0000
vn 0.8861 -0.4634 0.0000
vn 0.4634 0.8861 0.0000
vn -0.8861 0.4634 0.0000
vn -0.3898 -0.9209 0.0000
vn 0.9209 -0.3898 0.0000
vn 0.3898 0.9209 0.0000
vn -0.9209 0.3898 0.0000
vn -0.4337 -0.9011 0.0000
vn 0.9011 -0.4337 0.0000
vn 0.4337 0.9011 0.0000
vn -0.9011 0.4337 0.0000
vn -0.4486 -0.8938 0.0000
vn 0.8938 -0.4486 0.0000
vn 0.4486 0.8938 0.0000
vn -0.8938 0.4486 0.0000
vn -0.4100 -0.9121 0.0000
vn 0.9121 -0.4100 0.0000
vn 0.4100 0.9121 0.0000
vn -0.9121 0.4100 0.0000
vn -0.4484 -0.8938 0.0000
vn 0.8938 -0.4484 0.0000
vn 0.4484 0.8938 0.0000
vn -0.8938 0.4484 0.0000
vn -0.4566 -0.8897 0.0000
vn 0.8897 -0.4566 0.0000
vn 0.4566 0.8897 0.0000
vn -0.8897 0.4566 0.0000
vn -0.6080 -0.7940 0.0000
vn 0.7940 -0.6080 0.0000
vn 0.6080 0.7940 0.0000
vn -0.7940 0.6080 0.0000
vn -0.5253 -0.8509 0.0000
vn 0.8509 -0.5253 0.0000
vn 0.5253 0.8509 0.0000
vn -0.8509 0.5253 0.0000
vn 0.5872 0.8095 0.0000
vn -0.8095 0.5872 0.0000
vn -0.5872 -0.8095 0.0000
vn 0.8095 -0.5872 0.0000
vn 0.7905 -0.6124 0.0000
vn 0.6124 0.7905 0.0000
vn -0.7905 0.6124 0.0000
vn -0.6124 -0.7905 0.0000
vn 0.6089 0.7932 0.0000
vn -0.7932 0.6089 0.0000
vn -0.6089 -0.7932 0.0000
vn 0.7932 -0.6089 0.0000
vn -0.5978 -0.8016 0.0000
vn 0.8016 -0.5978 0.0000
vn 0.5978 0.8016 0.0000
vn -0.8016 0.5978 0.0000
vn 0.6102 0.7923 0.0000
vn -0.7923 0.6102 0.0000
vn -0.6102 -0.7923 0.0000
vn 0.7923 -0.6102 0.0000
vn 0.6086 0.7935 0.0000
vn -0.7935 0.6086 0.0000
vn -0.6086 -0.7935 0.0000
vn 0.7935 -0.6086 0.0000
vn 0.5895 0.8077 0.0000
vn -0.8077 0.5895 0.0000
vn -0.5895 -0.8077 0.0000
vn 0.8077 -0.5895 0.0000
vn 0.5925 0.8056 0.0000
vn -0.8056 0.5925 0.0000
vn -0.5925 -0.8056 0.0000
vn 0.8056 -0.5925 0.0000
vn 0.5897 0.8076 0.0000
vn -0.8076 0.5897 0.0000
vn -0.5897 -0.8076 0.0000
vn 0.8076 -0.5897 0.0000
vn 0.7902 0.6128 0.0000
vn -0.6128 0.7902 0.0000
vn -0.7902 -0.6128 0.0000
vn 0.6128 -0.7902 0.0000
vn 0.7694 0.6388 0.0000
vn -0.6388 0.7694 0.0000
vn -0.7694 -0.6388 0.0000
vn 0.6388 -0.7694 0.0000
vn 0.7785 0.6277 0.0000
vn -0.6277 0.7785 0.0000
vn -0.7785 -0.6277 0.0000
vn 0.6277 -0.7785 0.0000
vn 0.7650 0.6441 0.0000
vn -0.6441 0.7650 0.0000
vn -0.7650 -0.6441 0.0000
vn 0.6441 -0.7650 0.0000
vn 0.7554 0.6552 0.0000
vn -0.6552 0.7554 0.0000
vn -0.7554 -0.6552 0.0000
vn 0.6552 -0.7554 0.0000
vn -0.7182 -0.6958 0.0000
vn 0.6958 -0.7182 0.0000
vn 0.7182 0.6958 0.0000
vn -0.6958 0.7182 0.0000
vn -0.7104 -0.7038 0.0000
vn 0.7038 -0.7104 0.0000
vn 0.7104 0.7038 0.0000
vn -0.7038 0.7104 0.0000
vn -0.7417 -0.6707 0.0000
vn 0.6707 -0.7417 0.0000
vn 0.7417 0.6707 0.0000
vn -0.6707 0.7417 0.0000
vn -0.6431 -0.7658 0.0000
vn 0.7658 -0.6431 0.0000
vn 0.6431 0.7658 0.0000
vn -0.7658 0.6431 0.0000
vn 0.7441 0.6681 0.0000
vn -0.6681 0.7441 0.0000
vn -0.7441 -0.6681 0.0000
vn 0.6681 -0.7441 0.0000
vn -0.6412 0.7674 0.0000
vn -0.7674 -0.6412 0.0000
vn 0.6412 -0.7674 0.0000
vn 0.7674 0.6412 0.0000
usemtl wall_1
s off
g walls
f 1/1/2 2/2/2 3/3/2
f 4/4/2 3/3/2 2/2/2
f 3/3/3 4/4/3 5/5/3
f 6/6/3 5/5/3 4/4/3
f 5/5/4 6/6/4 7/7/4
f 8/8/4 7/7/4 6/6/4
f 7/7/5 8/8/5 1/1/5
f 2/2/5 1/1/5 8/8/5
f 2/1/1 6/1/1 4/1/1
f 2/1/1 8/1/1 6/1/1
f 9/9/6 10/10/6 11/11/6
f 12/12/6 11/11/6 10/10/6
f 11/11/7 12/12/7 13/13/7
f 14/14/7 13/13/7 12/12/7
f 13/13/8 14/14/8 15/15/8
f 16/16/8 15/15/8 14/14/8
f 15/15/9 16/16/9 9/9/9
f 10/10/9 9/9/9 16/16/9
f 10/1/1 14/1/1 12/1/1
f 10/1/1 16/1/1 14/1/1
f 17/17/10 18/18/10 19/19/10
f 20/20/10 19/19/10 18/18/10
f 19/19/11 20/20/11 21/21/11
f 22/22/11 21/21/11 20/20/11
f 21/21/12 22/22/12 23/23/12
f 24/24/12 23/23/12 22/22/12
f 23/23/13 24/24/13 17/17/13
f 18/18/13 17/17/13 24/24/13
f 18/1/1 22/1/1 20/1/1
f 18/1/1 24/1/1 22/1/1
f 25/25/14 26/26/14 27/27/14
f 28/28/14 27/27/14 26/26/14
f 27/27/15 28/28/15 29/29/15
f 30/30/15 29/29/15 28/28/15
f 29/29/16 30/30/16 31/31/16
f 32/32/16 31/31/16 30/30/16
f 31/31/17 32/32/17 25/25/17
f 26/26/17 25/25/17 32/32/17
f 26/1/1 30/1/1 28/1/1
f 26/1/1 32/1/1 30/1/1
f 33/33/18 34/34/18 35/35/18
f 36/36/18 35/35/18 34/34/18
f 35/35/19 36/36/19 37/37/19
f 38/38/19 37/37/19 36/36/19
f 37/37/20 38/38/20 39/39/20
f 40/40/20 39/39/20 38/38/20
f 39/39/21 40/40/21 33/33/21
f 34/34/21 33/33/21 40/40/21
f 34/1/1 38/1/1 36/1/1
f 34/1/1 40/1/1 38/1/1
f 41/41/22 42/42/22 43/43/22
f 44/44/22 43/43/22 42/42/22
f 43/43/23 44/44/23 45/45/23
f 46/46/23 45/45/23 44/44/23
f 45/45/24 46/46/24 47/47/24
f 48/48/24 47/47/24 46/46/24
f 47/47/25 48/48/25 41/41/25
f 42/42/25 41/41/25 48/48/25
f 42/1/1 46/1/1 44/1/1
f 42/1/1 48/1/1 46/1/1
f 49/49/26 50/50/26 51/51/26
f 52/52/26 51/51/26 50/50/26
f 51/51/27 52/52/27 53/53/27
f 54/54/27 53/53/27 52/52/27
f 53/53/28 54/54/28 55/55/28
f 56/56/28 55/55/28 54/54/28
f 55/55/29 56/56/29 49/49/29
f 50/50/29 49/49/29 56/56/29
f 50/1/1 54/1/1 52/1/1
f 50/1/1 56/1/1 54/1/1
f 57/57/30 58/58/30 59/59/30
f 60/60/30 59/59/30 58/58/30
f 59/59/31 60/60/31 61/61/31
f 62/62/31 61/61/31 60/60/31
f 61/61/32 62/62/32 63/63/32
f 64/64/32 63/63/32 62/62/32
f 63/63/33 64/64/33 57/57/33
f 58/58/33 57/57/33 64/64/33
f 58/1/1 62/1/1 60/1/1
f 58/1/1 64/1/1 62/1/1
f 65/65/34 66/66/34 67/67/34
f 68/68/34 67/67/34 66/66/34
f 67/67/35 68/68/35 69/69/35
f 70/70/35 69/69/35 68/68/35
f 69/69/36 70/70/36 71/71/36
f 72/72/36 71/71/36 70/70/36
f 71/71/37 72/72/37 65/65/37
f 66/66/37 65/65/37 72/72/37
f 66/1/1 70/1/1 68/1/1
f 66/1/1 72/1/1 70/1/1
f 73/73/38 74/74/38 75/75/38
f 76/76/38 75/75/38 74/74/38
f 75/75/39 76/76/39 77/77/39
f 78/78/39 77/77/39 76/76/39
f 77/77/40 78/78/40 79/79/40
f 80/80/40 79/79/40 78/78/40
f 79/79/41 80/80/41 73/73/41
f 74/74/41 73/73/41 80/80/41
f 74/1/1 78/1/1 76/1/1
f 74/1/1 80/1/1 78/1/1
f 81/81/42 82/82/42 83/83/42
f 84/84/42 83/83/42 82/82/42
f 83/83/43 84/84/43 85/85/43
f 86/86/43 85/85/43 84/84/43
f 85/85/44 86/86/44 87/87/44
f 88/88/44 87/87/44 86/86/44
f 87/87/45 88/88/45 81/81/45
f 82/82/45 81/81/45 88/88/45
f 82/1/1 86/1/1 84/1/1
f 82/1/1 88/1/1 86/1/1
f 89/89/46 90/90/46 91/91/46
f 92/92/46 91/91/46 90/90/46
f 91/91/47 92/92/47 93/93/47
f 94/94/47 93/93/47 92/92/47
f 93/93/48 94/94/48 95/95/48
f 96/96/48 95/95/48 94/94/48
f 95/95/49 96/96/49 89/89/49
f 90/90/49 89/89/49 96/96/49
f 90/1/1 94/1/1 92/1/1
f 90/1/1 96/1/1 94/1/1
f 97/97/50 98/98/50 99/99/50
f 100/100/50 99/99/50 98/98/50
f 99/99/51 100/100/51 101/101/51
f 102/102/51 101/101/51 100/100/51
f 101/101/52 102/102/52 103/103/52
f 104/104/52 103/103/52 102/102/52
f 103/103/53 104/104/53 97/97/53
f 98/98/53 97/97/53 104/104/53
f 98/1/1 102/1/1 100/1/1
f 98/1/1 104/1/1 102/1/1
f 105/105/54 106/106/54 107/107/54
f 108/108/54 107/107/54 106/106/54
f 107/107/55 108/108/55 109/109/55
f 110/110/55 109/109/55 108/108/55
f 109/109/56 110/110/56 111/111/56
f 112/112/56 111/111/56 110/110/56
f 111/111/57 112/112/57 105/105/57
f 106/106/57 105/105/57 112/112/57
f 106/1/1 110/1/1 108/1/1
f 106/1/1 112/1/1 110/1/1
f 113/113/58 114/114/58 115/115/58
f 116/116/58 115/115/58 114/114/58
f 115/115/59 116/116/59 117/117/59
f 118/118/59 117/117/59 116/116/59
f 117/117/60 118/118/60 119/119/60
f 120/120/60 119/119/60 118/118/60
f 119/119/61 120/120/61 113/113/61
f 114/114/61 113/113/61 120/120/61
f 114/1/1 118/1/1 116/1/1
f 114/1/1 120/1/1 118/1/1
f 121/121/62 122/122/62 123/123/62
f 124/124/62 123/123/62 122/122/62
f 123/123/63 124/124/63 125/125/63
f 126/126/63 125/125/63 124/124/63
f 125/125/64 126/126/64 127/127/64
f 128/128/64 127/127/64 126/126/64
f 127/127/65 128/128/65 121/121/65
f 122/122/65 121/121/65 128/128/65
f 122/1/1 126/1/1 124/1/1
f 122/1/1 128/1/1 126/1/1
f 129/129/66 130/130/66 131/131/66
f 132/132/66 131/131/66 130/130/66
f 131/131/67 132/132/67 133/133/67
f 134/134/67 133/133/67 132/132/67
f 133/133/68 134/134/68 135/135/68
f 136/136/68 135/135/68 134/134/68
f 135/135/69 136/136/69 129/129/69
f 130/130/69 129/129/69 136/136/69
f 130/1/1 134/1/1 132/1/1
f 130/1/1 136/1/1 134/1/1
f 137/137/70 138/138/70 139/139/70
f 140/140/70 139/139/70 138/138/70
f 139/139/71 140/140/71 141/141/71
f 142/142/71 141/141/71 140/140/71
f 141/141/72 142/142/72 143/143/72
f 144/144/72 143/143/72 142/142/72
f 143/143/73 144/144/73 137/137/73
f 138/138/73 137/137/73 144/144/73
f 138/1/1 142/1/1 140/1/1
f 138/1/1 144/1/1 142/1/1
f 145/145/74 146/146/74 147/147/74
f 148/148/74 147/147/74 146/146/74
f 147/147/75 148/148/75 149/149/75
f 150/150/75 149/149/75 148/148/75
f 149/149/76 150/150/76 151/151/76
f 152/152/76 151/151/76 150/150/76
f 151/151/77 152/152/77 145/145/77
f 146/146/77 145/145/77 152/152/77
f 146/1/1 150/1/1 148/1/1
f 146/1/1 152/1/1 150/1/1
f 153/153/78 154/154/78 155/155/78
f 156/156/78 155/155/78 154/154/78
f 155/155/79 156/156/79 157/157/79
f 158/158/79 157/157/79 156/156/79
f 157/157/80 158/158/80 159/159/80
f 160/160/80 159/159/80 158/158/80
f 159/159/81 160/160/81 153/153/81
f 154/154/81 153/153/81 160/160/81
f 154/1/1 158/1/1 156/1/1
f 154/1/1 160/1/1 158/1/1
f 161/161/82 162/162/82 163/163/82
f 164/164/82 163/163/82 162/162/82
f 163/163/83 164/164/83 165/165/83
f 166/166/83 165/165/83 164/164/83
f 165/165/84 166/166/84 167/167/84
f 168/168/84 167/167/84 166/166/84
f 167/167/85 168/168/85 161/161/85
f 162/162/85 161/161/85 168/168/85
f 162/1/1 166/1/1 164/1/1
f 162/1/1 168/1/1 166/1/1
f 169/169/86 170/170/86 171/171/86
f 172/172/86 171/171/86 170/170/86
f 171/171/87 172/172/87 173/173/87
f 174/174/87 173/173/87 172/172/87
f 173/173/88 174/174/88 175/175/88
f 176/176/88 175/175/88 174/174/88
f 175/175/89 176/176/89 169/169/89
f 170/170/89 169/169/89 176/176/89
f 170/1/1 174/1/1 172/1/1
f 170/1/1 176/1/1 174/1/1
f 177/177/90 178/178/90 179/179/90
f 180/180/90 179/179/90 178/178/90
f 179/179/91 180/180/91 181/181/91
f 182/182/91 181/181/91 180/180/91
f 181/181/92 182/182/92 183/183/92
f 184/184/92 183/183/92 182/182/92
f 183/183/93 184/184/93 177/177/93
f 178/178/93 177/177/93 184/184/93
f 178/1/1 182/1/1 180/1/1
f 178/1/1 184/1/1 182/1/1
f 185/185/94 186/186/94 187/187/94
f 188/188/94 187/187/94 186/186/94
f 187/187/95 188/188/95 189/189/95
f 190/190/95 189/189/95 188/188/95
f 189/189/96 190/190/96 191/191/96
f 192/192/96 191/191/96 190/190/96
f 191/191/97 192/192/97 185/185/97
f 186/186/97 185/185/97 192/192/97
f 186/1/1 190/1/1 188/1/1
f 186/1/1 192/1/1 190/1/1
f 193/193/98 194/194/98 195/195/98
f 196/196/98 195/195/98 194/194/98
f 195/195/99 196/196/99 197/197/99
f 198/198/99 197/197/99 196/196/99
f 197/197/100 198/198/100 199/199/100
f 200/200/100 199/199/100 198/198/100
f 199/199/101 200/200/101 193/193/101
f 194/194/101 193/193/101 200/200/101
f 194/1/1 198/1/1 196/1/1
f 194/1/1 200/1/1 198/1/1
f 201/201/102 202/202/102 203/203/102
f 204/204/102 203/203/102 202/202/102
f 203/203/103 204/204/103 205/205/103
f 206/206/103 205/205/103 204/204/103
f 205/205/104 206/206/104 207/207/104
f 208/208/104 207/207/104 206/206/104
f 207/207/105 208/208/105 201/201/105
f 202/202/105 201/201/105 208/208/105
f 202/1/1 206/1/1 204/1/1
f 202/1/1 208/1/1 206/1/1
f 209/209/106 210/210/106 211/211/106
f 212/212/106 211/211/106 210/210/106
f 211/211/107 212/212/107 213/213/107
f 214/214/107 213/213/107 212/212/107
f 213/213/108 214/214/108 215/215/108
f 216/216/108 215/215/108 214/214/108
f 215/215/109 216/216/109 209/209/109
f 210/210/109 209/209/109 216/216/109
f 210/1/1 214/1/1 212/1/1
f 210/1/1 216/1/1 214/1/1
f 217/217/110 218/218/110 219/219/110
f 220/220/110 219/219/110 218/218/110
f 219/219/111 220/220/111 221/221/111
f 222/222/111 221/221/111 220/220/111
f 221/221/112 222/222/112 223/223/112
f 224/224/112 223/223/112 222/222/112
f 223/223/113 224/224/113 217/217/113
f 218/218/113 217/217/113 224/224/113
f 218/1/1 222/1/1 220/1/1
f 218/1/1 224/1/1 222/1/1
f 225/225/114 226/226/114 227/227/114
f 228/228/114 227/227/114 226/226/114
f 227/227/115 228/228/115 229/229/115
f 230/230/115 229/229/115 228/228/115
f 229/229/116 230/230/116 231/231/116
f 232/232/116 231/231/116 230/230/116
f 231/231/117 232/232/117 225/225/117
f 226/226/117 225/225/117 232/232/117
f 226/1/1 230/1/1 228/1/1
f 226/1/1 232/1/1 230/1/1
f 233/233/118 234/234/118 235/235/118
f 236/236/118 235/235/118 234/234/118
f 235/235/119 236/236/119 237/237/119
f 238/238/119 237/237/119 236/236/119
f 237/237/120 238/238/120 239/239/120
f 240/240/120 239/239/120 238/238/120
f 239/239/121 240/240/121 233/233/121
f 234/234/121 233/233/121 240/240/121
f 234/1/1 238/1/1 236/1/1
f 234/1/1 240/1/1 238/1/1
f 241/241/122 242/242/122 243/243/122
f 244/244/122 243/243/122 242/242/122
f 243/243/123 244/244/123 245/245/123
f 246/246/123 245/245/123 244/244/123
f 245/245/124 246/246/124 247/247/124
f 248/248/124 247/247/124 246/246/124
f 247/247/125 248/248/125 241/241/125
f 242/242/125 241/241/125 248/248/125
f 242/1/1 246/1/1 244/1/1
f 242/1/1 248/1/1 246/1/1
f 249/249/126 250/250/126 251/251/126
f 252/252/126 251/251/126 250/250/126
f 251/251/127 252/252/127 253/253/127
f 254/254/127 253/253/127 252/252/127
f 253/253/128 254/254/128 255/255/128
f 256/256/128 255/255/128 254/254/128
f 255/255/129 256/256/129 249/249/129
f 250/250/129 249/249/129 256/256/129
f 250/1/1 254/1/1 252/1/1
f 250/1/1 256/1/1 254/1/1
f 257/257/130 258/258/130 259/259/130
f 260/260/130 259/259/130 258/258/130
f 259/259/131 260/260/131 261/261/131
f 262/262/131 261/261/131 260/260/131
f 261/261/132 262/262/132 263/263/132
f 264/264/132 263/263/132 262/262/132
f 263/263/133 264/264/133 257/257/133
f 258/258/133 257/257/133 264/264/133
f 258/1/1 262/1/1 260/1/1
f 258/1/1 264/1/1 262/1/1
f 265/265/134 266/266/134 267/267/134
f 268/268/134 267/267/134 266/266/134
f 267/267/135 268/268/135 269/269/135
f 270/270/135 269/269/135 268/268/135
f 269/269/136 270/270/136 271/271/136
f 272/272/136 271/271/136 270/270/136
f 271/271/137 272/272/137 265/265/137
f 266/266/137 265/265/137 272/272/137
f 266/1/1 270/1/1 268/1/1
f 266/1/1 272/1/1 270/1/1
f 273/273/138 274/274/138 275/275/138
f 276/276/138 275/275/138 274/274/138
f 275/275/139 276/276/139 277/277/139
f 278/278/139 277/277/139 276/276/139
f 277/277/140 278/278/140 279/279/140
f 280/280/140 279/279/140 278/278/140
f 279/279/141 280/280/141 273/273/141
f 274/274/141 273/273/141 280/280/141
f 274/1/1 278/1/1 276/1/1
f 274/1/1 280/1/1 278/1/1
f 281/281/142 282/282/142 283/283/142
f 284/284/142 283/283/142 282/282/142
f 283/283/143 284/284/143 285/285/143
f 286/286/143 285/285/143 284/284/143
f 285/285/144 286/286/144 287/287/144
f 288/288/144 287/287/144 286/286/144
f 287/287/145 288/288/145 281/281/145
f 282/282/145 281/281/145 288/288/145
f 282/1/1 286/1/1 284/1/1
f 282/1/1 288/1/1 286/1/1
f 289/289/146 290/290/146 291/291/146
f 292/292/146 291/291/146 290/290/146
f 291/291/147 292/292/147 293/293/147
f 294/294/147 293/293/147 292/292/147
f 293/293/148 294/294/148 295/295/148
f 296/296/148 295/295/148 294/294/148
f 295/295/149 296/296/149 289/289/149
f 290/290/149 289/289/149 296/296/149
f 290/1/1 294/1/1 292/1/1
f 290/1/1 296/1/1 294/1/1
f 297/297/150 298/298/150 299/299/150
f 300/300/150 299/299/150 298/298/150
f 299/299/151 300/300/151 301/301/151
f 302/302/151 301/301/151 300/300/151
f 301/301/152 302/302/152 303/303/152
f 304/304/152 303/303/152 302/302/152
f 303/303/153 304/304/153 297/297/153
f 298/298/153 297/297/153 304/304/153
f 298/1/1 302/1/1 300/1/1
f 298/1/1 304/1/1 302/1/1
f 305/305/154 306/306/154 307/307/154
f 308/308/154 307/307/154 306/306/154
f 307/307/155 308/308/155 309/309/155
f 310/310/155 309/309/155 308/308/155
f 309/309/156 310/310/156 311/311/156
f 312/312/156 311/311/156 310/310/156
f 311/311/157 312/312/157 305/305/157
f 306/306/157 305/305/157 312/312/157
f 306/1/1 310/1/1 308/1/1
f 306/1/1 312/1/1 310/1/1
f 313/313/158 314/314/158 315/315/158
f 316/316/158 315/315/158 314/314/158
f 315/315/159 316/316/159 317/317/159
f 318/318/159 317/317/159 316/316/159
f 317/317/160 318/318/160 319/319/160
f 320/320/160 319/319/160 318/318/160
f 319/319/161 320/320/161 313/313/161
f 314/314/161 313/313/161 320/320/161
f 314/1/1 318/1/1 316/1/1
f 314/1/1 320/1/1 318/1/1
f 321/321/162 322/322/162 323/323/162
f 324/324/162 323/323/162 322/322/162
f 323/323/163 324/324/163 325/325/163
f 326/326/163 325/325/163 324/324/163
f 325/325/164 326/326/164 327/327/164
f 328/328/164 327/327/164 326/326/164
f 327/327/165 328/328/165 321/321/165
f 322/322/165 321/321/165 328/328/165
f 322/1/1 326/1/1 324/1/1
f 322/1/1 328/1/1 326/1/1
f 329/329/166 330/330/166 331/331/166
f 332/332/166 331/331/166 330/330/166
f 331/331/167 332/332/167 333/333/167
f 334/334/167 333/333/167 332/332/167
f 333/333/168 334/334/168 335/335/168
f 336/336/168 335/335/168 334/334/168
f 335/335/169 336/336/169 329/329/169
f 330/330/169 329/329/169 336/336/169
f 330/1/1 334/1/1 332/1/1
f 330/1/1 336/1/1 334/1/1
f 337/337/170 338/338/170 339/339/170
f 340/340/170 339/339/170 338/338/170
f 339/339/171 340/340/171 341/341/171
f 342/342/171 341/341/171 340/340/171
f 341/341/172 342/342/172 343/343/172
f 344/344/172 343/343/172 342/342/172
f 343/343/173 344/344/173 337/337/173
f 338/338/173 337/337/173 344/344/173
f 338/1/1 342/1/1 340/1/1
f 338/1/1 344/1/1 342/1/1
f 345/345/174 346/346/174 347/347/174
f 348/348/174 347/347/174 346/346/174
f 347/347/175 348/348/175 349/349/175
f 350/350/175 349/349/175 348/348/175
f 349/349/176 350/350/176 351/351/176
f 352/352/176 351/351/176 350/350/176
f 351/351/177 352/352/177 345/345/177
f 346/346/177 345/345/177 352/352/177
f 346/1/1 350/1/1 348/1/1
f 346/1/1 352/1/1 350/1/1
f 353/353/178 354/354/178 355/355/178
f 356/356/178 355/355/178 354/354/178
f 355/355/179 356/356/179 357/357/179
f 358/358/179 357/357/179 356/356/179
f 357/357/180 358/358/180 359/359/180
f 360/360/180 359/359/180 358/358/180
f 359/359/181 360/360/181 353/353/181
f 354/354/181 353/353/181 360/360/181
f 354/1/1 358/1/1 356/1/1
f 354/1/1 360/1/1 358/1/1
f 361/361/182 362/362/182 363/363/182
f 364/364/182 363/363/182 362/362/182
f 363/363/183 364/364/183 365/365/183
f 366/366/183 365/365/183 364/364/183
f 365/365/184 366/366/184 367/367/184
f 368/368/184 367/367/184 366/366/184
f 367/367/185 368/368/185 361/361/185
f 362/362/185 361/361/185 368/368/185
f 362/1/1 366/1/1 364/1/1
f 362/1/1 368/1/1 366/1/1
f 369/369/186 370/370/186 371/371/186
f 372/372/186 371/371/186 370/370/186
f 371/371/187 372/372/187 373/373/187
f 374/374/187 373/373/187 372/372/187
f 373/373/188 374/374/188 375/375/188
f 376/376/188 375/375/188 374/374/188
f 375/375/189 376/376/189 369/369/189
f 370/370/189 369/369/189 376/376/189
f 370/1/1 374/1/1 372/1/1
f 370/1/1 376/1/1 374/1/1
f 377/377/190 378/378/190 379/379/190
f 380/380/190 379/379/190 378/378/190
f 379/379/191 380/380/191 381/381/191
f 382/382/191 381/381/191 380/380/191
f 381/381/192 382/382/192 383/383/192
f 384/384/192 383/383/192 382/382/192
f 383/383/193 384/384/193 377/377/193
f 378/378/193 377/377/193 384/384/193
f 378/1/1 382/1/1 380/1/1
f 378/1/1 384/1/1 382/1/1
f 385/385/194 386/386/194 387/387/194
f 388/388/194 387/387/194 386/386/194
f 387/387/195 388/388/195 389/389/195
f 390/390/195 389/389/195 388/388/195
f 389/389/196 390/390/196 391/391/196
f 392/392/196 391/391/196 390/390/196
f 391/391/197 392/392/197 385/385/197
f 386/386/197 385/385/197 392/392/197
f 386/1/1 390/1/1 388/1/1
f 386/1/1 392/1/1 390/1/1
f 393/393/198 394/394/198 395/395/198
f 396/396/198 395/395/198 394/394/198
f 395/395/199 396/396/199 397/397/199
f 398/398/199 397/397/199 396/396/199
f 397/397/200 398/398/200 399/399/200
f 400/400/200 399/399/200 398/398/200
f 399/399/201 400/400/201 393/393/201
f 394/394/201 393/393/201 400/400/201
f 394/1/1 398/1/1 396/1/1
f 394/1/1 400/1/1 398/1/1
f 401/401/202 402/402/202 403/403/202
f 404/404/202 403/403/202 402/402/202
f 403/403/203 404/404/203 405/405/203
f 406/406/203 405/405/203 404/404/203
f 405/405/204 406/406/204 407/407/204
f 408/408/204 407/407/204 406/406/204
f 407/407/205 408/408/205 401/401/205
f 402/402/205 401/401/205 408/408/205
f 402/1/1 406/1/1 404/1/1
f 402/1/1 408/1/1 406/1/1
f 409/409/206 410/410/206 411/411/206
f 412/412/206 411/411/206 410/410/206
f 411/411/207 412/412/207 413/413/207
f 414/414/207 413/413/207 412/412/207
f 413/413/208 414/414/208 415/415/208
f 416/416/208 415/415/208 414/414/208
f 415/415/209 416/416/209 409/409/209
f 410/410/209 409/409/209 416/416/209
f 410/1/1 414/1/1 412/1/1
f 410/1/1 416/1/1 414/1/1
f 417/417/210 418/418/210 419/419/210
f 420/420/210 419/419/210 418/418/210
f 419/419/211 420/420/211 421/421/211
f 422/422/211 421/421/211 420/420/211
f 421/421/212 422/422/212 423/423/212
f 424/424/212 423/423/212 422/422/212
f 423/423/213 424/424/213 417/417/213
f 418/418/213 417/417/213 424/424/213
f 418/1/1 422/1/1 420/1/1
f 418/1/1 424/1/1 422/1/1
f 425/425/214 426/426/214 427/427/214
f 428/428/214 427/427/214 426/426/214
f 427/427/215 428/428/215 429/429/215
f 430/430/215 429/429/215 428/428/215
f 429/429/216 430/430/216 431/431/216
f 432/432/216 431/431/216 430/430/216
f 431/431/217 432/432/217 425/425/217
f 426/426/217 425/425/217 432/432/217
f 426/1/1 430/1/1 428/1/1
f 426/1/1 432/1/1 430/1/1
f 433/433/218 434/434/218 435/435/218
f 436/436/218 435/435/218 434/434/218
f 435/435/219 436/436/219 437/437/219
f 438/438/219 437/437/219 436/436/219
f 437/437/220 438/438/220 439/439/220
f 440/440/220 439/439/220 438/438/220
f 439/439/221 440/440/221 433/433/221
f 434/434/221 433/433/221 440/440/221
f 434/1/1 438/1/1 436/1/1
f 434/1/1 440/1/1 438/1/1
f 441/441/222 442/442/222 443/443/222
f 444/444/222 443/443/222 442/442/222
f 443/443/223 444/444/223 445/445/223
f 446/446/223 445/445/223 444/444/223
f 445/445/224 446/446/224 447/447/224
f 448/448/224 447/447/224 446/446/224
f 447/447/225 448/448/225 441/441/225
f 442/442/225 441/441/225 448/448/225
f 442/1/1 446/1/1 444/1/1
f 442/1/1 448/1/1 446/1/1
f 449/449/226 450/450/226 451/451/226
f 452/452/226 451/451/226 450/450/226
f 451/451/227 452/452/227 453/453/227
f 454/454/227 453/453/227 452/452/227
f 453/453/228 454/454/228 455/455/228
f 456/456/228 455/455/228 454/454/228
f 455/455/229 456/456/229 449/449/229
f 450/450/229 449/449/229 456/456/229
f 450/1/1 454/1/1 452/1/1
f 450/1/1 456/1/1 454/1/1
f 457/457/230 458/458/230 459/459/230
f 460/460/230 459/459/230 458/458/230
f 459/459/231 460/460/231 461/461/231
f 462/462/231 461/461/231 460/460/231
f 461/461/232 462/462/232 463/463/232
f 464/464/232 463/463/232 462/462/232
f 463/463/233 464/464/233 457/457/233
f 458/458/233 457/457/233 464/464/233
f 458/1/1 462/1/1 460/1/1
f 458/1/1 464/1/1 462/1/1
f 465/465/234 466/466/234 467/467/234
f 468/468/234 467/467/234 466/466/234
f 467/467/235 468/468/235 469/469/235
f 470/470/235 469/469/235 468/468/235
f 469/469/236 470/470/236 471/471/236
f 472/472/236 471/471/236 470/470/236
f 471/471/237 472/472/237 465/465/237
f 466/466/237 465/465/237 472/472/237
f 466/1/1 470/1/1 468/1/1
f 466/1/1 472/1/1 470/1/1
f 473/473/238 474/474/238 475/475/238
f 476/476/238 475/475/238 474/474/238
f 475/475/239 476/476/239 477/477/239
f 478/478/239 477/477/239 476/476/239
f 477/477/240 478/478/240 479/479/240
f 480/480/240 479/479/240 478/478/240
f 479/479/241 480/480/241 473/473/241
f 474/474/241 473/473/241 480/480/241
f 474/1/1 478/1/1 476/1/1
f 474/1/1 480/1/1 478/1/1
f 481/481/242 482/482/242 483/483/242
f 484/484/242 483/483/242 482/482/242
f 483/483/243 484/484/243 485/485/243
f 486/486/243 485/485/243 484/484/243
f 485/485/244 486/486/244 487/487/244
f 488/488/244 487/487/244 486/486/244
f 487/487/245 488/488/245 481/481/245
f 482/482/245 481/481/245 488/488/245
f 482/1/1 486/1/1 484/1/1
f 482/1/1 488/1/1 486/1/1
f 489/489/246 490/490/246 491/491/246
f 492/492/246 491/491/246 490/490/246
f 491/491/247 492/492/247 493/493/247
f 494/494/247 493/493/247 492/492/247
f 493/493/248 494/494/248 495/495/248
f 496/496/248 495/495/248 494/494/248
f 495/495/249 496/496/249 489/489/249
f 490/490/249 489/489/249 496/496/249
f 490/1/1 494/1/1 492/1/1
f 490/1/1 496/1/1 494/1/1
f 497/497/250 498/498/250 499/499/250
f 500/500/250 499/499/250 498/498/250
f 499/499/251 500/500/251 501/501/251
f 502/502/251 501/501/251 500/500/251
f 501/501/252 502/502/252 503/503/252
f 504/504/252 503/503/252 502/502/252
f 503/503/253 504/504/253 497/497/253
f 498/498/253 497/497/253 504/504/253
f 498/1/1 502/1/1 500/1/1
f 498/1/1 504/1/1 502/1/1
f 505/505/254 506/506/254 507/507/254
f 508/508/254 507/507/254 506/506/254
f 507/507/255 508/508/255 509/509/255
f 510/510/255 509/509/255 508/508/255
f 509/509/256 510/510/256 511/511/256
f 512/512/256 511/511/256 510/510/256
f 511/511/257 512/512/257 505/505/257
f 506/506/257 505/505/257 512/512/257
f 506/1/1 510/1/1 508/1/1
f 506/1/1 512/1/1 510/1/1
f 513/513/258 514/514/258 515/515/258
f 516/516/258 515/515/258 514/514/258
f 515/515/259 516/516/259 517/517/259
f 518/518/259 517/517/259 516/516/259
f 517/517/260 518/518/260 519/519/260
f 520/520/260 519/519/260 518/518/260
f 519/519/261 520/520/261 513/513/261
f 514/514/261 513/513/261 520/520/261
f 514/1/1 518/1/1 516/1/1
f 514/1/1 520/1/1 518/1/1
f 521/521/262 522/522/262 523/523/262
f 524/524/262 523/523/262 522/522/262
f 523/523/263 524/524/263 525/525/263
f 526/526/263 525/525/263 524/524/263
f 525/525/264 526/526/264 527/527/264
f 528/528/264 527/527/264 526/526/264
f 527/527/265 528/528/265 521/521/265
f 522/522/265 521/521/265 528/528/265
f 522/1/1 526/1/1 524/1/1
f 522/1/1 528/1/1 526/1/1
f 529/529/266 530/530/266 531/531/266
f 532/532/266 531/531/266 530/530/266
f 531/531/267 532/532/267 533/533/267
f 534/534/267 533/533/267 532/532/267
f 533/533/268 534/534/268 535/535/268
f 536/536/268 535/535/268 534/534/268
f 535/535/269 536/536/269 529/529/269
f 530/530/269 529/529/269 536/536/269
f 530/1/1 534/1/1 532/1/1
f 530/1/1 536/1/1 534/1/1
f 537/537/270 538/538/270 539/539/270
f 540/540/270 539/539/270 538/538/270
f 539/539/271 540/540/271 541/541/271
f 542/542/271 541/541/271 540/540/271
f 541/541/272 542/542/272 543/543/272
f 544/544/272 543/543/272 542/542/272
f 543/543/273 544/544/273 537/537/273
f 538/538/273 537/537/273 544/544/273
f 538/1/1 542/1/1 540/1/1
f 538/1/1 544/1/1 542/1/1
f 545/545/274 546/546/274 547/547/274
f 548/548/274 547/547/274 546/546/274
f 547/547/275 548/548/275 549/549/275
f 550/550/275 549/549/275 548/548/275
f 549/549/276 550/550/276 551/551/276
f 552/552/276 551/551/276 550/550/276
f 551/551/277 552/552/277 545/545/277
f 546/546/277 545/545/277 552/552/277
f 546/1/1 550/1/1 548/1/1
f 546/1/1 552/1/1 550/1/1
f 553/553/278 554/554/278 555/555/278
f 556/556/278 555/555/278 554/554/278
f 555/555/279 556/556/279 557/557/279
f 558/558/279 557/557/279 556/556/279
f 557/557/280 558/558/280 559/559/280
f 560/560/280 559/559/280 558/558/280
f 559/559/281 560/560/281 553/553/281
f 554/554/281 553/553/281 560/560/281
f 554/1/1 558/1/1 556/1/1
f 554/1/1 560/1/1 558/1/1
f 561/561/282 562/562/282 563/563/282
f 564/564/282 563/563/282 562/562/282
f 563/563/283 564/564/283 565/565/283
f 566/566/283 565/565/283 564/564/283
f 565/565/284 566/566/284 567/567/284
f 568/568/284 567/567/284 566/566/284
f 567/567/285 568/568/285 561/561/285
f 562/562/285 561/561/285 568/568/285
f 562/1/1 566/1/1 564/1/1
f 562/1/1 568/1/1 566/1/1
f 569/569/286 570/570/286 571/571/286
f 572/572/286 571/571/286 570/570/286
f 571/571/287 572/572/287 573/573/287
f 574/574/287 573/573/287 572/572/287
f 573/573/288 574/574/288 575/575/288
f 576/576/288 575/575/288 574/574/288
f 575/575/289 576/576/289 569/569/289
f 570/570/289 569/569/289 576/576/289
f 570/1/1 574/1/1 572/1/1
f 570/1/1 576/1/1 574/1/1
f 577/577/290 578/578/290 579/579/290
f 580/580/290 579/579/290 578/578/290
f 579/579/291 580/580/291 581/581/291
f 582/582/291 581/581/291 580/580/291
f 581/581/292 582/582/292 583/583/292
f 584/584/292 583/583/292 582/582/292
f 583/583/293 584/584/293 577/577/293
f 578/578/293 577/577/293 584/584/293
f 578/1/1 582/1/1 580/1/1
f 578/1/1 584/1/1 582/1/1
f 585/585/294 586/586/294 587/587/294
f 588/588/294 587/587/294 586/586/294
f 587/587/295 588/588/295 589/589/295
f 590/590/295 589/589/295 588/588/295
f 589/589/296 590/590/296 591/591/296
f 592/592/296 591/591/296 590/590/296
f 591/591/297 592/592/297 585/585/297
f 586/586/297 585/585/297 592/592/297
f 586/1/1 590/1/1 588/1/1
f 586/1/1 592/1/1 590/1/1
f 593/593/298 594/594/298 595/595/298
f 596/596/298 595/595/298 594/594/298
f 595/595/299 596/596/299 597/597/299
f 598/598/299 597/597/299 596/596/299
f 597/597/300 598/598/300 599/599/300
f 600/600/300 599/599/300 598/598/300
f 599/599/301 600/600/301 593/593/301
f 594/594/301 593/593/301 600/600/301
f 594/1/1 598/1/1 596/1/1
f 594/1/1 600/1/1 598/1/1
f 601/601/302 602/602/302 603/603/302
f 604/604/302 603/603/302 602/602/302
f 603/603/303 604/604/303 605/605/303
f 606/606/303 605/605/303 604/604/303
f 605/605/304 606/606/304 607/607/304
f 608/608/304 607/607/304 606/606/304
f 607/607/305 608/608/305 601/601/305
f 602/602/305 601/601/305 608/608/305
f 602/1/1 606/1/1 604/1/1
f 602/1/1 608/1/1 606/1/1
f 609/609/306 610/610/306 611/611/306
f 612/612/306 611/611/306 610/610/306
f 611/611/307 612/612/307 613/613/307
f 614/614/307 613/613/307 612/612/307
f 613/613/308 614/614/308 615/615/308
f 616/616/308 615/615/308 614/614/308
f 615/615/309 616/616/309 609/609/309
f 610/610/309 609/609/309 616/616/309
f 610/1/1 614/1/1 612/1/1
f 610/1/1 616/1/1 614/1/1
f 617/617/310 618/618/310 619/619/310
f 620/620/310 619/619/310 618/618/310
f 619/619/311 620/620/311 621/621/311
f 622/622/311 621/621/311 620/620/311
f 621/621/312 622/622/312 623/623/312
f 624/624/312 623/623/312 622/622/312
f 623/623/313 624/624/313 617/617/313
f 618/618/313 617/617/313 624/624/313
f 618/1/1 622/1/1 620/1/1
f 618/1/1 624/1/1 622/1/1
f 625/625/314 626/626/314 627/627/314
f 628/628/314 627/627/314 626/626/314
f 627/627/315 628/628/315 629/629/315
f 630/630/315 629/629/315 628/628/315
f 629/629/316 630/630/316 631/631/316
f 632/632/316 631/631/316 630/630/316
f 631/631/317 632/632/317 625/625/317
f 626/626/317 625/625/317 632/632/317
f 626/1/1 630/1/1 628/1/1
f 626/1/1 632/1/1 630/1/1
f 633/633/318 634/634/318 635/635/318
f 636/636/318 635/635/318 634/634/318
f 635/635/319 636/636/319 637/637/319
f 638/638/319 637/637/319 636/636/319
f 637/637/320 638/638/320 639/639/320
f 640/640/320 639/639/320 638/638/320
f 639/639/321 640/640/321 633/633/321
f 634/634/321 633/633/321 640/640/321
f 634/1/1 638/1/1 636/1/1
f 634/1/1 640/1/1 638/1/1
f 641/641/322 642/642/322 643/643/322
f 644/644/322 643/643/322 642/642/322
f 643/643/323 644/644/323 645/645/323
f 646/646/323 645/645/323 644/644/323
f 645/645/324 646/646/324 647/647/324
f 648/648/324 647/647/324 646/646/324
f 647/647/325 648/648/325 641/641/325
f 642/642/325 641/641/325 648/648/325
f 642/1/1 646/1/1 644/1/1
f 642/1/1 648/1/1 646/1/1
f 649/649/326 650/650/326 651/651/326
f 652/652/326 651/651/326 650/650/326
f 651/651/327 652/652/327 653/653/327
f 654/654/327 653/653/327 652/652/327
f 653/653/328 654/654/328 655/655/328
f 656/656/328 655/655/328 654/654/328
f 655/655/329 656/656/329 649/649/329
f 650/650/329 649/649/329 656/656/329
f 650/1/1 654/1/1 652/1/1
f 650/1/1 656/1/1 654/1/1
f 657/657/330 658/658/330 659/659/330
f 660/660/330 659/659/330 658/658/330
f 659/659/331 660/660/331 661/661/331
f 662/662/331 661/661/331 660/660/331
f 661/661/332 662/662/332 663/663/332
f 664/664/332 663/663/332 662/662/332
f 663/663/333 664/664/333 657/657/333
f 658/658/333 657/657/333 664/664/333
f 658/1/1 662/1/1 660/1/1
f 658/1/1 664/1/1 662/1/1
f 665/665/334 666/666/334 667/667/334
f 668/668/334 667/667/334 666/666/334
f 667/667/335 668/668/335 669/669/335
f 670/670/335 669/669/335 668/668/335
f 669/669/336 670/670/336 671/671/336
f 672/672/336 671/671/336 670/670/336
f 671/671/337 672/672/337 665/665/337
f 666/666/337 665/665/337 672/672/337
f 666/1/1 670/1/1 668/1/1
f 666/1/1 672/1/1 670/1/1
f 673/673/338 674/674/338 675/675/338
f 676/676/338 675/675/338 674/674/338
f 675/675/339 676/676/339 677/677/339
f 678/678/339 677/677/339 676/676/339
f 677/677/340 678/678/340 679/679/340
f 680/680/340 679/679/340 678/678/340
f 679/679/341 680/680/341 673/673/341
f 674/674/341 673/673/341 680/680/341
f 674/1/1 678/1/1 676/1/1
f 674/1/1 680/1/1 678/1/1
f 681/681/342 682/682/342 683/683/342
f 684/684/342 683/683/342 682/682/342
f 683/683/343 684/684/343 685/685/343
f 686/686/343 685/685/343 684/684/343
f 685/685/344 686/686/344 687/687/344
f 688/688/344 687/687/344 686/686/344
f 687/687/345 688/688/345 681/681/345
f 682/682/345 681/681/345 688/688/345
f 682/1/1 686/1/1 684/1/1
f 682/1/1 688/1/1 686/1/1
f 689/689/346 690/690/346 691/691/346
f 692/692/346 691/691/346 690/690/346
f 691/691/347 692/692/347 693/693/347
f 694/694/347 693/693/347 692/692/347
f 693/693/348 694/694/348 695/695/348
f 696/696/348 695/695/348 694/694/348
f 695/695/349 696/696/349 689/689/349
f 690/690/349 689/689/349 696/696/349
f 690/1/1 694/1/1 692/1/1
f 690/1/1 696/1/1 694/1/1
f 697/697/350 698/698/350 699/699/350
f 700/700/350 699/699/350 698/698/350
f 699/699/351 700/700/351 701/701/351
f 702/702/351 701/701/351 700/700/351
f 701/701/352 702/702/352 703/703/352
f 704/704/352 703/703/352 702/702/352
f 703/703/353 704/704/353 697/697/353
f 698/698/353 697/697/353 704/704/353
f 698/1/1 702/1/1 700/1/1
f 698/1/1 704/1/1 702/1/1
f 705/705/354 706/706/354 707/707/354
f 708/708/354 707/707/354 706/706/354
f 707/707/355 708/708/355 709/709/355
f 710/710/355 709/709/355 708/708/355
f 709/709/356 710/710/356 711/711/356
f 712/712/356 711/711/356 710/710/356
f 711/711/357 712/712/357 705/705/357
f 706/706/357 705/705/357 712/712/357
f 706/1/1 710/1/1 708/1/1
f 706/1/1 712/1/1 710/1/1
f 713/713/358 714/714/358 715/715/358
f 716/716/358 715/715/358 714/714/358
f 715/715/359 716/716/359 717/717/359
f 718/718/359 717/717/359 716/716/359
f 717/717/360 718/718/360 719/719/360
f 720/720/360 719/719/360 718/718/360
f 719/719/361 720/720/361 713/713/361
f 714/714/361 713/713/361 720/720/361
f 714/1/1 718/1/1 716/1/1
f 714/1/1 720/1/1 718/1/1
f 721/721/362 722/722/362 723/723/362
f 724/724/362 723/723/362 722/722/362
f 723/723/363 724/724/363 725/725/363
f 726/726/363 725/725/363 724/724/363
f 725/725/364 726/726/364 727/727/364
f 728/728/364 727/727/364 726/726/364
f 727/727/365 728/728/365 721/721/365
f 722/722/365 721/721/365 728/728/365
f 722/1/1 726/1/1 724/1/1
f 722/1/1 728/1/1 726/1/1
f 729/729/366 730/730/366 731/731/366
f 732/732/366 731/731/366 730/730/366
f 731/731/367 732/732/367 733/733/367
f 734/734/367 733/733/367 732/732/367
f 733/733/368 734/734/368 735/735/368
f 736/736/368 735/735/368 734/734/368
f 735/735/369 736/736/369 729/729/369
f 730/730/369 729/729/369 736/736/369
f 730/1/1 734/1/1 732/1/1
f 730/1/1 736/1/1 734/1/1
f 737/737/370 738/738/370 739/739/370
f 740/740/370 739/739/370 738/738/370
f 739/739/371 740/740/371 741/741/371
f 742/742/371 741/741/371 740/740/371
f 741/741/372 742/742/372 743/743/372
f 744/744/372 743/743/372 742/742/372
f 743/743/373 744/744/373 737/737/373
f 738/738/373 737/737/373 744/744/373
f 738/1/1 742/1/1 740/1/1
f 738/1/1 744/1/1 742/1/1
f 745/745/374 746/746/374 747/747/374
f 748/748/374 747/747/374 746/746/374
f 747/747/375 748/748/375 749/749/375
f 750/750/375 749/749/375 748/748/375
f 749/749/376 750/750/376 751/751/376
f 752/752/376 751/751/376 750/750/376
f 751/751/377 752/752/377 745/745/377
f 746/746/377 745/745/377 752/752/377
f 746/1/1 750/1/1 748/1/1
f 746/1/1 752/1/1 750/1/1
f 753/753/378 754/754/378 755/755/378
f 756/756/378 755/755/378 754/754/378
f 755/755/379 756/756/379 757/757/379
f 758/758/379 757/757/379 756/756/379
f 757/757/380 758/758/380 759/759/380
f 760/760/380 759/759/380 758/758/380
f 759/759/381 760/760/381 753/753/381
f 754/754/381 753/753/381 760/760/381
f 754/1/1 758/1/1 756/1/1
f 754/1/1 760/1/1 758/1/1
f 761/761/382 762/762/382 763/763/382
f 764/764/382 763/763/382 762/762/382
f 763/763/383 764/764/383 765/765/383
f 766/766/383 765/765/383 764/764/383
f 765/765/384 766/766/384 767/767/384
f 768/768/384 767/767/384 766/766/384
f 767/767/385 768/768/385 761/761/385
f 762/762/385 761/761/385 768/768/385
f 762/1/1 766/1/1 764/1/1
f 762/1/1 768/1/1 766/1/1
f 769/769/386 770/770/386 771/771/386
f 772/772/386 771/771/386 770/770/386
f 771/771/387 772/772/387 773/773/387
f 774/774/387 773/773/387 772/772/387
f 773/773/388 774/774/388 775/775/388
f 776/776/388 775/775/388 774/774/388
f 775/775/389 776/776/389 769/769/389
f 770/770/389 769/769/389 776/776/389
f 770/1/1 774/1/1 772/1/1
f 770/1/1 776/1/1 774/1/1
f 777/777/390 778/778/390 779/779/390
f 780/780/390 779/779/390 778/778/390
f 779/779/391 780/780/391 781/781/391
f 782/782/391 781/781/391 780/780/391
f 781/781/392 782/782/392 783/783/392
f 784/784/392 783/783/392 782/782/392
f 783/783/393 784/784/393 777/777/393
f 778/778/393 777/777/393 784/784/393
f 778/1/1 782/1/1 780/1/1
f 778/1/1 784/1/1 782/1/1
f 785/785/394 786/786/394 787/787/394
f 788/788/394 787/787/394 786/786/394
f 787/787/395 788/788/395 789/789/395
f 790/790/395 789/789/395 788/788/395
f 789/789/396 790/790/396 791/791/396
f 792/792/396 791/791/396 790/790/396
f 791/791/397 792/792/397 785/785/397
f 786/786/397 785/785/397 792/792/397
f 786/1/1 790/1/1 788/1/1
f 786/1/1 792/1/1 790/1/1
f 793/793/398 794/794/398 795/795/398
f 796/796/398 795/795/398 794/794/398
f 795/795/399 796/796/399 797/797/399
f 798/798/399 797/797/399 796/796/399
f 797/797/400 798/798/400 799/799/400
f 800/800/400 799/799/400 798/798/400
f 799/799/401 800/800/401 793/793/401
f 794/794/401 793/793/401 800/800/401
f 794/1/1 798/1/1 796/1/1
f 794/1/1 800/1/1 798/1/1
f 801/801/402 802/802/402 803/803/402
f 804/804/402 803/803/402 802/802/402
f 803/803/403 804/804/403 805/805/403
f 806/806/403 805/805/403 804/804/403
f 805/805/404 806/806/404 807/807/404
f 808/808/404 807/807/404 806/806/404
f 807/807/405 808/808/405 801/801/405
f 802/802/405 801/801/405 808/808/405
f 802/1/1 806/1/1 804/1/1
f 802/1/1 808/1/1 806/1/1
f 809/809/406 810/810/406 811/811/406
f 812/812/406 811/811/406 810/810/406
f 811/811/407 812/812/407 813/813/407
f 814/814/407 813/813/407 812/812/407
f 813/813/408 814/814/408 815/815/408
f 816/816/408 815/815/408 814/814/408
f 815/815/409 816/816/409 809/809/409
f 810/810/409 809/809/409 816/816/409
f 810/1/1 814/1/1 812/1/1
f 810/1/1 816/1/1 814/1/1
f 817/817/410 818/818/410 819/819/410
f 820/820/410 819/819/410 818/818/410
f 819/819/411 820/820/411 821/821/411
f 822/822/411 821/821/411 820/820/411
f 821/821/412 822/822/412 823/823/412
f 824/824/412 823/823/412 822/822/412
f 823/823/413 824/824/413 817/817/413
f 818/818/413 817/817/413 824/824/413
f 818/1/1 822/1/1 820/1/1
f 818/1/1 824/1/1 822/1/1
f 825/825/414 826/826/414 827/827/414
f 828/828/414 827/827/414 826/826/414
f 827/827/415 828/828/415 829/829/415
f 830/830/415 829/829/415 828/828/415
f 829/829/416 830/830/416 831/831/416
f 832/832/416 831/831/416 830/830/416
f 831/831/417 832/832/417 825/825/417
f 826/826/417 825/825/417 832/832/417
f 826/1/1 830/1/1 828/1/1
f 826/1/1 832/1/1 830/1/1
f 833/833/418 834/834/418 835/835/418
f 836/836/418 835/835/418 834/834/418
f 835/835/419 836/836/419 837/837/419
f 838/838/419 837/837/419 836/836/419
f 837/837/420 838/838/420 839/839/420
f 840/840/420 839/839/420 838/838/420
f 839/839/421 840/840/421 833/833/421
f 834/834/421 833/833/421 840/840/421
f 834/1/1 838/1/1 836/1/1
f 834/1/1 840/1/1 838/1/1
f 841/841/422 842/842/422 843/843/422
f 844/844/422 843/843/422 842/842/422
f 843/843/423 844/844/423 845/845/423
f 846/846/423 845/845/423 844/844/423
f 845/845/424 846/846/424 847/847/424
f 848/848/424 847/847/424 846/846/424
f 847/847/425 848/848/425 841/841/425
f 842/842/425 841/841/425 848/848/425
f 842/1/1 846/1/1 844/1/1
f 842/1/1 848/1/1 846/1/1
f 849/849/426 850/850/426 851/851/426
f 852/852/426 851/851/426 850/850/426
f 851/851/427 852/852/427 853/853/427
f 854/854/427 853/853/427 852/852/427
f 853/853/428 854/854/428 855/855/428
f 856/856/428 855/855/428 854/854/428
f 855/855/429 856/856/429 849/849/429
f 850/850/429 849/849/429 856/856/429
f 850/1/1 854/1/1 852/1/1
f 850/1/1 856/1/1 854/1/1
f 857/857/430 858/858/430 859/859/430
f 860/860/430 859/859/430 858/858/430
f 859/859/431 860/860/431 861/861/431
f 862/862/431 861/861/431 860/860/431
f 861/861/432 862/862/432 863/863/432
f 864/864/432 863/863/432 862/862/432
f 863/863/433 864/864/433 857/857/433
f 858/858/433 857/857/433 864/864/433
f 858/1/1 862/1/1 860/1/1
f 858/1/1 864/1/1 862/1/1
f 865/865/434 866/866/434 867/867/434
f 868/868/434 867/867/434 866/866/434
f 867/867/435 868/868/435 869/869/435
f 870/870/435 869/869/435 868/868/435
f 869/869/436 870/870/436 871/871/436
f 872/872/436 871/871/436 870/870/436
f 871/871/437 872/872/437 865/865/437
f 866/866/437 865/865/437 872/872/437
f 866/1/1 870/1/1 868/1/1
f 866/1/1 872/1/1 870/1/1
f 873/873/438 874/874/438 875/875/438
f 876/876/438 875/875/438 874/874/438
f 875/875/439 876/876/439 877/877/439
f 878/878/439 877/877/439 876/876/439
f 877/877/440 878/878/440 879/879/440
f 880/880/440 879/879/440 878/878/440
f 879/879/441 880/880/441 873/873/441
f 874/874/441 873/873/441 880/880/441
f 874/1/1 878/1/1 876/1/1
f 874/1/1 880/1/1 878/1/1
f 881/881/442 882/882/442 883/883/442
f 884/884/442 883/883/442 882/882/442
f 883/883/443 884/884/443 885/885/443
f 886/886/443 885/885/443 884/884/443
f 885/885/444 886/886/444 887/887/444
f 888/888/444 887/887/444 886/886/444
f 887/887/445 888/888/445 881/881/445
f 882/882/445 881/881/445 888/888/445
f 882/1/1 886/1/1 884/1/1
f 882/1/1 888/1/1 886/1/1
f 889/889/446 890/890/446 891/891/446
f 892/892/446 891/891/446 890/890/446
f 891/891/447 892/892/447 893/893/447
f 894/894/447 893/893/447 892/892/447
f 893/893/448 894/894/448 895/895/448
f 896/896/448 895/895/448 894/894/448
f 895/895/449 896/896/449 889/889/449
f 890/890/449 889/889/449 896/896/449
f 890/1/1 894/1/1 892/1/1
f 890/1/1 896/1/1 894/1/1
f 897/897/450 898/898/450 899/899/450
f 900/900/450 899/899/450 898/898/450
f 899/899/451 900/900/451 901/901/451
f 902/902/451 901/901/451 900/900/451
f 901/901/452 902/902/452 903/903/452
f 904/904/452 903/903/452 902/902/452
f 903/903/453 904/904/453 897/897/453
f 898/898/453 897/897/453 904/904/453
f 898/1/1 902/1/1 900/1/1
f 898/1/1 904/1/1 902/1/1
f 905/905/454 906/906/454 907/907/454
f 908/908/454 907/907/454 906/906/454
f 907/907/455 908/908/455 909/909/455
f 910/910/455 909/909/455 908/908/455
f 909/909/456 910/910/456 911/911/456
f 912/912/456 911/911/456 910/910/456
f 911/911/457 912/912/457 905/905/457
f 906/906/457 905/905/457 912/912/457
f 906/1/1 910/1/1 908/1/1
f 906/1/1 912/1/1 910/1/1
f 913/913/458 914/914/458 915/915/458
f 916/916/458 915/915/458 914/914/458
f 915/915/459 916/916/459 917/917/459
f 918/918/459 917/917/459 916/916/459
f 917/917/460 918/918/460 919/919/460
f 920/920/460 919/919/460 918/918/460
f 919/919/461 920/920/461 913/913/461
f 914/914/461 913/913/461 920/920/461
f 914/1/1 918/1/1 916/1/1
f 914/1/1 920/1/1 918/1/1
f 921/921/462 922/922/462 923/923/462
f 924/924/462 923/923/462 922/922/462
f 923/923/463 924/924/463 925/925/463
f 926/926/463 925/925/463 924/924/463
f 925/925/464 926/926/464 927/927/464
f 928/928/464 927/927/464 926/926/464
f 927/927/465 928/928/465 921/921/465
f 922/922/465 921/921/465 928/928/465
f 922/1/1 926/1/1 924/1/1
f 922/1/1 928/1/1 926/1/1
f 929/929/466 930/930/466 931/931/466
f 932/932/466 931/931/466 930/930/466
f 931/931/467 932/932/467 933/933/467
f 934/934/467 933/933/467 932/932/467
f 933/933/468 934/934/468 935/935/468
f 936/936/468 935/935/468 934/934/468
f 935/935/469 936/936/469 929/929/469
f 930/930/469 929/929/469 936/936/469
f 930/1/1 934/1/1 932/1/1
f 930/1/1 936/1/1 934/1/1
f 937/937/470 938/938/470 939/939/470
f 940/940/470 939/939/470 938/938/470
f 939/939/471 940/940/471 941/941/471
f 942/942/471 941/941/471 940/940/471
f 941/941/472 942/942/472 943/943/472
f 944/944/472 943/943/472 942/942/472
f 943/943/473 944/944/473 937/937/473
f 938/938/473 937/937/473 944/944/473
f 938/1/1 942/1/1 940/1/1
f 938/1/1 944/1/1 942/1/1
f 945/945/474 946/946/474 947/947/474
f 948/948/474 947/947/474 946/946/474
f 947/947/475 948/948/475 949/949/475
f 950/950/475 949/949/475 948/948/475
f 949/949/476 950/950/476 951/951/476
f 952/952/476 951/951/476 950/950/476
f 951/951/477 952/952/477 945/945/477
f 946/946/477 945/945/477 952/952/477
f 946/1/1 950/1/1 948/1/1
f 946/1/1 952/1/1 950/1/1
f 953/953/478 954/954/478 955/955/478
f 956/956/478 955/955/478 954/954/478
f 955/955/479 956/956/479 957/957/479
f 958/958/479 957/957/479 956/956/479
f 957/957/480 958/958/480 959/959/480
f 960/960/480 959/959/480 958/958/480
f 959/959/481 960/960/481 953/953/481
f 954/954/481 953/953/481 960/960/481
f 954/1/1 958/1/1 956/1/1
f 954/1/1 960/1/1 958/1/1
f 961/961/482 962/962/482 963/963/482
f 964/964/482 963/963/482 962/962/482
f 963/963/483 964/964/483 965/965/483
f 966/966/483 965/965/483 964/964/483
f 965/965/484 966/966/484 967/967/484
f 968/968/484 967/967/484 966/966/484
f 967/967/485 968/968/485 961/961/485
f 962/962/485 961/961/485 968/968/485
f 962/1/1 966/1/1 964/1/1
f 962/1/1 968/1/1 966/1/1
f 969/969/486 970/970/486 971/971/486
f 972/972/486 971/971/486 970/970/486
f 971/971/487 972/972/487 973/973/487
f 974/974/487 973/973/487 972/972/487
f 973/973/488 974/974/488 975/975/488
f 976/976/488 975/975/488 974/974/488
f 975/975/489 976/976/489 969/969/489
f 970/970/489 969/969/489 976/976/489
f 970/1/1 974/1/1 972/1/1
f 970/1/1 976/1/1 974/1/1
f 977/977/490 978/978/490 979/979/490
f 980/980/490 979/979/490 978/978/490
f 979/979/491 980/980/491 981/981/491
f 982/982/491 981/981/491 980/980/491
f 981/981/492 982/982/492 983/983/492
f 984/984/492 983/983/492 982/982/492
f 983/983/493 984/984/493 977/977/493
f 978/978/493 977/977/493 984/984/493
f 978/1/1 982/1/1 980/1/1
f 978/1/1 984/1/1 982/1/1
f 985/985/494 986/986/494 987/987/494
f 988/988/494 987/987/494 986/986/494
f 987/987/495 988/988/495 989/989/495
f 990/990/495 989/989/495 988/988/495
f 989/989/496 990/990/496 991/991/496
f 992/992/496 991/991/496 990/990/496
f 991/991/497 992/992/497 985/985/497
f 986/986/497 985/985/497 992/992/497
f 986/1/1 990/1/1 988/1/1
f 986/1/1 992/1/1 990/1/1
f 993/993/498 994/994/498 995/995/498
f 996/996/498 995/995/498 994/994/498
f 995/995/499 996/996/499 997/997/499
f 998/998/499 997/997/499 996/996/499
f 997/997/500 998/998/500 999/999/500
f 1000/1000/500 999/999/500 998/998/500
f 999/999/501 1000/1000/501 993/993/501
f 994/994/501 993/993/501 1000/1000/501
f 994/1/1 998/1/1 996/1/1
f 994/1/1 1000/1/1 998/1/1
f 1001/1001/502 1002/1002/502 1003/1003/502
f 1004/1004/502 1003/1003/502 1002/1002/502
f 1003/1003/503 1004/1004/503 1005/1005/503
f 1006/1006/503 1005/1005/503 1004/1004/503
f 1005/1005/504 1006/1006/504 1007/1007/504
f 1008/1008/504 1007/1007/504 1006/1006/504
f 1007/1007/505 1008/1008/505 1001/1001/505
f 1002/1002/505 1001/1001/505 1008/1008/505
f 1002/1/1 1006/1/1 1004/1/1
f 1002/1/1 1008/1/1 1006/1/1
f 1009/1009/506 1010/1010/506 1011/1011/506
f 1012/1012/506 1011/1011/506 1010/1010/506
f 1011/1011/507 1012/1012/507 1013/1013/507
f 1014/1014/507 1013/1013/507 1012/1012/507
f 1013/1013/508 1014/1014/508 1015/1015/508
f 1016/1016/508 1015/1015/508 1014/1014/508
f 1015/1015/509 1016/1016/509 1009/1009/509
f 1010/1010/509 1009/1009/509 1016/1016/509
f 1010/1/1 1014/1/1 1012/1/1
f 1010/1/1 1016/1/1 1014/1/1
f 1017/1017/510 1018/1018/510 1019/1019/510
f 1020/1020/510 1019/1019/510 1018/1018/510
f 1019/1019/511 1020/1020/511 1021/1021/511
f 1022/1022/511 1021/1021/511 1020/1020/511
f 1021/1021/512 1022/1022/512 1023/1023/512
f 1024/1024/512 1023/1023/512 1022/1022/512
f 1023/1023/513 1024/1024/513 1017/1017/513
f 1018/1018/513 1017/1017/513 1024/1024/513
f 1018/1/1 1022/1/1 1020/1/1
f 1018/1/1 1024/1/1 1022/1/1
f 1025/1025/514 1026/1026/514 1027/1027/514
f 1028/1028/514 1027/1027/514 1026/1026/514
f 1027/1027/515 1028/1028/515 1029/1029/515
f 1030/1030/515 1029/1029/515 1028/1028/515
f 1029/1029/516 1030/1030/516 1031/1031/516
f 1032/1032/516 1031/1031/516 1030/1030/516
f 1031/1031/517 1032/1032/517 1025/1025/517
f 1026/1026/517 1025/1025/517 1032/1032/517
f 1026/1/1 1030/1/1 1028/1/1
f 1026/1/1 1032/1/1 1030/1/1
f 1033/1033/518 1034/1034/518 1035/1035/518
f 1036/1036/518 1035/1035/518 1034/1034/518
f 1035/1035/519 1036/1036/519 1037/1037/519
f 1038/1038/519 1037/1037/519 1036/1036/519
f 1037/1037/520 1038/1038/520 1039/1039/520
f 1040/1040/520 1039/1039/520 1038/1038/520
f 1039/1039/521 1040/1040/521 1033/1033/521
f 1034/1034/521 1033/1033/521 1040/1040/521
f 1034/1/1 1038/1/1 1036/1/1
f 1034/1/1 1040/1/1 1038/1/1
f 1041/1041/522 1042/1042/522 1043/1043/522
f 1044/1044/522 1043/1043/522 1042/1042/522
f 1043/1043/523 1044/1044/523 1045/1045/523
f 1046/1046/523 1045/1045/523 1044/1044/523
f 1045/1045/524 1046/1046/524 1047/1047/524
f 1048/1048/524 1047/1047/524 1046/1046/524
f 1047/1047/525 1048/1048/525 1041/1041/525
f 1042/1042/525 1041/1041/525 1048/1048/525
f 1042/1/1 1046/1/1 1044/1/1
f 1042/1/1 1048/1/1 1046/1/1
f 1049/1049/526 1050/1050/526 1051/1051/526
f 1052/1052/526 1051/1051/526 1050/1050/526
f 1051/1051/527 1052/1052/527 1053/1053/527
f 1054/1054/527 1053/1053/527 1052/1052/527
f 1053/1053/528 1054/1054/528 1055/1055/528
f 1056/1056/528 1055/1055/528 1054/1054/528
f 1055/1055/529 1056/1056/529 1049/1049/529
f 1050/1050/529 1049/1049/529 1056/1056/529
f 1050/1/1 1054/1/1 1052/1/1
f 1050/1/1 1056/1/1 1054/1/1
f 1057/1057/530 1058/1058/530 1059/1059/530
f 1060/1060/530 1059/1059/530 1058/1058/530
f 1059/1059/531 1060/1060/531 1061/1061/531
f 1062/1062/531 1061/1061/531 1060/1060/531
f 1061/1061/532 1062/1062/532 1063/1063/532
f 1064/1064/532 1063/1063/532 1062/1062/532
f 1063/1063/533 1064/1064/533 1057/1057/533
f 1058/1058/533 1057/1057/533 1064/1064/533
f 1058/1/1 1062/1/1 1060/1/1
f 1058/1/1 1064/1/1 1062/1/1
f 1065/1065/534 1066/1066/534 1067/1067/534
f 1068/1068/534 1067/1067/534 1066/1066/534
f 1067/1067/535 1068/1068/535 1069/1069/535
f 1070/1070/535 1069/1069/535 1068/1068/535
f 1069/1069/536 1070/1070/536 1071/1071/536
f 1072/1072/536 1071/1071/536 1070/1070/536
f 1071/1071/537 1072/1072/537 1065/1065/537
f 1066/1066/537 1065/1065/537 1072/1072/537
f 1066/1/1 1070/1/1 1068/1/1
f 1066/1/1 1072/1/1 1070/1/1
f 1073/1073/538 1074/1074/538 1075/1075/538
f 1076/1076/538 1075/1075/538 1074/1074/538
f 1075/1075/539 1076/1076/539 1077/1077/539
f 1078/1078/539 1077/1077/539 1076/1076/539
f 1077/1077/540 1078/1078/540 1079/1079/540
f 1080/1080/540 1079/1079/540 1078/1078/540
f 1079/1079/541 1080/1080/541 1073/1073/541
f 1074/1074/541 1073/1073/541 1080/1080/541
f 1074/1/1 1078/1/1 1076/1/1
f 1074/1/1 1080/1/1 1078/1/1
f 1081/1081/542 1082/1082/542 1083/1083/542
f 1084/1084/542 1083/1083/542 1082/1082/542
f 1083/1083/543 1084/1084/543 1085/1085/543
f 1086/1086/543 1085/1085/543 1084/1084/543
f 1085/1085/544 1086/1086/544 1087/1087/544
f 1088/1088/544 1087/1087/544 1086/1086/544
f 1087/1087/545 1088/1088/545 1081/1081/545
f 1082/1082/545 1081/1081/545 1088/1088/545
f 1082/1/1 1086/1/1 1084/1/1
f 1082/1/1 1088/1/1 1086/1/1
f 1089/1089/546 1090/1090/546 1091/1091/546
f 1092/1092/546 1091/1091/546 1090/1090/546
f 1091/1091/547 1092/1092/547 1093/1093/547
f 1094/1094/547 1093/1093/547 1092/1092/547
f 1093/1093/548 1094/1094/548 1095/1095/548
f 1096/1096/548 1095/1095/548 1094/1094/548
f 1095/1095/549 1096/1096/549 1089/1089/549
f 1090/1090/549 1089/1089/549 1096/1096/549
f 1090/1/1 1094/1/1 1092/1/1
f 1090/1/1 1096/1/1 1094/1/1
f 1097/1097/550 1098/1098/550 1099/1099/550
f 1100/1100/550 1099/1099/550 1098/1098/550
f 1099/1099/551 1100/1100/551 1101/1101/551
f 1102/1102/551 1101/1101/551 1100/1100/551
f 1101/1101/552 1102/1102/552 1103/1103/552
f 1104/1104/552 1103/1103/552 1102/1102/552
f 1103/1103/553 1104/1104/553 1097/1097/553
f 1098/1098/553 1097/1097/553 1104/1104/553
f 1098/1/1 1102/1/1 1100/1/1
f 1098/1/1 1104/1/1 1102/1/1
f 1105/1105/554 1106/1106/554 1107/1107/554
f 1108/1108/554 1107/1107/554 1106/1106/554
f 1107/1107/555 1108/1108/555 1109/1109/555
f 1110/1110/555 1109/1109/555 1108/1108/555
f 1109/1109/556 1110/1110/556 1111/1111/556
f 1112/1112/556 1111/1111/556 1110/1110/556
f 1111/1111/557 1112/1112/557 1105/1105/557
f 1106/1106/557 1105/1105/557 1112/1112/557
f 1106/1/1 1110/1/1 1108/1/1
f 1106/1/1 1112/1/1 1110/1/1
f 1113/1113/558 1114/1114/558 1115/1115/558
f 1116/1116/558 1115/1115/558 1114/1114/558
f 1115/1115/559 1116/1116/559 1117/1117/559
f 1118/1118/559 1117/1117/559 1116/1116/559
f 1117/1117/560 1118/1118/560 1119/1119/560
f 1120/1120/560 1119/1119/560 1118/1118/560
f 1119/1119/561 1120/1120/561 1113/1113/561
f 1114/1114/561 1113/1113/561 1120/1120/561
f 1114/1/1 1118/1/1 1116/1/1
f 1114/1/1 1120/1/1 1118/1/1
f 1121/1121/562 1122/1122/562 1123/1123/562
f 1124/1124/562 1123/1123/562 1122/1122/562
f 1123/1123/563 1124/1124/563 1125/1125/563
f 1126/1126/563 1125/1125/563 1124/1124/563
f 1125/1125/564 1126/1126/564 1127/1127/564
f 1128/1128/564 1127/1127/564 1126/1126/564
f 1127/1127/565 1128/1128/565 1121/1121/565
f 1122/1122/565 1121/1121/565 1128/1128/565
f 1122/1/1 1126/1/1 1124/1/1
f 1122/1/1 1128/1/1 1126/1/1
f 1129/1129/566 1130/1130/566 1131/1131/566
f 1132/1132/566 1131/1131/566 1130/1130/566
f 1131/1131/567 1132/1132/567 1133/1133/567
f 1134/1134/567 1133/1133/567 1132/1132/567
f 1133/1133/568 1134/1134/568 1135/1135/568
f 1136/1136/568 1135/1135/568 1134/1134/568
f 1135/1135/569 1136/1136/569 1129/1129/569
f 1130/1130/569 1129/1129/569 1136/1136/569
f 1130/1/1 1134/1/1 1132/1/1
f 1130/1/1 1136/1/1 1134/1/1
f 1137/1137/570 1138/1138/570 1139/1139/570
f 1140/1140/570 1139/1139/570 1138/1138/570
f 1139/1139/571 1140/1140/571 1141/1141/571
f 1142/1142/571 1141/1141/571 1140/1140/571
f 1141/1141/572 1142/1142/572 1143/1143/572
f 1144/1144/572 1143/1143/572 1142/1142/572
f 1143/1143/573 1144/1144/573 1137/1137/573
f 1138/1138/573 1137/1137/573 1144/1144/573
f 1138/1/1 1142/1/1 1140/1/1
f 1138/1/1 1144/1/1 1142/1/1
f 1145/1145/574 1146/1146/574 1147/1147/574
f 1148/1148/574 1147/1147/574 1146/1146/574
f 1147/1147/575 1148/1148/575 1149/1149/575
f 1150/1150/575 1149/1149/575 1148/1148/575
f 1149/1149/576 1150/1150/576 1151/1151/576
f 1152/1152/576 1151/1151/576 1150/1150/576
f 1151/1151/577 1152/1152/577 1145/1145/577
f 1146/1146/577 1145/1145/577 1152/1152/577
f 1146/1/1 1150/1/1 1148/1/1
f 1146/1/1 1152/1/1 1150/1/1
f 1153/1153/578 1154/1154/578 1155/1155/578
f 1156/1156/578 1155/1155/578 1154/1154/578
f 1155/1155/579 1156/1156/579 1157/1157/579
f 1158/1158/579 1157/1157/579 1156/1156/579
f 1157/1157/580 1158/1158/580 1159/1159/580
f 1160/1160/580 1159/1159/580 1158/1158/580
f 1159/1159/581 1160/1160/581 1153/1153/581
f 1154/1154/581 1153/1153/581 1160/1160/581
f 1154/1/1 1158/1/1 1156/1/1
f 1154/1/1 1160/1/1 1158/1/1
f 1161/1161/582 1162/1162/582 1163/1163/582
f 1164/1164/582 1163/1163/582 1162/1162/582
f 1163/1163/583 1164/1164/583 1165/1165/583
f 1166/1166/583 1165/1165/583 1164/1164/583
f 1165/1165/584 1166/1166/584 1167/1167/584
f 1168/1168/584 1167/1167/584 1166/1166/584
f 1167/1167/585 1168/1168/585 1161/1161/585
f 1162/1162/585 1161/1161/585 1168/1168/585
f 1162/1/1 1166/1/1 1164/1/1
f 1162/1/1 1168/1/1 1166/1/1
f 1169/1169/586 1170/1170/586 1171/1171/586
f 1172/1172/586 1171/1171/586 1170/1170/586
f 1171/1171/587 1172/1172/587 1173/1173/587
f 1174/1174/587 1173/1173/587 1172/1172/587
f 1173/1173/588 1174/1174/588 1175/1175/588
f 1176/1176/588 1175/1175/588 1174/1174/588
f 1175/1175/589 1176/1176/589 1169/1169/589
f 1170/1170/589 1169/1169/589 1176/1176/589
f 1170/1/1 1174/1/1 1172/1/1
f 1170/1/1 1176/1/1 1174/1/1
f 1177/1177/590 1178/1178/590 1179/1179/590
f 1180/1180/590 1179/1179/590 1178/1178/590
f 1179/1179/591 1180/1180/591 1181/1181/591
f 1182/1182/591 1181/1181/591 1180/1180/591
f 1181/1181/592 1182/1182/592 1183/1183/592
f 1184/1184/592 1183/1183/592 1182/1182/592
f 1183/1183/593 1184/1184/593 1177/1177/593
f 1178/1178/593 1177/1177/593 1184/1184/593
f 1178/1/1 1182/1/1 1180/1/1
f 1178/1/1 1184/1/1 1182/1/1
f 1185/1185/594 1186/1186/594 1187/1187/594
f 1188/1188/594 1187/1187/594 1186/1186/594
f 1187/1187/595 1188/1188/595 1189/1189/595
f 1190/1190/595 1189/1189/595 1188/1188/595
f 1189/1189/596 1190/1190/596 1191/1191/596
f 1192/1192/596 1191/1191/596 1190/1190/596
f 1191/1191/597 1192/1192/597 1185/1185/597
f 1186/1186/597 1185/1185/597 1192/1192/597
f 1186/1/1 1190/1/1 1188/1/1
f 1186/1/1 1192/1/1 1190/1/1
f 1193/1193/598 1194/1194/598 1195/1195/598
f 1196/1196/598 1195/1195/598 1194/1194/598
f 1195/1195/599 1196/1196/599 1197/1197/599
f 1198/1198/599 1197/1197/599 1196/1196/599
f 1197/1197/600 1198/1198/600 1199/1199/600
f 1200/1200/600 1199/1199/600 1198/1198/600
f 1199/1199/601 1200/1200/601 1193/1193/601
f 1194/1194/601 1193/1193/601 1200/1200/601
f 1194/1/1 1198/1/1 1196/1/1
f 1194/1/1 1200/1/1 1198/1/1
f 1201/1201/602 1202/1202/602 1203/1203/602
f 1204/1204/602 1203/1203/602 1202/1202/602
f 1203/1203/603 1204/1204/603 1205/1205/603
f 1206/1206/603 1205/1205/603 1204/1204/603
f 1205/1205/604 1206/1206/604 1207/1207/604
f 1208/1208/604 1207/1207/604 1206/1206/604
f 1207/1207/605 1208/1208/605 1201/1201/605
f 1202/1202/605 1201/1201/605 1208/1208/605
f 1202/1/1 1206/1/1 1204/1/1
f 1202/1/1 1208/1/1 1206/1/1
f 1209/1209/606 1210/1210/606 1211/1211/606
f 1212/1212/606 1211/1211/606 1210/1210/606
f 1211/1211/607 1212/1212/607 1213/1213/607
f 1214/1214/607 1213/1213/607 1212/1212/607
f 1213/1213/608 1214/1214/608 1215/1215/608
f 1216/1216/608 1215/1215/608 1214/1214/608
f 1215/1215/609 1216/1216/609 1209/1209/609
f 1210/1210/609 1209/1209/609 1216/1216/609
f 1210/1/1 1214/1/1 1212/1/1
f 1210/1/1 1216/1/1 1214/1/1
f 1217/1217/610 1218/1218/610 1219/1219/610
f 1220/1220/610 1219/1219/610 1218/1218/610
f 1219/1219/611 1220/1220/611 1221/1221/611
f 1222/1222/611 1221/1221/611 1220/1220/611
f 1221/1221/612 1222/1222/612 1223/1223/612
f 1224/1224/612 1223/1223/612 1222/1222/612
f 1223/1223/613 1224/1224/613 1217/1217/613
f 1218/1218/613 1217/1217/613 1224/1224/613
f 1218/1/1 1222/1/1 1220/1/1
f 1218/1/1 1224/1/1 1222/1/1
f 1225/1225/614 1226/1226/614 1227/1227/614
f 1228/1228/614 1227/1227/614 1226/1226/614
f 1227/1227/615 1228/1228/615 1229/1229/615
f 1230/1230/615 1229/1229/615 1228/1228/615
f 1229/1229/616 1230/1230/616 1231/1231/616
f 1232/1232/616 1231/1231/616 1230/1230/616
f 1231/1231/617 1232/1232/617 1225/1225/617
f 1226/1226/617 1225/1225/617 1232/1232/617
f 1226/1/1 1230/1/1 1228/1/1
f 1226/1/1 1232/1/1 1230/1/1
f 1233/1233/618 1234/1234/618 1235/1235/618
f 1236/1236/618 1235/1235/618 1234/1234/618
f 1235/1235/619 1236/1236/619 1237/1237/619
f 1238/1238/619 1237/1237/619 1236/1236/619
f 1237/1237/620 1238/1238/620 1239/1239/620
f 1240/1240/620 1239/1239/620 1238/1238/620
f 1239/1239/621 1240/1240/621 1233/1233/621
f 1234/1234/621 1233/1233/621 1240/1240/621
f 1234/1/1 1238/1/1 1236/1/1
f 1234/1/1 1240/1/1 1238/1/1
f 1241/1241/622 1242/1242/622 1243/1243/622
f 1244/1244/622 1243/1243/622 1242/1242/622
f 1243/1243/623 1244/1244/623 1245/1245/623
f 1246/1246/623 1245/1245/623 1244/1244/623
f 1245/1245/624 1246/1246/624 1247/1247/624
f 1248/1248/624 1247/1247/624 1246/1246/624
f 1247/1247/625 1248/1248/625 1241/1241/625
f 1242/1242/625 1241/1241/625 1248/1248/625
f 1242/1/1 1246/1/1 1244/1/1
f 1242/1/1 1248/1/1 1246/1/1
f 1249/1249/626 1250/1250/626 1251/1251/626
f 1252/1252/626 1251/1251/626 1250/1250/626
f 1251/1251/627 1252/1252/627 1253/1253/627
f 1254/1254/627 1253/1253/627 1252/1252/627
f 1253/1253/628 1254/1254/628 1255/1255/628
f 1256/1256/628 1255/1255/628 1254/1254/628
f 1255/1255/629 1256/1256/629 1249/1249/629
f 1250/1250/629 1249/1249/629 1256/1256/629
f 1250/1/1 1254/1/1 1252/1/1
f 1250/1/1 1256/1/1 1254/1/1
f 1257/1257/630 1258/1258/630 1259/1259/630
f 1260/1260/630 1259/1259/630 1258/1258/630
f 1259/1259/631 1260/1260/631 1261/1261/631
f 1262/1262/631 1261/1261/631 1260/1260/631
f 1261/1261/632 1262/1262/632 1263/1263/632
f 1264/1264/632 1263/1263/632 1262/1262/632
f 1263/1263/633 1264/1264/633 1257/1257/633
f 1258/1258/633 1257/1257/633 1264/1264/633
f 1258/1/1 1262/1/1 1260/1/1
f 1258/1/1 1264/1/1 1262/1/1
f 1265/1265/634 1266/1266/634 1267/1267/634
f 1268/1268/634 1267/1267/634 1266/1266/634
f 1267/1267/635 1268/1268/635 1269/1269/635
f 1270/1270/635 1269/1269/635 1268/1268/635
f 1269/1269/636 1270/1270/636 1271/1271/636
f 1272/1272/636 1271/1271/636 1270/1270/636
f 1271/1271/637 1272/1272/637 1265/1265/637
f 1266/1266/637 1265/1265/637 1272/1272/637
f 1266/1/1 1270/1/1 1268/1/1
f 1266/1/1 1272/1/1 1270/1/1
f 1273/1273/638 1274/1274/638 1275/1275/638
f 1276/1276/638 1275/1275/638 1274/1274/638
f 1275/1275/639 1276/1276/639 1277/1277/639
f 1278/1278/639 1277/1277/639 1276/1276/639
f 1277/1277/640 1278/1278/640 1279/1279/640
f 1280/1280/640 1279/1279/640 1278/1278/640
f 1279/1279/641 1280/1280/641 1273/1273/641
f 1274/1274/641 1273/1273/641 1280/1280/641
f 1274/1/1 1278/1/1 1276/1/1
f 1274/1/1 1280/1/1 1278/1/1
f 1281/1281/642 1282/1282/642 1283/1283/642
f 1284/1284/642 1283/1283/642 1282/1282/642
f 1283/1283/643 1284/1284/643 1285/1285/643
f 1286/1286/643 1285/1285/643 1284/1284/643
f 1285/1285/644 1286/1286/644 1287/1287/644
f 1288/1288/644 1287/1287/644 1286/1286/644
f 1287/1287/645 1288/1288/645 1281/1281/645
f 1282/1282/645 1281/1281/645 1288/1288/645
f 1282/1/1 1286/1/1 1284/1/1
f 1282/1/1 1288/1/1 1286/1/1
f 1289/1289/646 1290/1290/646 1291/1291/646
f 1292/1292/646 1291/1291/646 1290/1290/646
f 1291/1291/647 1292/1292/647 1293/1293/647
f 1294/1294/647 1293/1293/647 1292/1292/647
f 1293/1293/648 1294/1294/648 1295/1295/648
f 1296/1296/648 1295/1295/648 1294/1294/648
f 1295/1295/649 1296/1296/649 1289/1289/649
f 1290/1290/649 1289/1289/649 1296/1296/649
f 1290/1/1 1294/1/1 1292/1/1
f 1290/1/1 1296/1/1 1294/1/1
f 1297/1297/650 1298/1298/650 1299/1299/650
f 1300/1300/650 1299/1299/650 1298/1298/650
f 1299/1299/651 1300/1300/651 1301/1301/651
f 1302/1302/651 1301/1301/651 1300/1300/651
f 1301/1301/652 1302/1302/652 1303/1303/652
f 1304/1304/652 1303/1303/652 1302/1302/652
f 1303/1303/653 1304/1304/653 1297/1297/653
f 1298/1298/653 1297/1297/653 1304/1304/653
f 1298/1/1 1302/1/1 1300/1/1
f 1298/1/1 1304/1/1 1302/1/1
f 1305/1305/654 1306/1306/654 1307/1307/654
f 1308/1308/654 1307/1307/654 1306/1306/654
f 1307/1307/655 1308/1308/655 1309/1309/655
f 1310/1310/655 1309/1309/655 1308/1308/655
f 1309/1309/656 1310/1310/656 1311/1311/656
f 1312/1312/656 1311/1311/656 1310/1310/656
f 1311/1311/657 1312/1312/657 1305/1305/657
f 1306/1306/657 1305/1305/657 1312/1312/657
f 1306/1/1 1310/1/1 1308/1/1
f 1306/1/1 1312/1/1 1310/1/1
f 1313/1313/658 1314/1314/658 1315/1315/658
f 1316/1316/658 1315/1315/658 1314/1314/658
f 1315/1315/659 1316/1316/659 1317/1317/659
f 1318/1318/659 1317/1317/659 1316/1316/659
f 1317/1317/660 1318/1318/660 1319/1319/660
f 1320/1320/660 1319/1319/660 1318/1318/660
f 1319/1319/661 1320/1320/661 1313/1313/661
f 1314/1314/661 1313/1313/661 1320/1320/661
f 1314/1/1 1318/1/1 1316/1/1
f 1314/1/1 1320/1/1 1318/1/1
f 1321/1321/662 1322/1322/662 1323/1323/662
f 1324/1324/662 1323/1323/662 1322/1322/662
f 1323/1323/663 1324/1324/663 1325/1325/663
f 1326/1326/663 1325/1325/663 1324/1324/663
f 1325/1325/664 1326/1326/664 1327/1327/664
f 1328/1328/664 1327/1327/664 1326/1326/664
f 1327/1327/665 1328/1328/665 1321/1321/665
f 1322/1322/665 1321/1321/665 1328/1328/665
f 1322/1/1 1326/1/1 1324/1/1
f 1322/1/1 1328/1/1 1326/1/1
f 1329/1329/666 1330/1330/666 1331/1331/666
f 1332/1332/666 1331/1331/666 1330/1330/666
f 1331/1331/667 1332/1332/667 1333/1333/667
f 1334/1334/667 1333/1333/667 1332/1332/667
f 1333/1333/668 1334/1334/668 1335/1335/668
f 1336/1336/668 1335/1335/668 1334/1334/668
f 1335/1335/669 1336/1336/669 1329/1329/669
f 1330/1330/669 1329/1329/669 1336/1336/669
f 1330/1/1 1334/1/1 1332/1/1
f 1330/1/1 1336/1/1 1334/1/1
f 1337/1337/670 1338/1338/670 1339/1339/670
f 1340/1340/670 1339/1339/670 1338/1338/670
f 1339/1339/671 1340/1340/671 1341/1341/671
f 1342/1342/671 1341/1341/671 1340/1340/671
f 1341/1341/672 1342/1342/672 1343/1343/672
f 1344/1344/672 1343/1343/672 1342/1342/672
f 1343/1343/673 1344/1344/673 1337/1337/673
f 1338/1338/673 1337/1337/673 1344/1344/673
f 1338/1/1 1342/1/1 1340/1/1
f 1338/1/1 1344/1/1 1342/1/1
f 1345/1345/674 1346/1346/674 1347/1347/674
f 1348/1348/674 1347/1347/674 1346/1346/674
f 1347/1347/675 1348/1348/675 1349/1349/675
f 1350/1350/675 1349/1349/675 1348/1348/675
f 1349/1349/676 1350/1350/676 1351/1351/676
f 1352/1352/676 1351/1351/676 1350/1350/676
f 1351/1351/677 1352/1352/677 1345/1345/677
f 1346/1346/677 1345/1345/677 1352/1352/677
f 1346/1/1 1350/1/1 1348/1/1
f 1346/1/1 1352/1/1 1350/1/1
f 1353/1353/678 1354/1354/678 1355/1355/678
f 1356/1356/678 1355/1355/678 1354/1354/678
f 1355/1355/679 1356/1356/679 1357/1357/679
f 1358/1358/679 1357/1357/679 1356/1356/679
f 1357/1357/680 1358/1358/680 1359/1359/680
f 1360/1360/680 1359/1359/680 1358/1358/680
f 1359/1359/681 1360/1360/681 1353/1353/681
f 1354/1354/681 1353/1353/681 1360/1360/681
f 1354/1/1 1358/1/1 1356/1/1
f 1354/1/1 1360/1/1 1358/1/1
f 1361/1361/682 1362/1362/682 1363/1363/682
f 1364/1364/682 1363/1363/682 1362/1362/682
f 1363/1363/683 1364/1364/683 1365/1365/683
f 1366/1366/683 1365/1365/683 1364/1364/683
f 1365/1365/684 1366/1366/684 1367/1367/684
f 1368/1368/684 1367/1367/684 1366/1366/684
f 1367/1367/685 1368/1368/685 1361/1361/685
f 1362/1362/685 1361/1361/685 1368/1368/685
f 1362/1/1 1366/1/1 1364/1/1
f 1362/1/1 1368/1/1 1366/1/1
f 1369/1369/686 1370/1370/686 1371/1371/686
f 1372/1372/686 1371/1371/686 1370/1370/686
f 1371/1371/687 1372/1372/687 1373/1373/687
f 1374/1374/687 1373/1373/687 1372/1372/687
f 1373/1373/688 1374/1374/688 1375/1375/688
f 1376/1376/688 1375/1375/688 1374/1374/688
f 1375/1375/689 1376/1376/689 1369/1369/689
f 1370/1370/689 1369/1369/689 1376/1376/689
f 1370/1/1 1374/1/1 1372/1/1
f 1370/1/1 1376/1/1 1374/1/1
f 1377/1377/690 1378/1378/690 1379/1379/690
f 1380/1380/690 1379/1379/690 1378/1378/690
f 1379/1379/691 1380/1380/691 1381/1381/691
f 1382/1382/691 1381/1381/691 1380/1380/691
f 1381/1381/692 1382/1382/692 1383/1383/692
f 1384/1384/692 1383/1383/692 1382/1382/692
f 1383/1383/693 1384/1384/693 1377/1377/693
f 1378/1378/693 1377/1377/693 1384/1384/693
f 1378/1/1 1382/1/1 1380/1/1
f 1378/1/1 1384/1/1 1382/1/1
f 1385/1385/694 1386/1386/694 1387/1387/694
f 1388/1388/694 1387/1387/694 1386/1386/694
f 1387/1387/695 1388/1388/695 1389/1389/695
f 1390/1390/695 1389/1389/695 1388/1388/695
f 1389/1389/696 1390/1390/696 1391/1391/696
f 1392/1392/696 1391/1391/696 1390/1390/696
f 1391/1391/697 1392/1392/697 1385/1385/697
f 1386/1386/697 1385/1385/697 1392/1392/697
f 1386/1/1 1390/1/1 1388/1/1
f 1386/1/1 1392/1/1 1390/1/1
f 1393/1393/698 1394/1394/698 1395/1395/698
f 1396/1396/698 1395/1395/698 1394/1394/698
f 1395/1395/699 1396/1396/699 1397/1397/699
f 1398/1398/699 1397/1397/699 1396/1396/699
f 1397/1397/700 1398/1398/700 1399/1399/700
f 1400/1400/700 1399/1399/700 1398/1398/700
f 1399/1399/701 1400/1400/701 1393/1393/701
f 1394/1394/701 1393/1393/701 1400/1400/701
f 1394/1/1 1398/1/1 1396/1/1
f 1394/1/1 1400/1/1 1398/1/1
f 1401/1401/702 1402/1402/702 1403/1403/702
f 1404/1404/702 1403/1403/702 1402/1402/702
f 1403/1403/703 1404/1404/703 1405/1405/703
f 1406/1406/703 1405/1405/703 1404/1404/703
f 1405/1405/704 1406/1406/704 1407/1407/704
f 1408/1408/704 1407/1407/704 1406/1406/704
f 1407/1407/705 1408/1408/705 1401/1401/705
f 1402/1402/705 1401/1401/705 1408/1408/705
f 1402/1/1 1406/1/1 1404/1/1
f 1402/1/1 1408/1/1 1406/1/1
f 1409/1409/706 1410/1410/706 1411/1411/706
f 1412/1412/706 1411/1411/706 1410/1410/706
f 1411/1411/707 1412/1412/707 1413/1413/707
f 1414/1414/707 1413/1413/707 1412/1412/707
f 1413/1413/708 1414/1414/708 1415/1415/708
f 1416/1416/708 1415/1415/708 1414/1414/708
f 1415/1415/709 1416/1416/709 1409/1409/709
f 1410/1410/709 1409/1409/709 1416/1416/709
f 1410/1/1 1414/1/1 1412/1/1
f 1410/1/1 1416/1/1 1414/1/1
f 1417/1417/710 1418/1418/710 1419/1419/710
f 1420/1420/710 1419/1419/710 1418/1418/710
f 1419/1419/711 1420/1420/711 1421/1421/711
f 1422/1422/711 1421/1421/711 1420/1420/711
f 1421/1421/712 1422/1422/712 1423/1423/712
f 1424/1424/712 1423/1423/712 1422/1422/712
f 1423/1423/713 1424/1424/713 1417/1417/713
f 1418/1418/713 1417/1417/713 1424/1424/713
f 1418/1/1 1422/1/1 1420/1/1
f 1418/1/1 1424/1/1 1422/1/1
f 1425/1425/714 1426/1426/714 1427/1427/714
f 1428/1428/714 1427/1427/714 1426/1426/714
f 1427/1427/715 1428/1428/715 1429/1429/715
f 1430/1430/715 1429/1429/715 1428/1428/715
f 1429/1429/716 1430/1430/716 1431/1431/716
f 1432/1432/716 1431/1431/716 1430/1430/716
f 1431/1431/717 1432/1432/717 1425/1425/717
f 1426/1426/717 1425/1425/717 1432/1432/717
f 1426/1/1 1430/1/1 1428/1/1
f 1426/1/1 1432/1/1 1430/1/1
f 1433/1433/718 1434/1434/718 1435/1435/718
f 1436/1436/718 1435/1435/718 1434/1434/718
f 1435/1435/719 1436/1436/719 1437/1437/719
f 1438/1438/719 1437/1437/719 1436/1436/719
f 1437/1437/720 1438/1438/720 1439/1439/720
f 1440/1440/720 1439/1439/720 1438/1438/720
f 1439/1439/721 1440/1440/721 1433/1433/721
f 1434/1434/721 1433/1433/721 1440/1440/721
f 1434/1/1 1438/1/1 1436/1/1
f 1434/1/1 1440/1/1 1438/1/1
f 1441/1441/722 1442/1442/722 1443/1443/722
f 1444/1444/722 1443/1443/722 1442/1442/722
f 1443/1443/723 1444/1444/723 1445/1445/723
f 1446/1446/723 1445/1445/723 1444/1444/723
f 1445/1445/724 1446/1446/724 1447/1447/724
f 1448/1448/724 1447/1447/724 1446/1446/724
f 1447/1447/725 1448/1448/725 1441/1441/725
f 1442/1442/725 1441/1441/725 1448/1448/725
f 1442/1/1 1446/1/1 1444/1/1
f 1442/1/1 1448/1/1 1446/1/1
f 1449/1449/726 1450/1450/726 1451/1451/726
f 1452/1452/726 1451/1451/726 1450/1450/726
f 1451/1451/727 1452/1452/727 1453/1453/727
f 1454/1454/727 1453/1453/727 1452/1452/727
f 1453/1453/728 1454/1454/728 1455/1455/728
f 1456/1456/728 1455/1455/728 1454/1454/728
f 1455/1455/729 1456/1456/729 1449/1449/729
f 1450/1450/729 1449/1449/729 1456/1456/729
f 1450/1/1 1454/1/1 1452/1/1
f 1450/1/1 1456/1/1 1454/1/1
f 1457/1457/730 1458/1458/730 1459/1459/730
f 1460/1460/730 1459/1459/730 1458/1458/730
f 1459/1459/731 1460/1460/731 1461/1461/731
f 1462/1462/731 1461/1461/731 1460/1460/731
f 1461/1461/732 1462/1462/732 1463/1463/732
f 1464/1464/732 1463/1463/732 1462/1462/732
f 1463/1463/733 1464/1464/733 1457/1457/733
f 1458/1458/733 1457/1457/733 1464/1464/733
f 1458/1/1 1462/1/1 1460/1/1
f 1458/1/1 1464/1/1 1462/1/1
f 1465/1465/734 1466/1466/734 1467/1467/734
f 1468/1468/734 1467/1467/734 1466/1466/734
f 1467/1467/735 1468/1468/735 1469/1469/735
f 1470/1470/735 1469/1469/735 1468/1468/735
f 1469/1469/736 1470/1470/736 1471/1471/736
f 1472/1472/736 1471/1471/736 1470/1470/736
f 1471/1471/737 1472/1472/737 1465/1465/737
f 1466/1466/737 1465/1465/737 1472/1472/737
f 1466/1/1 1470/1/1 1468/1/1
f 1466/1/1 1472/1/1 1470/1/1
f 1473/1473/738 1474/1474/738 1475/1475/738
f 1476/1476/738 1475/1475/738 1474/1474/738
f 1475/1475/739 1476/1476/739 1477/1477/739
f 1478/1478/739 1477/1477/739 1476/1476/739
f 1477/1477/740 1478/1478/740 1479/1479/740
f 1480/1480/740 1479/1479/740 1478/1478/740
f 1479/1479/741 1480/1480/741 1473/1473/741
f 1474/1474/741 1473/1473/741 1480/1480/741
f 1474/1/1 1478/1/1 1476/1/1
f 1474/1/1 1480/1/1 1478/1/1
f 1481/1481/742 1482/1482/742 1483/1483/742
f 1484/1484/742 1483/1483/742 1482/1482/742
f 1483/1483/743 1484/1484/743 1485/1485/743
f 1486/1486/743 1485/1485/743 1484/1484/743
f 1485/1485/744 1486/1486/744 1487/1487/744
f 1488/1488/744 1487/1487/744 1486/1486/744
f 1487/1487/745 1488/1488/745 1481/1481/745
f 1482/1482/745 1481/1481/745 1488/1488/745
f 1482/1/1 1486/1/1 1484/1/1
f 1482/1/1 1488/1/1 1486/1/1
f 1489/1489/746 1490/1490/746 1491/1491/746
f 1492/1492/746 1491/1491/746 1490/1490/746
f 1491/1491/747 1492/1492/747 1493/1493/747
f 1494/1494/747 1493/1493/747 1492/1492/747
f 1493/1493/748 1494/1494/748 1495/1495/748
f 1496/1496/748 1495/1495/748 1494/1494/748
f 1495/1495/749 1496/1496/749 1489/1489/749
f 1490/1490/749 1489/1489/749 1496/1496/749
f 1490/1/1 1494/1/1 1492/1/1
f 1490/1/1 1496/1/1 1494/1/1
f 1497/1497/750 1498/1498/750 1499/1499/750
f 1500/1500/750 1499/1499/750 1498/1498/750
f 1499/1499/751 1500/1500/751 1501/1501/751
f 1502/1502/751 1501/1501/751 1500/1500/751
f 1501/1501/752 1502/1502/752 1503/1503/752
f 1504/1504/752 1503/1503/752 1502/1502/752
f 1503/1503/753 1504/1504/753 1497/1497/753
f 1498/1498/753 1497/1497/753 1504/1504/753
f 1498/1/1 1502/1/1 1500/1/1
f 1498/1/1 1504/1/1 1502/1/1
f 1505/1505/754 1506/1506/754 1507/1507/754
f 1508/1508/754 1507/1507/754 1506/1506/754
f 1507/1507/755 1508/1508/755 1509/1509/755
f 1510/1510/755 1509/1509/755 1508/1508/755
f 1509/1509/756 1510/1510/756 1511/1511/756
f 1512/1512/756 1511/1511/756 1510/1510/756
f 1511/1511/757 1512/1512/757 1505/1505/757
f 1506/1506/757 1505/1505/757 1512/1512/757
f 1506/1/1 1510/1/1 1508/1/1
f 1506/1/1 1512/1/1 1510/1/1
f 1513/1513/758 1514/1514/758 1515/1515/758
f 1516/1516/758 1515/1515/758 1514/1514/758
f 1515/1515/759 1516/1516/759 1517/1517/759
f 1518/1518/759 1517/1517/759 1516/1516/759
f 1517/1517/760 1518/1518/760 1519/1519/760
f 1520/1520/760 1519/1519/760 1518/1518/760
f 1519/1519/761 1520/1520/761 1513/1513/761
f 1514/1514/761 1513/1513/761 1520/1520/761
f 1514/1/1 1518/1/1 1516/1/1
f 1514/1/1 1520/1/1 1518/1/1
f 1521/1521/762 1522/1522/762 1523/1523/762
f 1524/1524/762 1523/1523/762 1522/1522/762
f 1523/1523/763 1524/1524/763 1525/1525/763
f 1526/1526/763 1525/1525/763 1524/1524/763
f 1525/1525/764 1526/1526/764 1527/1527/764
f 1528/1528/764 1527/1527/764 1526/1526/764
f 1527/1527/765 1528/1528/765 1521/1521/765
f 1522/1522/765 1521/1521/765 1528/1528/765
f 1522/1/1 1526/1/1 1524/1/1
f 1522/1/1 1528/1/1 1526/1/1
f 1529/1529/766 1530/1530/766 1531/1531/766
f 1532/1532/766 1531/1531/766 1530/1530/766
f 1531/1531/767 1532/1532/767 1533/1533/767
f 1534/1534/767 1533/1533/767 1532/1532/767
f 1533/1533/768 1534/1534/768 1535/1535/768
f 1536/1536/768 1535/1535/768 1534/1534/768
f 1535/1535/769 1536/1536/769 1529/1529/769
f 1530/1530/769 1529/1529/769 1536/1536/769
f 1530/1/1 1534/1/1 1532/1/1
f 1530/1/1 1536/1/1 1534/1/1
f 1537/1537/770 1538/1538/770 1539/1539/770
f 1540/1540/770 1539/1539/770 1538/1538/770
f 1539/1539/771 1540/1540/771 1541/1541/771
f 1542/1542/771 1541/1541/771 1540/1540/771
f 1541/1541/772 1542/1542/772 1543/1543/772
f 1544/1544/772 1543/1543/772 1542/1542/772
f 1543/1543/773 1544/1544/773 1537/1537/773
f 1538/1538/773 1537/1537/773 1544/1544/773
f 1538/1/1 1542/1/1 1540/1/1
f 1538/1/1 1544/1/1 1542/1/1
f 1545/1545/774 1546/1546/774 1547/1547/774
f 1548/1548/774 1547/1547/774 1546/1546/774
f 1547/1547/775 1548/1548/775 1549/1549/775
f 1550/1550/775 1549/1549/775 1548/1548/775
f 1549/1549/776 1550/1550/776 1551/1551/776
f 1552/1552/776 1551/1551/776 1550/1550/776
f 1551/1551/777 1552/1552/777 1545/1545/777
f 1546/1546/777 1545/1545/777 1552/1552/777
f 1546/1/1 1550/1/1 1548/1/1
f 1546/1/1 1552/1/1 1550/1/1
f 1553/1553/778 1554/1554/778 1555/1555/778
f 1556/1556/778 1555/1555/778 1554/1554/778
f 1555/1555/779 1556/1556/779 1557/1557/779
f 1558/1558/779 1557/1557/779 1556/1556/779
f 1557/1557/780 1558/1558/780 1559/1559/780
f 1560/1560/780 1559/1559/780 1558/1558/780
f 1559/1559/781 1560/1560/781 1553/1553/781
f 1554/1554/781 1553/1553/781 1560/1560/781
f 1554/1/1 1558/1/1 1556/1/1
f 1554/1/1 1560/1/1 1558/1/1
f 1561/1561/782 1562/1562/782 1563/1563/782
f 1564/1564/782 1563/1563/782 1562/1562/782
f 1563/1563/783 1564/1564/783 1565/1565/783
f 1566/1566/783 1565/1565/783 1564/1564/783
f 1565/1565/784 1566/1566/784 1567/1567/784
f 1568/1568/784 1567/1567/784 1566/1566/784
f 1567/1567/785 1568/1568/785 1561/1561/785
f 1562/1562/785 1561/1561/785 1568/1568/785
f 1562/1/1 1566/1/1 1564/1/1
f 1562/1/1 1568/1/1 1566/1/1
f 1569/1569/786 1570/1570/786 1571/1571/786
f 1572/1572/786 1571/1571/786 1570/1570/786
f 1571/1571/787 1572/1572/787 1573/1573/787
f 1574/1574/787 1573/1573/787 1572/1572/787
f 1573/1573/788 1574/1574/788 1575/1575/788
f 1576/1576/788 1575/1575/788 1574/1574/788
f 1575/1575/789 1576/1576/789 1569/1569/789
f 1570/1570/789 1569/1569/789 1576/1576/789
f 1570/1/1 1574/1/1 1572/1/1
f 1570/1/1 1576/1/1 1574/1/1
f 1577/1577/790 1578/1578/790 1579/1579/790
f 1580/1580/790 1579/1579/790 1578/1578/790
f 1579/1579/791 1580/1580/791 1581/1581/791
f 1582/1582/791 1581/1581/791 1580/1580/791
f 1581/1581/792 1582/1582/792 1583/1583/792
f 1584/1584/792 1583/1583/792 1582/1582/792
f 1583/1583/793 1584/1584/793 1577/1577/793
f 1578/1578/793 1577/1577/793 1584/1584/793
f 1578/1/1 1582/1/1 1580/1/1
f 1578/1/1 1584/1/1 1582/1/1
f 1585/1585/794 1586/1586/794 1587/1587/794
f 1588/1588/794 1587/1587/794 1586/1586/794
f 1587/1587/795 1588/1588/795 1589/1589/795
f 1590/1590/795 1589/1589/795 1588/1588/795
f 1589/1589/796 1590/1590/796 1591/1591/796
f 1592/1592/796 1591/1591/796 1590/1590/796
f 1591/1591/797 1592/1592/797 1585/1585/797
f 1586/1586/797 1585/1585/797 1592/1592/797
f 1586/1/1 1590/1/1 1588/1/1
f 1586/1/1 1592/1/1 1590/1/1
f 1593/1593/798 1594/1594/798 1595/1595/798
f 1596/1596/798 1595/1595/798 1594/1594/798
f 1595/1595/799 1596/1596/799 1597/1597/799
f 1598/1598/799 1597/1597/799 1596/1596/799
f 1597/1597/800 1598/1598/800 1599/1599/800
f 1600/1600/800 1599/1599/800 1598/1598/800
f 1599/1599/801 1600/1600/801 1593/1593/801
f 1594/1594/801 1593/1593/801 1600/1600/801
f 1594/1/1 1598/1/1 1596/1/1
f 1594/1/1 1600/1/1 1598/1/1
f 1601/1601/802 1602/1602/802 1603/1603/802
f 1604/1604/802 1603/1603/802 1602/1602/802
f 1603/1603/803 1604/1604/803 1605/1605/803
f 1606/1606/803 1605/1605/803 1604/1604/803
f 1605/1605/804 1606/1606/804 1607/1607/804
f 1608/1608/804 1607/1607/804 1606/1606/804
f 1607/1607/805 1608/1608/805 1601/1601/805
f 1602/1602/805 1601/1601/805 1608/1608/805
f 1602/1/1 1606/1/1 1604/1/1
f 1602/1/1 1608/1/1 1606/1/1
f 1609/1609/806 1610/1610/806 1611/1611/806
f 1612/1612/806 1611/1611/806 1610/1610/806
f 1611/1611/807 1612/1612/807 1613/1613/807
f 1614/1614/807 1613/1613/807 1612/1612/807
f 1613/1613/808 1614/1614/808 1615/1615/808
f 1616/1616/808 1615/1615/808 1614/1614/808
f 1615/1615/809 1616/1616/809 1609/1609/809
f 1610/1610/809 1609/1609/809 1616/1616/809
f 1610/1/1 1614/1/1 1612/1/1
f 1610/1/1 1616/1/1 1614/1/1
f 1617/1617/810 1618/1618/810 1619/1619/810
f 1620/1620/810 1619/1619/810 1618/1618/810
f 1619/1619/811 1620/1620/811 1621/1621/811
f 1622/1622/811 1621/1621/811 1620/1620/811
f 1621/1621/812 1622/1622/812 1623/1623/812
f 1624/1624/812 1623/1623/812 1622/1622/812
f 1623/1623/813 1624/1624/813 1617/1617/813
f 1618/1618/813 1617/1617/813 1624/1624/813
f 1618/1/1 1622/1/1 1620/1/1
f 1618/1/1 1624/1/1 1622/1/1
f 1625/1625/814 1626/1626/814 1627/1627/814
f 1628/1628/814 1627/1627/814 1626/1626/814
f 1627/1627/815 1628/1628/815 1629/1629/815
f 1630/1630/815 1629/1629/815 1628/1628/815
f 1629/1629/816 1630/1630/816 1631/1631/816
f 1632/1632/816 1631/1631/816 1630/1630/816
f 1631/1631/817 1632/1632/817 1625/1625/817
f 1626/1626/817 1625/1625/817 1632/1632/817
f 1626/1/1 1630/1/1 1628/1/1
f 1626/1/1 1632/1/1 1630/1/1
f 1633/1633/818 1634/1634/818 1635/1635/818
f 1636/1636/818 1635/1635/818 1634/1634/818
f 1635/1635/819 1636/1636/819 1637/1637/819
f 1638/1638/819 1637/1637/819 1636/1636/819
f 1637/1637/820 1638/1638/820 1639/1639/820
f 1640/1640/820 1639/1639/820 1638/1638/820
f 1639/1639/821 1640/1640/821 1633/1633/821
f 1634/1634/821 1633/1633/821 1640/1640/821
f 1634/1/1 1638/1/1 1636/1/1
f 1634/1/1 1640/1/1 1638/1/1
f 1641/1641/822 1642/1642/822 1643/1643/822
f 1644/1644/822 1643/1643/822 1642/1642/822
f 1643/1643/823 1644/1644/823 1645/1645/823
f 1646/1646/823 1645/1645/823 1644/1644/823
f 1645/1645/824 1646/1646/824 1647/1647/824
f 1648/1648/824 1647/1647/824 1646/1646/824
f 1647/1647/825 1648/1648/825 1641/1641/825
f 1642/1642/825 1641/1641/825 1648/1648/825
f 1642/1/1 1646/1/1 1644/1/1
f 1642/1/1 1648/1/1 1646/1/1
f 1649/1649/826 1650/1650/826 1651/1651/826
f 1652/1652/826 1651/1651/826 1650/1650/826
f 1651/1651/827 1652/1652/827 1653/1653/827
f 1654/1654/827 1653/1653/827 1652/1652/827
f 1653/1653/828 1654/1654/828 1655/1655/828
f 1656/1656/828 1655/1655/828 1654/1654/828
f 1655/1655/829 1656/1656/829 1649/1649/829
f 1650/1650/829 1649/1649/829 1656/1656/829
f 1650/1/1 1654/1/1 1652/1/1
f 1650/1/1 1656/1/1 1654/1/1
f 1657/1657/830 1658/1658/830 1659/1659/830
f 1660/1660/830 1659/1659/830 1658/1658/830
f 1659/1659/831 1660/1660/831 1661/1661/831
f 1662/1662/831 1661/1661/831 1660/1660/831
f 1661/1661/832 1662/1662/832 1663/1663/832
f 1664/1664/832 1663/1663/832 1662/1662/832
f 1663/1663/833 1664/1664/833 1657/1657/833
f 1658/1658/833 1657/1657/833 1664/1664/833
f 1658/1/1 1662/1/1 1660/1/1
f 1658/1/1 1664/1/1 1662/1/1
f 1665/1665/834 1666/1666/834 1667/1667/834
f 1668/1668/834 1667/1667/834 1666/1666/834
f 1667/1667/835 1668/1668/835 1669/1669/835
f 1670/1670/835 1669/1669/835 1668/1668/835
f 1669/1669/836 1670/1670/836 1671/1671/836
f 1672/1672/836 1671/1671/836 1670/1670/836
f 1671/1671/837 1672/1672/837 1665/1665/837
f 1666/1666/837 1665/1665/837 1672/1672/837
f 1666/1/1 1670/1/1 1668/1/1
f 1666/1/1 1672/1/1 1670/1/1
f 1673/1673/838 1674/1674/838 1675/1675/838
f 1676/1676/838 1675/1675/838 1674/1674/838
f 1675/1675/839 1676/1676/839 1677/1677/839
f 1678/1678/839 1677/1677/839 1676/1676/839
f 1677/1677/840 1678/1678/840 1679/1679/840
f 1680/1680/840 1679/1679/840 1678/1678/840
f 1679/1679/841 1680/1680/841 1673/1673/841
f 1674/1674/841 1673/1673/841 1680/1680/841
f 1674/1/1 1678/1/1 1676/1/1
f 1674/1/1 1680/1/1 1678/1/1
f 1681/1681/842 1682/1682/842 1683/1683/842
f 1684/1684/842 1683/1683/842 1682/1682/842
f 1683/1683/843 1684/1684/843 1685/1685/843
f 1686/1686/843 1685/1685/843 1684/1684/843
f 1685/1685/844 1686/1686/844 1687/1687/844
f 1688/1688/844 1687/1687/844 1686/1686/844
f 1687/1687/845 1688/1688/845 1681/1681/845
f 1682/1682/845 1681/1681/845 1688/1688/845
f 1682/1/1 1686/1/1 1684/1/1
f 1682/1/1 1688/1/1 1686/1/1
f 1689/1689/846 1690/1690/846 1691/1691/846
f 1692/1692/846 1691/1691/846 1690/1690/846
f 1691/1691/847 1692/1692/847 1693/1693/847
f 1694/1694/847 1693/1693/847 1692/1692/847
f 1693/1693/848 1694/1694/848 1695/1695/848
f 1696/1696/848 1695/1695/848 1694/1694/848
f 1695/1695/849 1696/1696/849 1689/1689/849
f 1690/1690/849 1689/1689/849 1696/1696/849
f 1690/1/1 1694/1/1 1692/1/1
f 1690/1/1 1696/1/1 1694/1/1
f 1697/1697/850 1698/1698/850 1699/1699/850
f 1700/1700/850 1699/1699/850 1698/1698/850
f 1699/1699/851 1700/1700/851 1701/1701/851
f 1702/1702/851 1701/1701/851 1700/1700/851
f 1701/1701/852 1702/1702/852 1703/1703/852
f 1704/1704/852 1703/1703/852 1702/1702/852
f 1703/1703/853 1704/1704/853 1697/1697/853
f 1698/1698/853 1697/1697/853 1704/1704/853
f 1698/1/1 1702/1/1 1700/1/1
f 1698/1/1 1704/1/1 1702/1/1
f 1705/1705/854 1706/1706/854 1707/1707/854
f 1708/1708/854 1707/1707/854 1706/1706/854
f 1707/1707/855 1708/1708/855 1709/1709/855
f 1710/1710/855 1709/1709/855 1708/1708/855
f 1709/1709/856 1710/1710/856 1711/1711/856
f 1712/1712/856 1711/1711/856 1710/1710/856
f 1711/1711/857 1712/1712/857 1705/1705/857
f 1706/1706/857 1705/1705/857 1712/1712/857
f 1706/1/1 1710/1/1 1708/1/1
f 1706/1/1 1712/1/1 1710/1/1
f 1713/1713/858 1714/1714/858 1715/1715/858
f 1716/1716/858 1715/1715/858 1714/1714/858
f 1715/1715/859 1716/1716/859 1717/1717/859
f 1718/1718/859 1717/1717/859 1716/1716/859
f 1717/1717/860 1718/1718/860 1719/1719/860
f 1720/1720/860 1719/1719/860 1718/1718/860
f 1719/1719/861 1720/1720/861 1713/1713/861
f 1714/1714/861 1713/1713/861 1720/1720/861
f 1714/1/1 1718/1/1 1716/1/1
f 1714/1/1 1720/1/1 1718/1/1
f 1721/1721/862 1722/1722/862 1723/1723/862
f 1724/1724/862 1723/1723/862 1722/1722/862
f 1723/1723/863 1724/1724/863 1725/1725/863
f 1726/1726/863 1725/1725/863 1724/1724/863
f 1725/1725/864 1726/1726/864 1727/1727/864
f 1728/1728/864 1727/1727/864 1726/1726/864
f 1727/1727/865 1728/1728/865 1721/1721/865
f 1722/1722/865 1721/1721/865 1728/1728/865
f 1722/1/1 1726/1/1 1724/1/1
f 1722/1/1 1728/1/1 1726/1/1
f 1729/1729/866 1730/1730/866 1731/1731/866
f 1732/1732/866 1731/1731/866 1730/1730/866
f 1731/1731/867 1732/1732/867 1733/1733/867
f 1734/1734/867 1733/1733/867 1732/1732/867
f 1733/1733/868 1734/1734/868 1735/1735/868
f 1736/1736/868 1735/1735/868 1734/1734/868
f 1735/1735/869 1736/1736/869 1729/1729/869
f 1730/1730/869 1729/1729/869 1736/1736/869
f 1730/1/1 1734/1/1 1732/1/1
f 1730/1/1 1736/1/1 1734/1/1
f 1737/1737/870 1738/1738/870 1739/1739/870
f 1740/1740/870 1739/1739/870 1738/1738/870
f 1739/1739/871 1740/1740/871 1741/1741/871
f 1742/1742/871 1741/1741/871 1740/1740/871
f 1741/1741/872 1742/1742/872 1743/1743/872
f 1744/1744/872 1743/1743/872 1742/1742/872
f 1743/1743/873 1744/1744/873 1737/1737/873
f 1738/1738/873 1737/1737/873 1744/1744/873
f 1738/1/1 1742/1/1 1740/1/1
f 1738/1/1 1744/1/1 1742/1/1
f 1745/1745/874 1746/1746/874 1747/1747/874
f 1748/1748/874 1747/1747/874 1746/1746/874
f 1747/1747/875 1748/1748/875 1749/1749/875
f 1750/1750/875 1749/1749/875 1748/1748/875
f 1749/1749/876 1750/1750/876 1751/1751/876
f 1752/1752/876 1751/1751/876 1750/1750/876
f 1751/1751/877 1752/1752/877 1745/1745/877
f 1746/1746/877 1745/1745/877 1752/1752/877
f 1746/1/1 1750/1/1 1748/1/1
f 1746/1/1 1752/1/1 1750/1/1
f 1753/1753/878 1754/1754/878 1755/1755/878
f 1756/1756/878 1755/1755/878 1754/1754/878
f 1755/1755/879 1756/1756/879 1757/1757/879
f 1758/1758/879 1757/1757/879 1756/1756/879
f 1757/1757/880 1758/1758/880 1759/1759/880
f 1760/1760/880 1759/1759/880 1758/1758/880
f 1759/1759/881 1760/1760/881 1753/1753/881
f 1754/1754/881 1753/1753/881 1760/1760/881
f 1754/1/1 1758/1/1 1756/1/1
f 1754/1/1 1760/1/1 1758/1/1
f 1761/1761/882 1762/1762/882 1763/1763/882
f 1764/1764/882 1763/1763/882 1762/1762/882
f 1763/1763/883 1764/1764/883 1765/1765/883
f 1766/1766/883 1765/1765/883 1764/1764/883
f 1765/1765/884 1766/1766/884 1767/1767/884
f 1768/1768/884 1767/1767/884 1766/1766/884
f 1767/1767/885 1768/1768/885 1761/1761/885
f 1762/1762/885 1761/1761/885 1768/1768/885
f 1762/1/1 1766/1/1 1764/1/1
f 1762/1/1 1768/1/1 1766/1/1
f 1769/1769/886 1770/1770/886 1771/1771/886
f 1772/1772/886 1771/1771/886 1770/1770/886
f 1771/1771/887 1772/1772/887 1773/1773/887
f 1774/1774/887 1773/1773/887 1772/1772/887
f 1773/1773/888 1774/1774/888 1775/1775/888
f 1776/1776/888 1775/1775/888 1774/1774/888
f 1775/1775/889 1776/1776/889 1769/1769/889
f 1770/1770/889 1769/1769/889 1776/1776/889
f 1770/1/1 1774/1/1 1772/1/1
f 1770/1/1 1776/1/1 1774/1/1
f 1777/1777/890 1778/1778/890 1779/1779/890
f 1780/1780/890 1779/1779/890 1778/1778/890
f 1779/1779/891 1780/1780/891 1781/1781/891
f 1782/1782/891 1781/1781/891 1780/1780/891
f 1781/1781/892 1782/1782/892 1783/1783/892
f 1784/1784/892 1783/1783/892 1782/1782/892
f 1783/1783/893 1784/1784/893 1777/1777/893
f 1778/1778/893 1777/1777/893 1784/1784/893
f 1778/1/1 1782/1/1 1780/1/1
f 1778/1/1 1784/1/1 1782/1/1
f 1785/1785/894 1786/1786/894 1787/1787/894
f 1788/1788/894 1787/1787/894 1786/1786/894
f 1787/1787/895 1788/1788/895 1789/1789/895
f 1790/1790/895 1789/1789/895 1788/1788/895
f 1789/1789/896 1790/1790/896 1791/1791/896
f 1792/1792/896 1791/1791/896 1790/1790/896
f 1791/1791/897 1792/1792/897 1785/1785/897
f 1786/1786/897 1785/1785/897 1792/1792/897
f 1786/1/1 1790/1/1 1788/1/1
f 1786/1/1 1792/1/1 1790/1/1
f 1793/1793/898 1794/1794/898 1795/1795/898
f 1796/1796/898 1795/1795/898 1794/1794/898
f 1795/1795/899 1796/1796/899 1797/1797/899
f 1798/1798/899 1797/1797/899 1796/1796/899
f 1797/1797/900 1798/1798/900 1799/1799/900
f 1800/1800/900 1799/1799/900 1798/1798/900
f 1799/1799/901 1800/1800/901 1793/1793/901
f 1794/1794/901 1793/1793/901 1800/1800/901
f 1794/1/1 1798/1/1 1796/1/1
f 1794/1/1 1800/1/1 1798/1/1
f 1801/1801/902 1802/1802/902 1803/1803/902
f 1804/1804/902 1803/1803/902 1802/1802/902
f 1803/1803/903 1804/1804/903 1805/1805/903
f 1806/1806/903 1805/1805/903 1804/1804/903
f 1805/1805/904 1806/1806/904 1807/1807/904
f 1808/1808/904 1807/1807/904 1806/1806/904
f 1807/1807/905 1808/1808/905 1801/1801/905
f 1802/1802/905 1801/1801/905 1808/1808/905
f 1802/1/1 1806/1/1 1804/1/1
f 1802/1/1 1808/1/1 1806/1/1
f 1809/1809/906 1810/1810/906 1811/1811/906
f 1812/1812/906 1811/1811/906 1810/1810/906
f 1811/1811/907 1812/1812/907 1813/1813/907
f 1814/1814/907 1813/1813/907 1812/1812/907
f 1813/1813/908 1814/1814/908 1815/1815/908
f 1816/1816/908 1815/1815/908 1814/1814/908
f 1815/1815/909 1816/1816/909 1809/1809/909
f 1810/1810/909 1809/1809/909 1816/1816/909
f 1810/1/1 1814/1/1 1812/1/1
f 1810/1/1 1816/1/1 1814/1/1
f 1817/1817/910 1818/1818/910 1819/1819/910
f 1820/1820/910 1819/1819/910 1818/1818/910
f 1819/1819/911 1820/1820/911 1821/1821/911
f 1822/1822/911 1821/1821/911 1820/1820/911
f 1821/1821/912 1822/1822/912 1823/1823/912
f 1824/1824/912 1823/1823/912 1822/1822/912
f 1823/1823/913 1824/1824/913 1817/1817/913
f 1818/1818/913 1817/1817/913 1824/1824/913
f 1818/1/1 1822/1/1 1820/1/1
f 1818/1/1 1824/1/1 1822/1/1
f 1825/1825/914 1826/1826/914 1827/1827/914
f 1828/1828/914 1827/1827/914 1826/1826/914
f 1827/1827/915 1828/1828/915 1829/1829/915
f 1830/1830/915 1829/1829/915 1828/1828/915
f 1829/1829/916 1830/1830/916 1831/1831/916
f 1832/1832/916 1831/1831/916 1830/1830/916
f 1831/1831/917 1832/1832/917 1825/1825/917
f 1826/1826/917 1825/1825/917 1832/1832/917
f 1826/1/1 1830/1/1 1828/1/1
f 1826/1/1 1832/1/1 1830/1/1
f 1833/1833/918 1834/1834/918 1835/1835/918
f 1836/1836/918 1835/1835/918 1834/1834/918
f 1835/1835/919 1836/1836/919 1837/1837/919
f 1838/1838/919 1837/1837/919 1836/1836/919
f 1837/1837/920 1838/1838/920 1839/1839/920
f 1840/1840/920 1839/1839/920 1838/1838/920
f 1839/1839/921 1840/1840/921 1833/1833/921
f 1834/1834/921 1833/1833/921 1840/1840/921
f 1834/1/1 1838/1/1 1836/1/1
f 1834/1/1 1840/1/1 1838/1/1
f 1841/1841/922 1842/1842/922 1843/1843/922
f 1844/1844/922 1843/1843/922 1842/1842/922
f 1843/1843/923 1844/1844/923 1845/1845/923
f 1846/1846/923 1845/1845/923 1844/1844/923
f 1845/1845/924 1846/1846/924 1847/1847/924
f 1848/1848/924 1847/1847/924 1846/1846/924
f 1847/1847/925 1848/1848/925 1841/1841/925
f 1842/1842/925 1841/1841/925 1848/1848/925
f 1842/1/1 1846/1/1 1844/1/1
f 1842/1/1 1848/1/1 1846/1/1
f 1849/1849/926 1850/1850/926 1851/1851/926
f 1852/1852/926 1851/1851/926 1850/1850/926
f 1851/1851/927 1852/1852/927 1853/1853/927
f 1854/1854/927 1853/1853/927 1852/1852/927
f 1853/1853/928 1854/1854/928 1855/1855/928
f 1856/1856/928 1855/1855/928 1854/1854/928
f 1855/1855/929 1856/1856/929 1849/1849/929
f 1850/1850/929 1849/1849/929 1856/1856/929
f 1850/1/1 1854/1/1 1852/1/1
f 1850/1/1 1856/1/1 1854/1/1
f 1857/1857/930 1858/1858/930 1859/1859/930
f 1860/1860/930 1859/1859/930 1858/1858/930
f 1859/1859/931 1860/1860/931 1861/1861/931
f 1862/1862/931 1861/1861/931 1860/1860/931
f 1861/1861/932 1862/1862/932 1863/1863/932
f 1864/1864/932 1863/1863/932 1862/1862/932
f 1863/1863/933 1864/1864/933 1857/1857/933
f 1858/1858/933 1857/1857/933 1864/1864/933
f 1858/1/1 1862/1/1 1860/1/1
f 1858/1/1 1864/1/1 1862/1/1
f 1865/1865/934 1866/1866/934 1867/1867/934
f 1868/1868/934 1867/1867/934 1866/1866/934
f 1867/1867/935 1868/1868/935 1869/1869/935
f 1870/1870/935 1869/1869/935 1868/1868/935
f 1869/1869/936 1870/1870/936 1871/1871/936
f 1872/1872/936 1871/1871/936 1870/1870/936
f 1871/1871/937 1872/1872/937 1865/1865/937
f 1866/1866/937 1865/1865/937 1872/1872/937
f 1866/1/1 1870/1/1 1868/1/1
f 1866/1/1 1872/1/1 1870/1/1
f 1873/1873/938 1874/1874/938 1875/1875/938
f 1876/1876/938 1875/1875/938 1874/1874/938
f 1875/1875/939 1876/1876/939 1877/1877/939
f 1878/1878/939 1877/1877/939 1876/1876/939
f 1877/1877/940 1878/1878/940 1879/1879/940
f 1880/1880/940 1879/1879/940 1878/1878/940
f 1879/1879/941 1880/1880/941 1873/1873/941
f 1874/1874/941 1873/1873/941 1880/1880/941
f 1874/1/1 1878/1/1 1876/1/1
f 1874/1/1 1880/1/1 1878/1/1
f 1881/1881/942 1882/1882/942 1883/1883/942
f 1884/1884/942 1883/1883/942 1882/1882/942
f 1883/1883/943 1884/1884/943 1885/1885/943
f 1886/1886/943 1885/1885/943 1884/1884/943
f 1885/1885/944 1886/1886/944 1887/1887/944
f 1888/1888/944 1887/1887/944 1886/1886/944
f 1887/1887/945 1888/1888/945 1881/1881/945
f 1882/1882/945 1881/1881/945 1888/1888/945
f 1882/1/1 1886/1/1 1884/1/1
f 1882/1/1 1888/1/1 1886/1/1
f 1889/1889/946 1890/1890/946 1891/1891/946
f 1892/1892/946 1891/1891/946 1890/1890/946
f 1891/1891/947 1892/1892/947 1893/1893/947
f 1894/1894/947 1893/1893/947 1892/1892/947
f 1893/1893/948 1894/1894/948 1895/1895/948
f 1896/1896/948 1895/1895/948 1894/1894/948
f 1895/1895/949 1896/1896/949 1889/1889/949
f 1890/1890/949 1889/1889/949 1896/1896/949
f 1890/1/1 1894/1/1 1892/1/1
f 1890/1/1 1896/1/1 1894/1/1
f 1897/1897/950 1898/1898/950 1899/1899/950
f 1900/1900/950 1899/1899/950 1898/1898/950
f 1899/1899/951 1900/1900/951 1901/1901/951
f 1902/1902/951 1901/1901/951 1900/1900/951
f 1901/1901/952 1902/1902/952 1903/1903/952
f 1904/1904/952 1903/1903/952 1902/1902/952
f 1903/1903/953 1904/1904/953 1897/1897/953
f 1898/1898/953 1897/1897/953 1904/1904/953
f 1898/1/1 1902/1/1 1900/1/1
f 1898/1/1 1904/1/1 1902/1/1
f 1905/1905/954 1906/1906/954 1907/1907/954
f 1908/1908/954 1907/1907/954 1906/1906/954
f 1907/1907/955 1908/1908/955 1909/1909/955
f 1910/1910/955 1909/1909/955 1908/1908/955
f 1909/1909/956 1910/1910/956 1911/1911/956
f 1912/1912/956 1911/1911/956 1910/1910/956
f 1911/1911/957 1912/1912/957 1905/1905/957
f 1906/1906/957 1905/1905/957 1912/1912/957
f 1906/1/1 1910/1/1 1908/1/1
f 1906/1/1 1912/1/1 1910/1/1
f 1913/1913/958 1914/1914/958 1915/1915/958
f 1916/1916/958 1915/1915/958 1914/1914/958
f 1915/1915/959 1916/1916/959 1917/1917/959
f 1918/1918/959 1917/1917/959 1916/1916/959
f 1917/1917/960 1918/1918/960 1919/1919/960
f 1920/1920/960 1919/1919/960 1918/1918/960
f 1919/1919/961 1920/1920/961 1913/1913/961
f 1914/1914/961 1913/1913/961 1920/1920/961
f 1914/1/1 1918/1/1 1916/1/1
f 1914/1/1 1920/1/1 1918/1/1
f 1921/1921/962 1922/1922/962 1923/1923/962
f 1924/1924/962 1923/1923/962 1922/1922/962
f 1923/1923/963 1924/1924/963 1925/1925/963
f 1926/1926/963 1925/1925/963 1924/1924/963
f 1925/1925/964 1926/1926/964 1927/1927/964
f 1928/1928/964 1927/1927/964 1926/1926/964
f 1927/1927/965 1928/1928/965 1921/1921/965
f 1922/1922/965 1921/1921/965 1928/1928/965
f 1922/1/1 1926/1/1 1924/1/1
f 1922/1/1 1928/1/1 1926/1/1
f 1929/1929/966 1930/1930/966 1931/1931/966
f 1932/1932/966 1931/1931/966 1930/1930/966
f 1931/1931/967 1932/1932/967 1933/1933/967
f 1934/1934/967 1933/1933/967 1932/1932/967
f 1933/1933/968 1934/1934/968 1935/1935/968
f 1936/1936/968 1935/1935/968 1934/1934/968
f 1935/1935/969 1936/1936/969 1929/1929/969
f 1930/1930/969 1929/1929/969 1936/1936/969
f 1930/1/1 1934/1/1 1932/1/1
f 1930/1/1 1936/1/1 1934/1/1
f 1937/1937/970 1938/1938/970 1939/1939/970
f 1940/1940/970 1939/1939/970 1938/1938/970
f 1939/1939/971 1940/1940/971 1941/1941/971
f 1942/1942/971 1941/1941/971 1940/1940/971
f 1941/1941/972 1942/1942/972 1943/1943/972
f 1944/1944/972 1943/1943/972 1942/1942/972
f 1943/1943/973 1944/1944/973 1937/1937/973
f 1938/1938/973 1937/1937/973 1944/1944/973
f 1938/1/1 1942/1/1 1940/1/1
f 1938/1/1 1944/1/1 1942/1/1
f 1945/1945/974 1946/1946/974 1947/1947/974
f 1948/1948/974 1947/1947/974 1946/1946/974
f 1947/1947/975 1948/1948/975 1949/1949/975
f 1950/1950/975 1949/1949/975 1948/1948/975
f 1949/1949/976 1950/1950/976 1951/1951/976
f 1952/1952/976 1951/1951/976 1950/1950/976
f 1951/1951/977 1952/1952/977 1945/1945/977
f 1946/1946/977 1945/1945/977 1952/1952/977
f 1946/1/1 1950/1/1 1948/1/1
f 1946/1/1 1952/1/1 1950/1/1
f 1953/1953/978 1954/1954/978 1955/1955/978
f 1956/1956/978 1955/1955/978 1954/1954/978
f 1955/1955/979 1956/1956/979 1957/1957/979
f 1958/1958/979 1957/1957/979 1956/1956/979
f 1957/1957/980 1958/1958/980 1959/1959/980
f 1960/1960/980 1959/1959/980 1958/1958/980
f 1959/1959/981 1960/1960/981 1953/1953/981
f 1954/1954/981 1953/1953/981 1960/1960/981
f 1954/1/1 1958/1/1 1956/1/1
f 1954/1/1 1960/1/1 1958/1/1
f 1961/1961/982 1962/1962/982 1963/1963/982
f 1964/1964/982 1963/1963/982 1962/1962/982
f 1963/1963/983 1964/1964/983 1965/1965/983
f 1966/1966/983 1965/1965/983 1964/1964/983
f 1965/1965/984 1966/1966/984 1967/1967/984
f 1968/1968/984 1967/1967/984 1966/1966/984
f 1967/1967/985 1968/1968/985 1961/1961/985
f 1962/1962/985 1961/1961/985 1968/1968/985
f 1962/1/1 1966/1/1 1964/1/1
f 1962/1/1 1968/1/1 1966/1/1
f 1969/1969/986 1970/1970/986 1971/1971/986
f 1972/1972/986 1971/1971/986 1970/1970/986
f 1971/1971/987 1972/1972/987 1973/1973/987
f 1974/1974/987 1973/1973/987 1972/1972/987
f 1973/1973/988 1974/1974/988 1975/1975/988
f 1976/1976/988 1975/1975/988 1974/1974/988
f 1975/1975/989 1976/1976/989 1969/1969/989
f 1970/1970/989 1969/1969/989 1976/1976/989
f 1970/1/1 1974/1/1 1972/1/1
f 1970/1/1 1976/1/1 1974/1/1
f 1977/1977/990 1978/1978/990 1979/1979/990
f 1980/1980/990 1979/1979/990 1978/1978/990
f 1979/1979/991 1980/1980/991 1981/1981/991
f 1982/1982/991 1981/1981/991 1980/1980/991
f 1981/1981/992 1982/1982/992 1983/1983/992
f 1984/1984/992 1983/1983/992 1982/1982/992
f 1983/1983/993 1984/1984/993 1977/1977/993
f 1978/1978/993 1977/1977/993 1984/1984/993
f 1978/1/1 1982/1/1 1980/1/1
f 1978/1/1 1984/1/1 1982/1/1
f 1985/1985/994 1986/1986/994 1987/1987/994
f 1988/1988/994 1987/1987/994 1986/1986/994
f 1987/1987/995 1988/1988/995 1989/1989/995
f 1990/1990/995 1989/1989/995 1988/1988/995
f 1989/1989/996 1990/1990/996 1991/1991/996
f 1992/1992/996 1991/1991/996 1990/1990/996
f 1991/1991/997 1992/1992/997 1985/1985/997
f 1986/1986/997 1985/1985/997 1992/1992/997
f 1986/1/1 1990/1/1 1988/1/1
f 1986/1/1 1992/1/1 1990/1/1
f 1993/1993/998 1994/1994/998 1995/1995/998
f 1996/1996/998 1995/1995/998 1994/1994/998
f 1995/1995/999 1996/1996/999 1997/1997/999
f 1998/1998/999 1997/1997/999 1996/1996/999
f 1997/1997/1000 1998/1998/1000 1999/1999/1000
f 2000/2000/1000 1999/1999/1000 1998/1998/1000
f 1999/1999/1001 2000/2000/1001 1993/1993/1001
f 1994/1994/1001 1993/1993/1001 2000/2000/1001
f 1994/1/1 1998/1/1 1996/1/1
f 1994/1/1 2000/1/1 1998/1/1
f 2001/2001/1002 2002/2002/1002 2003/2003/1002
f 2004/2004/1002 2003/2003/1002 2002/2002/1002
f 2003/2003/1003 2004/2004/1003 2005/2005/1003
f 2006/2006/1003 2005/2005/1003 2004/2004/1003
f 2005/2005/1004 2006/2006/1004 2007/2007/1004
f 2008/2008/1004 2007/2007/1004 2006/2006/1004
f 2007/2007/1005 2008/2008/1005 2001/2001/1005
f 2002/2002/1005 2001/2001/1005 2008/2008/1005
f 2002/1/1 2006/1/1 2004/1/1
f 2002/1/1 2008/1/1 2006/1/1
f 2009/2009/1006 2010/2010/1006 2011/2011/1006
f 2012/2012/1006 2011/2011/1006 2010/2010/1006
f 2011/2011/1007 2012/2012/1007 2013/2013/1007
f 2014/2014/1007 2013/2013/1007 2012/2012/1007
f 2013/2013/1008 2014/2014/1008 2015/2015/1008
f 2016/2016/1008 2015/2015/1008 2014/2014/1008
f 2015/2015/1009 2016/2016/1009 2009/2009/1009
f 2010/2010/1009 2009/2009/1009 2016/2016/1009
f 2010/1/1 2014/1/1 2012/1/1
f 2010/1/1 2016/1/1 2014/1/1
f 2017/2017/1010 2018/2018/1010 2019/2019/1010
f 2020/2020/1010 2019/2019/1010 2018/2018/1010
f 2019/2019/1011 2020/2020/1011 2021/2021/1011
f 2022/2022/1011 2021/2021/1011 2020/2020/1011
f 2021/2021/1012 2022/2022/1012 2023/2023/1012
f 2024/2024/1012 2023/2023/1012 2022/2022/1012
f 2023/2023/1013 2024/2024/1013 2017/2017/1013
f 2018/2018/1013 2017/2017/1013 2024/2024/1013
f 2018/1/1 2022/1/1 2020/1/1
f 2018/1/1 2024/1/1 2022/1/1
f 2025/2025/1014 2026/2026/1014 2027/2027/1014
f 2028/2028/1014 2027/2027/1014 2026/2026/1014
f 2027/2027/1015 2028/2028/1015 2029/2029/1015
f 2030/2030/1015 2029/2029/1015 2028/2028/1015
f 2029/2029/1016 2030/2030/1016 2031/2031/1016
f 2032/2032/1016 2031/2031/1016 2030/2030/1016
f 2031/2031/1017 2032/2032/1017 2025/2025/1017
f 2026/2026/1017 2025/2025/1017 2032/2032/1017
f 2026/1/1 2030/1/1 2028/1/1
f 2026/1/1 2032/1/1 2030/1/1
f 2033/2033/1018 2034/2034/1018 2035/2035/1018
f 2036/2036/1018 2035/2035/1018 2034/2034/1018
f 2035/2035/1019 2036/2036/1019 2037/2037/1019
f 2038/2038/1019 2037/2037/1019 2036/2036/1019
f 2037/2037/1020 2038/2038/1020 2039/2039/1020
f 2040/2040/1020 2039/2039/1020 2038/2038/1020
f 2039/2039/1021 2040/2040/1021 2033/2033/1021
f 2034/2034/1021 2033/2033/1021 2040/2040/1021
f 2034/1/1 2038/1/1 2036/1/1
f 2034/1/1 2040/1/1 2038/1/1
f 2041/2041/1022 2042/2042/1022 2043/2043/1022
f 2044/2044/1022 2043/2043/1022 2042/2042/1022
f 2043/2043/1023 2044/2044/1023 2045/2045/1023
f 2046/2046/1023 2045/2045/1023 2044/2044/1023
f 2045/2045/1024 2046/2046/1024 2047/2047/1024
f 2048/2048/1024 2047/2047/1024 2046/2046/1024
f 2047/2047/1025 2048/2048/1025 2041/2041/1025
f 2042/2042/1025 2041/2041/1025 2048/2048/1025
f 2042/1/1 2046/1/1 2044/1/1
f 2042/1/1 2048/1/1 2046/1/1
f 2049/2049/1026 2050/2050/1026 2051/2051/1026
f 2052/2052/1026 2051/2051/1026 2050/2050/1026
f 2051/2051/1027 2052/2052/1027 2053/2053/1027
f 2054/2054/1027 2053/2053/1027 2052/2052/1027
f 2053/2053/1028 2054/2054/1028 2055/2055/1028
f 2056/2056/1028 2055/2055/1028 2054/2054/1028
f 2055/2055/1029 2056/2056/1029 2049/2049/1029
f 2050/2050/1029 2049/2049/1029 2056/2056/1029
f 2050/1/1 2054/1/1 2052/1/1
f 2050/1/1 2056/1/1 2054/1/1
f 2057/2057/1030 2058/2058/1030 2059/2059/1030
f 2060/2060/1030 2059/2059/1030 2058/2058/1030
f 2059/2059/1031 2060/2060/1031 2061/2061/1031
f 2062/2062/1031 2061/2061/1031 2060/2060/1031
f 2061/2061/1032 2062/2062/1032 2063/2063/1032
f 2064/2064/1032 2063/2063/1032 2062/2062/1032
f 2063/2063/1033 2064/2064/1033 2057/2057/1033
f 2058/2058/1033 2057/2057/1033 2064/2064/1033
f 2058/1/1 2062/1/1 2060/1/1
f 2058/1/1 2064/1/1 2062/1/1
f 2065/2065/1034 2066/2066/1034 2067/2067/1034
f 2068/2068/1034 2067/2067/1034 2066/2066/1034
f 2067/2067/1035 2068/2068/1035 2069/2069/1035
f 2070/2070/1035 2069/2069/1035 2068/2068/1035
f 2069/2069/1036 2070/2070/1036 2071/2071/1036
f 2072/2072/1036 2071/2071/1036 2070/2070/1036
f 2071/2071/1037 2072/2072/1037 2065/2065/1037
f 2066/2066/1037 2065/2065/1037 2072/2072/1037
f 2066/1/1 2070/1/1 2068/1/1
f 2066/1/1 2072/1/1 2070/1/1
f 2073/2073/1038 2074/2074/1038 2075/2075/1038
f 2076/2076/1038 2075/2075/1038 2074/2074/1038
f 2075/2075/1039 2076/2076/1039 2077/2077/1039
f 2078/2078/1039 2077/2077/1039 2076/2076/1039
f 2077/2077/1040 2078/2078/1040 2079/2079/1040
f 2080/2080/1040 2079/2079/1040 2078/2078/1040
f 2079/2079/1041 2080/2080/1041 2073/2073/1041
f 2074/2074/1041 2073/2073/1041 2080/2080/1041
f 2074/1/1 2078/1/1 2076/1/1
f 2074/1/1 2080/1/1 2078/1/1
f 2081/2081/1042 2082/2082/1042 2083/2083/1042
f 2084/2084/1042 2083/2083/1042 2082/2082/1042
f 2083/2083/1043 2084/2084/1043 2085/2085/1043
f 2086/2086/1043 2085/2085/1043 2084/2084/1043
f 2085/2085/1044 2086/2086/1044 2087/2087/1044
f 2088/2088/1044 2087/2087/1044 2086/2086/1044
f 2087/2087/1045 2088/2088/1045 2081/2081/1045
f 2082/2082/1045 2081/2081/1045 2088/2088/1045
f 2082/1/1 2086/1/1 2084/1/1
f 2082/1/1 2088/1/1 2086/1/1
f 2089/2089/1046 2090/2090/1046 2091/2091/1046
f 2092/2092/1046 2091/2091/1046 2090/2090/1046
f 2091/2091/1047 2092/2092/1047 2093/2093/1047
f 2094/2094/1047 2093/2093/1047 2092/2092/1047
f 2093/2093/1048 2094/2094/1048 2095/2095/1048
f 2096/2096/1048 2095/2095/1048 2094/2094/1048
f 2095/2095/1049 2096/2096/1049 2089/2089/1049
f 2090/2090/1049 2089/2089/1049 2096/2096/1049
f 2090/1/1 2094/1/1 2092/1/1
f 2090/1/1 2096/1/1 2094/1/1
f 2097/2097/1050 2098/2098/1050 2099/2099/1050
f 2100/2100/1050 2099/2099/1050 2098/2098/1050
f 2099/2099/1051 2100/2100/1051 2101/2101/1051
f 2102/2102/1051 2101/2101/1051 2100/2100/1051
f 2101/2101/1052 2102/2102/1052 2103/2103/1052
f 2104/2104/1052 2103/2103/1052 2102/2102/1052
f 2103/2103/1053 2104/2104/1053 2097/2097/1053
f 2098/2098/1053 2097/2097/1053 2104/2104/1053
f 2098/1/1 2102/1/1 2100/1/1
f 2098/1/1 2104/1/1 2102/1/1
f 2105/2105/1054 2106/2106/1054 2107/2107/1054
f 2108/2108/1054 2107/2107/1054 2106/2106/1054
f 2107/2107/1055 2108/2108/1055 2109/2109/1055
f 2110/2110/1055 2109/2109/1055 2108/2108/1055
f 2109/2109/1056 2110/2110/1056 2111/2111/1056
f 2112/2112/1056 2111/2111/1056 2110/2110/1056
f 2111/2111/1057 2112/2112/1057 2105/2105/1057
f 2106/2106/1057 2105/2105/1057 2112/2112/1057
f 2106/1/1 2110/1/1 2108/1/1
f 2106/1/1 2112/1/1 2110/1/1
f 2113/2113/1058 2114/2114/1058 2115/2115/1058
f 2116/2116/1058 2115/2115/1058 2114/2114/1058
f 2115/2115/1059 2116/2116/1059 2117/2117/1059
f 2118/2118/1059 2117/2117/1059 2116/2116/1059
f 2117/2117/1060 2118/2118/1060 2119/2119/1060
f 2120/2120/1060 2119/2119/1060 2118/2118/1060
f 2119/2119/1061 2120/2120/1061 2113/2113/1061
f 2114/2114/1061 2113/2113/1061 2120/2120/1061
f 2114/1/1 2118/1/1 2116/1/1
f 2114/1/1 2120/1/1 2118/1/1
f 2121/2121/1062 2122/2122/1062 2123/2123/1062
f 2124/2124/1062 2123/2123/1062 2122/2122/1062
f 2123/2123/1063 2124/2124/1063 2125/2125/1063
f 2126/2126/1063 2125/2125/1063 2124/2124/1063
f 2125/2125/1064 2126/2126/1064 2127/2127/1064
f 2128/2128/1064 2127/2127/1064 2126/2126/1064
f 2127/2127/1065 2128/2128/1065 2121/2121/1065
f 2122/2122/1065 2121/2121/1065 2128/2128/1065
f 2122/1/1 2126/1/1 2124/1/1
f 2122/1/1 2128/1/1 2126/1/1
f 2129/2129/1066 2130/2130/1066 2131/2131/1066
f 2132/2132/1066 2131/2131/1066 2130/2130/1066
f 2131/2131/1067 2132/2132/1067 2133/2133/1067
f 2134/2134/1067 2133/2133/1067 2132/2132/1067
f 2133/2133/1068 2134/2134/1068 2135/2135/1068
f 2136/2136/1068 2135/2135/1068 2134/2134/1068
f 2135/2135/1069 2136/2136/1069 2129/2129/1069
f 2130/2130/1069 2129/2129/1069 2136/2136/1069
f 2130/1/1 2134/1/1 2132/1/1
f 2130/1/1 2136/1/1 2134/1/1
f 2137/2137/1070 2138/2138/1070 2139/2139/1070
f 2140/2140/1070 2139/2139/1070 2138/2138/1070
f 2139/2139/1071 2140/2140/1071 2141/2141/1071
f 2142/2142/1071 2141/2141/1071 2140/2140/1071
f 2141/2141/1072 2142/2142/1072 2143/2143/1072
f 2144/2144/1072 2143/2143/1072 2142/2142/1072
f 2143/2143/1073 2144/2144/1073 2137/2137/1073
f 2138/2138/1073 2137/2137/1073 2144/2144/1073
f 2138/1/1 2142/1/1 2140/1/1
f 2138/1/1 2144/1/1 2142/1/1
f 2145/2145/1074 2146/2146/1074 2147/2147/1074
f 2148/2148/1074 2147/2147/1074 2146/2146/1074
f 2147/2147/1075 2148/2148/1075 2149/2149/1075
f 2150/2150/1075 2149/2149/1075 2148/2148/1075
f 2149/2149/1076 2150/2150/1076 2151/2151/1076
f 2152/2152/1076 2151/2151/1076 2150/2150/1076
f 2151/2151/1077 2152/2152/1077 2145/2145/1077
f 2146/2146/1077 2145/2145/1077 2152/2152/1077
f 2146/1/1 2150/1/1 2148/1/1
f 2146/1/1 2152/1/1 2150/1/1
f 2153/2153/1078 2154/2154/1078 2155/2155/1078
f 2156/2156/1078 2155/2155/1078 2154/2154/1078
f 2155/2155/1079 2156/2156/1079 2157/2157/1079
f 2158/2158/1079 2157/2157/1079 2156/2156/1079
f 2157/2157/1080 2158/2158/1080 2159/2159/1080
f 2160/2160/1080 2159/2159/1080 2158/2158/1080
f 2159/2159/1081 2160/2160/1081 2153/2153/1081
f 2154/2154/1081 2153/2153/1081 2160/2160/1081
f 2154/1/1 2158/1/1 2156/1/1
f 2154/1/1 2160/1/1 2158/1/1
f 2161/2161/1082 2162/2162/1082 2163/2163/1082
f 2164/2164/1082 2163/2163/1082 2162/2162/1082
f 2163/2163/1083 2164/2164/1083 2165/2165/1083
f 2166/2166/1083 2165/2165/1083 2164/2164/1083
f 2165/2165/1084 2166/2166/1084 2167/2167/1084
f 2168/2168/1084 2167/2167/1084 2166/2166/1084
f 2167/2167/1085 2168/2168/1085 2161/2161/1085
f 2162/2162/1085 2161/2161/1085 2168/2168/1085
f 2162/1/1 2166/1/1 2164/1/1
f 2162/1/1 2168/1/1 2166/1/1
f 2169/2169/1086 2170/2170/1086 2171/2171/1086
f 2172/2172/1086 2171/2171/1086 2170/2170/1086
f 2171/2171/1087 2172/2172/1087 2173/2173/1087
f 2174/2174/1087 2173/2173/1087 2172/2172/1087
f 2173/2173/1088 2174/2174/1088 2175/2175/1088
f 2176/2176/1088 2175/2175/1088 2174/2174/1088
f 2175/2175/1089 2176/2176/1089 2169/2169/1089
f 2170/2170/1089 2169/2169/1089 2176/2176/1089
f 2170/1/1 2174/1/1 2172/1/1
f 2170/1/1 2176/1/1 2174/1/1
f 2177/2177/1090 2178/2178/1090 2179/2179/1090
f 2180/2180/1090 2179/2179/1090 2178/2178/1090
f 2179/2179/1091 2180/2180/1091 2181/2181/1091
f 2182/2182/1091 2181/2181/1091 2180/2180/1091
f 2181/2181/1092 2182/2182/1092 2183/2183/1092
f 2184/2184/1092 2183/2183/1092 2182/2182/1092
f 2183/2183/1093 2184/2184/1093 2177/2177/1093
f 2178/2178/1093 2177/2177/1093 2184/2184/1093
f 2178/1/1 2182/1/1 2180/1/1
f 2178/1/1 2184/1/1 2182/1/1
f 2185/2185/1094 2186/2186/1094 2187/2187/1094
f 2188/2188/1094 2187/2187/1094 2186/2186/1094
f 2187/2187/1095 2188/2188/1095 2189/2189/1095
f 2190/2190/1095 2189/2189/1095 2188/2188/1095
f 2189/2189/1096 2190/2190/1096 2191/2191/1096
f 2192/2192/1096 2191/2191/1096 2190/2190/1096
f 2191/2191/1097 2192/2192/1097 2185/2185/1097
f 2186/2186/1097 2185/2185/1097 2192/2192/1097
f 2186/1/1 2190/1/1 2188/1/1
f 2186/1/1 2192/1/1 2190/1/1
