message;severity;node;stamp;location
"Goal failed";"40";"bt_navigator";"1748015088.663394577";"/opt/ros/jazzy/include/nav2_behavior_tree/bt_action_server_impl.hpp:executeCallback:319"
"[navigate_to_pose] [ActionServer] Aborting handle.";"30";"bt_navigator";"1748015088.663293574";"/opt/ros/jazzy/include/nav2_util/nav2_util/simple_action_server.hpp:warn_msg:633"
"[compute_path_to_pose] [ActionServer] Aborting handle.";"30";"planner_server";"1748015088.635622162";"/opt/ros/jazzy/include/nav2_util/nav2_util/simple_action_server.hpp:warn_msg:633"
"GridBased plugin failed to plan from (4.82, 25.19) to (0.58, 41.35): \"GridBased generated a empty path\"";"30";"planner_server";"1748015088.635589837";"./src/planner_server.cpp:exceptionWarning:751"
"Planning algorithm GridBased failed to generate a valid path to (0.58, 41.35)";"30";"planner_server";"1748015088.635547343";"./src/planner_server.cpp:validatePath:360"
"Empty path generated, probably wrong localization";"30";"planner_server";"1748015088.635522377";"/root/ff_ws/src/DStar-Trajectory-Planner/src/trajectory_planner_plugin.cpp:createPlan:427"
"Replanning trajectory (1024, 1903) <253> --> (939, 2227) <0>";"20";"planner_server";"1748015088.635475860";"/root/ff_ws/src/DStar-Trajectory-Planner/src/trajectory_planner_plugin.cpp:createPlan:419"
"Replanning started";"20";"planner_server";"1748015088.635392798";"/root/ff_ws/src/DStar-Trajectory-Planner/src/trajectory_planner_plugin.cpp:createPlan:398"
"Received request to clear entirely the global_costmap";"20";"global_costmap.global_costmap";"1748015088.473594976";"./src/clear_costmap_service.cpp:clearEntireCallback:95"
"[compute_path_to_pose] [ActionServer] Aborting handle.";"30";"planner_server";"1748015088.454200513";"/opt/ros/jazzy/include/nav2_util/nav2_util/simple_action_server.hpp:warn_msg:633"
"GridBased plugin failed to plan from (4.78, 25.18) to (0.58, 41.35): \"GridBased generated a empty path\"";"30";"planner_server";"1748015088.454158792";"./src/planner_server.cpp:exceptionWarning:751"
"Planning algorithm GridBased failed to generate a valid path to (0.58, 41.35)";"30";"planner_server";"1748015088.454123324";"./src/planner_server.cpp:validatePath:360"
"Empty path generated, probably wrong localization";"30";"planner_server";"1748015088.454095140";"/root/ff_ws/src/DStar-Trajectory-Planner/src/trajectory_planner_plugin.cpp:createPlan:427"
"Replanning trajectory (1023, 1903) <253> --> (939, 2227) <0>";"20";"planner_server";"1748015088.454047166";"/root/ff_ws/src/DStar-Trajectory-Planner/src/trajectory_planner_plugin.cpp:createPlan:419"
"Replanning started";"20";"planner_server";"1748015088.453959373";"/root/ff_ws/src/DStar-Trajectory-Planner/src/trajectory_planner_plugin.cpp:createPlan:398"
"spin completed successfully";"20";"behavior_server";"1748015088.434185827";"./include/nav2_behaviors/timed_behavior.hpp:execute:265"
"Turning 1.57 for spin behavior.";"20";"behavior_server";"1748015086.633931096";"./plugins/spin.cpp:onRun:89"
"Running spin";"20";"behavior_server";"1748015086.633820651";"./include/nav2_behaviors/timed_behavior.hpp:execute:213"
"[compute_path_to_pose] [ActionServer] Aborting handle.";"30";"planner_server";"1748015086.618333329";"/opt/ros/jazzy/include/nav2_util/nav2_util/simple_action_server.hpp:warn_msg:633"
"GridBased plugin failed to plan from (4.69, 25.17) to (0.58, 41.35): \"GridBased generated a empty path\"";"30";"planner_server";"1748015086.618302872";"./src/planner_server.cpp:exceptionWarning:751"
"Planning algorithm GridBased failed to generate a valid path to (0.58, 41.35)";"30";"planner_server";"1748015086.618265356";"./src/planner_server.cpp:validatePath:360"
"Empty path generated, probably wrong localization";"30";"planner_server";"1748015086.618237735";"/root/ff_ws/src/DStar-Trajectory-Planner/src/trajectory_planner_plugin.cpp:createPlan:427"
"Replanning trajectory (1021, 1903) <253> --> (939, 2227) <0>";"20";"planner_server";"1748015086.618185013";"/root/ff_ws/src/DStar-Trajectory-Planner/src/trajectory_planner_plugin.cpp:createPlan:419"
"Replanning started";"20";"planner_server";"1748015086.618087622";"/root/ff_ws/src/DStar-Trajectory-Planner/src/trajectory_planner_plugin.cpp:createPlan:398"
"Received request to clear entirely the global_costmap";"20";"global_costmap.global_costmap";"1748015085.646023223";"./src/clear_costmap_service.cpp:clearEntireCallback:95"
"[compute_path_to_pose] [ActionServer] Aborting handle.";"30";"planner_server";"1748015085.633041285";"/opt/ros/jazzy/include/nav2_util/nav2_util/simple_action_server.hpp:warn_msg:633"
"GridBased plugin failed to plan from (4.69, 25.17) to (0.58, 41.35): \"GridBased generated a empty path\"";"30";"planner_server";"1748015085.633004834";"./src/planner_server.cpp:exceptionWarning:751"
"Planning algorithm GridBased failed to generate a valid path to (0.58, 41.35)";"30";"planner_server";"1748015085.632962986";"./src/planner_server.cpp:validatePath:360"
"Empty path generated, probably wrong localization";"30";"planner_server";"1748015085.632930017";"/root/ff_ws/src/DStar-Trajectory-Planner/src/trajectory_planner_plugin.cpp:createPlan:427"
"Replanning trajectory (1021, 1903) <253> --> (939, 2227) <0>";"20";"planner_server";"1748015085.632870814";"/root/ff_ws/src/DStar-Trajectory-Planner/src/trajectory_planner_plugin.cpp:createPlan:419"
"Replanning started";"20";"planner_server";"1748015085.632770364";"/root/ff_ws/src/DStar-Trajectory-Planner/src/trajectory_planner_plugin.cpp:createPlan:398"
"[follow_path] [ActionServer] Client requested to cancel the goal. Cancelling.";"20";"controller_server";"1748015084.691392071";"/opt/ros/jazzy/include/nav2_util/nav2_util/simple_action_server.hpp:info_msg:603"
"Cancellation was successful. Stopping the robot.";"20";"controller_server";"1748015084.691296319";"./src/controller_server.cpp:computeControl:493"
"Received request to clear entirely the global_costmap";"20";"global_costmap.global_costmap";"1748015084.671273466";"./src/clear_costmap_service.cpp:clearEntireCallback:95"
"Received request to clear entirely the local_costmap";"20";"local_costmap.local_costmap";"1748015084.670981132";"./src/clear_costmap_service.cpp:clearEntireCallback:95"
"Failed to get result for follow_path in node halt!";"40";"bt_navigator_navigate_to_pose_rclcpp_node";"1748015084.670759778";"./include/nav2_behavior_tree/bt_action_node.hpp:halt:326"
"[compute_path_to_pose] [ActionServer] Aborting handle.";"30";"planner_server";"1748015084.632741545";"/opt/ros/jazzy/include/nav2_util/nav2_util/simple_action_server.hpp:warn_msg:633"
"GridBased plugin failed to plan from (4.72, 25.14) to (0.58, 41.35): \"GridBased generated a empty path\"";"30";"planner_server";"1748015084.632709407";"./src/planner_server.cpp:exceptionWarning:751"
"Planning algorithm GridBased failed to generate a valid path to (0.58, 41.35)";"30";"planner_server";"1748015084.632674680";"./src/planner_server.cpp:validatePath:360"
"Empty path generated, probably wrong localization";"30";"planner_server";"1748015084.632646759";"/root/ff_ws/src/DStar-Trajectory-Planner/src/trajectory_planner_plugin.cpp:createPlan:427"
"Replanning trajectory (1022, 1902) <253> --> (939, 2227) <0>";"20";"planner_server";"1748015084.632594724";"/root/ff_ws/src/DStar-Trajectory-Planner/src/trajectory_planner_plugin.cpp:createPlan:419"
"Replanning started";"20";"planner_server";"1748015084.632499917";"/root/ff_ws/src/DStar-Trajectory-Planner/src/trajectory_planner_plugin.cpp:createPlan:398"
"Received request to clear entirely the global_costmap";"20";"global_costmap.global_costmap";"1748015084.170577221";"./src/clear_costmap_service.cpp:clearEntireCallback:95"
"[compute_path_to_pose] [ActionServer] Aborting handle.";"30";"planner_server";"1748015084.151267226";"/opt/ros/jazzy/include/nav2_util/nav2_util/simple_action_server.hpp:warn_msg:633"
"GridBased plugin failed to plan from (4.80, 25.06) to (0.58, 41.35): \"GridBased generated a empty path\"";"30";"planner_server";"1748015084.151227900";"./src/planner_server.cpp:exceptionWarning:751"
"Planning algorithm GridBased failed to generate a valid path to (0.58, 41.35)";"30";"planner_server";"1748015084.151176795";"./src/planner_server.cpp:validatePath:360"
"Empty path generated, probably wrong localization";"30";"planner_server";"1748015084.151138325";"/root/ff_ws/src/DStar-Trajectory-Planner/src/trajectory_planner_plugin.cpp:createPlan:427"
"Replanning trajectory (1024, 1901) <218> --> (939, 2227) <0>";"20";"planner_server";"1748015084.151070839";"/root/ff_ws/src/DStar-Trajectory-Planner/src/trajectory_planner_plugin.cpp:createPlan:419"
"Replanning started";"20";"planner_server";"1748015084.150962600";"/root/ff_ws/src/DStar-Trajectory-Planner/src/trajectory_planner_plugin.cpp:createPlan:398"
"Received a goal, begin computing control effort.";"20";"controller_server";"1748015083.140801862";"./src/controller_server.cpp:computeControl:446"
"Replanning trajectory (1026, 1898) <0> --> (939, 2227) <0>";"20";"planner_server";"1748015083.081125416";"/root/ff_ws/src/DStar-Trajectory-Planner/src/trajectory_planner_plugin.cpp:createPlan:419"
"Replanning started";"20";"planner_server";"1748015083.081029083";"/root/ff_ws/src/DStar-Trajectory-Planner/src/trajectory_planner_plugin.cpp:createPlan:398"
"backup completed successfully";"20";"behavior_server";"1748015083.061328841";"./include/nav2_behaviors/timed_behavior.hpp:execute:265"
"Running backup";"20";"behavior_server";"1748015080.660982340";"./include/nav2_behaviors/timed_behavior.hpp:execute:213"
"[compute_path_to_pose] [ActionServer] Aborting handle.";"30";"planner_server";"1748015080.643799159";"/opt/ros/jazzy/include/nav2_util/nav2_util/simple_action_server.hpp:warn_msg:633"
"GridBased plugin failed to plan from (4.72, 25.14) to (0.58, 41.35): \"GridBased generated a empty path\"";"30";"planner_server";"1748015080.643770034";"./src/planner_server.cpp:exceptionWarning:751"
"Planning algorithm GridBased failed to generate a valid path to (0.58, 41.35)";"30";"planner_server";"1748015080.643734280";"./src/planner_server.cpp:validatePath:360"
"Empty path generated, probably wrong localization";"30";"planner_server";"1748015080.643710425";"/root/ff_ws/src/DStar-Trajectory-Planner/src/trajectory_planner_plugin.cpp:createPlan:427"
"Replanning trajectory (1022, 1902) <253> --> (939, 2227) <0>";"20";"planner_server";"1748015080.643662565";"/root/ff_ws/src/DStar-Trajectory-Planner/src/trajectory_planner_plugin.cpp:createPlan:419"
"Replanning started";"20";"planner_server";"1748015080.643582277";"/root/ff_ws/src/DStar-Trajectory-Planner/src/trajectory_planner_plugin.cpp:createPlan:398"
"Received request to clear entirely the global_costmap";"20";"global_costmap.global_costmap";"1748015080.490699500";"./src/clear_costmap_service.cpp:clearEntireCallback:95"
"[compute_path_to_pose] [ActionServer] Aborting handle.";"30";"planner_server";"1748015080.471701132";"/opt/ros/jazzy/include/nav2_util/nav2_util/simple_action_server.hpp:warn_msg:633"
"GridBased plugin failed to plan from (4.72, 25.14) to (0.58, 41.35): \"GridBased generated a empty path\"";"30";"planner_server";"1748015080.471654058";"./src/planner_server.cpp:exceptionWarning:751"
"Planning algorithm GridBased failed to generate a valid path to (0.58, 41.35)";"30";"planner_server";"1748015080.471588195";"./src/planner_server.cpp:validatePath:360"
"Empty path generated, probably wrong localization";"30";"planner_server";"1748015080.471529881";"/root/ff_ws/src/DStar-Trajectory-Planner/src/trajectory_planner_plugin.cpp:createPlan:427"
"Replanning trajectory (1022, 1902) <253> --> (939, 2227) <0>";"20";"planner_server";"1748015080.471448568";"/root/ff_ws/src/DStar-Trajectory-Planner/src/trajectory_planner_plugin.cpp:createPlan:419"
"Replanning started";"20";"planner_server";"1748015080.471299215";"/root/ff_ws/src/DStar-Trajectory-Planner/src/trajectory_planner_plugin.cpp:createPlan:398"
"wait completed successfully";"20";"behavior_server";"1748015080.460043198";"./include/nav2_behaviors/timed_behavior.hpp:execute:265"
"[follow_path] [ActionServer] Client requested to cancel the goal. Cancelling.";"20";"controller_server";"1748015074.679632082";"/opt/ros/jazzy/include/nav2_util/nav2_util/simple_action_server.hpp:info_msg:603"
"Cancellation was successful. Stopping the robot.";"20";"controller_server";"1748015074.679562393";"./src/controller_server.cpp:computeControl:493"
"Running wait";"20";"behavior_server";"1748015074.659720702";"./include/nav2_behaviors/timed_behavior.hpp:execute:213"
"Failed to get result for follow_path in node halt!";"40";"bt_navigator_navigate_to_pose_rclcpp_node";"1748015074.658950981";"./include/nav2_behavior_tree/bt_action_node.hpp:halt:326"
"[compute_path_to_pose] [ActionServer] Aborting handle.";"30";"planner_server";"1748015074.621200618";"/opt/ros/jazzy/include/nav2_util/nav2_util/simple_action_server.hpp:warn_msg:633"
"GridBased plugin failed to plan from (4.72, 25.10) to (0.58, 41.35): \"GridBased generated a empty path\"";"30";"planner_server";"1748015074.621189740";"./src/planner_server.cpp:exceptionWarning:751"
"Planning algorithm GridBased failed to generate a valid path to (0.58, 41.35)";"30";"planner_server";"1748015074.621176719";"./src/planner_server.cpp:validatePath:360"
"Empty path generated, probably wrong localization";"30";"planner_server";"1748015074.621169237";"/root/ff_ws/src/DStar-Trajectory-Planner/src/trajectory_planner_plugin.cpp:createPlan:427"
"Replanning trajectory (1022, 1902) <253> --> (939, 2227) <0>";"20";"planner_server";"1748015074.621147007";"/root/ff_ws/src/DStar-Trajectory-Planner/src/trajectory_planner_plugin.cpp:createPlan:419"
"Replanning started";"20";"planner_server";"1748015074.621090625";"/root/ff_ws/src/DStar-Trajectory-Planner/src/trajectory_planner_plugin.cpp:createPlan:398"
"Received request to clear entirely the global_costmap";"20";"global_costmap.global_costmap";"1748015074.408862139";"./src/clear_costmap_service.cpp:clearEntireCallback:95"
"[compute_path_to_pose] [ActionServer] Aborting handle.";"30";"planner_server";"1748015074.389300910";"/opt/ros/jazzy/include/nav2_util/nav2_util/simple_action_server.hpp:warn_msg:633"
"GridBased plugin failed to plan from (4.76, 25.07) to (0.58, 41.35): \"GridBased generated a empty path\"";"30";"planner_server";"1748015074.389269383";"./src/planner_server.cpp:exceptionWarning:751"
"Planning algorithm GridBased failed to generate a valid path to (0.58, 41.35)";"30";"planner_server";"1748015074.389217580";"./src/planner_server.cpp:validatePath:360"
"Empty path generated, probably wrong localization";"30";"planner_server";"1748015074.389180398";"/root/ff_ws/src/DStar-Trajectory-Planner/src/trajectory_planner_plugin.cpp:createPlan:427"
"Replanning trajectory (1023, 1901) <236> --> (939, 2227) <0>";"20";"planner_server";"1748015074.389061135";"/root/ff_ws/src/DStar-Trajectory-Planner/src/trajectory_planner_plugin.cpp:createPlan:419"
"Replanning started";"20";"planner_server";"1748015074.388978891";"/root/ff_ws/src/DStar-Trajectory-Planner/src/trajectory_planner_plugin.cpp:createPlan:398"
"Passing new path to controller.";"20";"controller_server";"1748015073.379556378";"./src/controller_server.cpp:updateGlobalPath:703"
"Replanning trajectory (1026, 1898) <0> --> (939, 2227) <0>";"20";"planner_server";"1748015073.339317013";"/root/ff_ws/src/DStar-Trajectory-Planner/src/trajectory_planner_plugin.cpp:createPlan:419"
"Replanning started";"20";"planner_server";"1748015073.339223539";"/root/ff_ws/src/DStar-Trajectory-Planner/src/trajectory_planner_plugin.cpp:createPlan:398"
"Passing new path to controller.";"20";"controller_server";"1748015072.379529900";"./src/controller_server.cpp:updateGlobalPath:703"
"Replanning trajectory (1029, 1895) <0> --> (939, 2227) <0>";"20";"planner_server";"1748015072.299766382";"/root/ff_ws/src/DStar-Trajectory-Planner/src/trajectory_planner_plugin.cpp:createPlan:419"
"Replanning started";"20";"planner_server";"1748015072.299608912";"/root/ff_ws/src/DStar-Trajectory-Planner/src/trajectory_planner_plugin.cpp:createPlan:398"
"Passing new path to controller.";"20";"controller_server";"1748015071.329558000";"./src/controller_server.cpp:updateGlobalPath:703"
"Replanning trajectory (1028, 1895) <0> --> (939, 2227) <0>";"20";"planner_server";"1748015071.259498552";"/root/ff_ws/src/DStar-Trajectory-Planner/src/trajectory_planner_plugin.cpp:createPlan:419"
"Replanning started";"20";"planner_server";"1748015071.259396487";"/root/ff_ws/src/DStar-Trajectory-Planner/src/trajectory_planner_plugin.cpp:createPlan:398"
"Passing new path to controller.";"20";"controller_server";"1748015070.279610508";"./src/controller_server.cpp:updateGlobalPath:703"
"Replanning trajectory (1028, 1895) <0> --> (939, 2227) <0>";"20";"planner_server";"1748015070.229348153";"/root/ff_ws/src/DStar-Trajectory-Planner/src/trajectory_planner_plugin.cpp:createPlan:419"
"Replanning started";"20";"planner_server";"1748015070.229247482";"/root/ff_ws/src/DStar-Trajectory-Planner/src/trajectory_planner_plugin.cpp:createPlan:398"
"Passing new path to controller.";"20";"controller_server";"1748015069.229541629";"./src/controller_server.cpp:updateGlobalPath:703"
"Replanning trajectory (1028, 1894) <0> --> (939, 2227) <0>";"20";"planner_server";"1748015069.179312848";"/root/ff_ws/src/DStar-Trajectory-Planner/src/trajectory_planner_plugin.cpp:createPlan:419"
"Replanning started";"20";"planner_server";"1748015069.179218660";"/root/ff_ws/src/DStar-Trajectory-Planner/src/trajectory_planner_plugin.cpp:createPlan:398"
"Passing new path to controller.";"20";"controller_server";"1748015068.179533103";"./src/controller_server.cpp:updateGlobalPath:703"
"Replanning trajectory (1027, 1894) <0> --> (939, 2227) <0>";"20";"planner_server";"1748015068.139182506";"/root/ff_ws/src/DStar-Trajectory-Planner/src/trajectory_planner_plugin.cpp:createPlan:419"
"Replanning started";"20";"planner_server";"1748015068.139104396";"/root/ff_ws/src/DStar-Trajectory-Planner/src/trajectory_planner_plugin.cpp:createPlan:398"
"Received a goal, begin computing control effort.";"20";"controller_server";"1748015067.129088672";"./src/controller_server.cpp:computeControl:446"
"Replanning trajectory (1027, 1894) <0> --> (939, 2227) <0>";"20";"planner_server";"1748015067.089078921";"/root/ff_ws/src/DStar-Trajectory-Planner/src/trajectory_planner_plugin.cpp:createPlan:419"
"Replanning started";"20";"planner_server";"1748015067.088988807";"/root/ff_ws/src/DStar-Trajectory-Planner/src/trajectory_planner_plugin.cpp:createPlan:398"
"spin completed successfully";"20";"behavior_server";"1748015067.069850159";"./include/nav2_behaviors/timed_behavior.hpp:execute:265"
"Turning 1.57 for spin behavior.";"20";"behavior_server";"1748015065.369554076";"./plugins/spin.cpp:onRun:89"
"Running spin";"20";"behavior_server";"1748015065.369290032";"./include/nav2_behaviors/timed_behavior.hpp:execute:213"
"[follow_path] [ActionServer] Aborting handle.";"30";"controller_server";"1748015065.349728786";"/opt/ros/jazzy/include/nav2_util/nav2_util/simple_action_server.hpp:warn_msg:633"
"Failed to make progress";"40";"controller_server";"1748015065.349636643";"./src/controller_server.cpp:computeControl:552"
"Passing new path to controller.";"20";"controller_server";"1748015064.749741594";"./src/controller_server.cpp:updateGlobalPath:703"
"Replanning trajectory (1026, 1893) <0> --> (939, 2227) <0>";"20";"planner_server";"1748015064.669102197";"/root/ff_ws/src/DStar-Trajectory-Planner/src/trajectory_planner_plugin.cpp:createPlan:419"
"Replanning started";"20";"planner_server";"1748015064.669021391";"/root/ff_ws/src/DStar-Trajectory-Planner/src/trajectory_planner_plugin.cpp:createPlan:398"
"Passing new path to controller.";"20";"controller_server";"1748015063.699654710";"./src/controller_server.cpp:updateGlobalPath:703"
"Replanning trajectory (1026, 1893) <0> --> (939, 2227) <0>";"20";"planner_server";"1748015063.619144721";"/root/ff_ws/src/DStar-Trajectory-Planner/src/trajectory_planner_plugin.cpp:createPlan:419"
"Replanning started";"20";"planner_server";"1748015063.619058869";"/root/ff_ws/src/DStar-Trajectory-Planner/src/trajectory_planner_plugin.cpp:createPlan:398"
"Passing new path to controller.";"20";"controller_server";"1748015062.649660503";"./src/controller_server.cpp:updateGlobalPath:703"
"Replanning trajectory (1026, 1893) <0> --> (939, 2227) <0>";"20";"planner_server";"1748015062.569176922";"/root/ff_ws/src/DStar-Trajectory-Planner/src/trajectory_planner_plugin.cpp:createPlan:419"
"Replanning started";"20";"planner_server";"1748015062.569086505";"/root/ff_ws/src/DStar-Trajectory-Planner/src/trajectory_planner_plugin.cpp:createPlan:398"
"Passing new path to controller.";"20";"controller_server";"1748015061.599622438";"./src/controller_server.cpp:updateGlobalPath:703"
"Replanning trajectory (1026, 1893) <0> --> (939, 2227) <0>";"20";"planner_server";"1748015061.539349868";"/root/ff_ws/src/DStar-Trajectory-Planner/src/trajectory_planner_plugin.cpp:createPlan:419"
"Replanning started";"20";"planner_server";"1748015061.539249454";"/root/ff_ws/src/DStar-Trajectory-Planner/src/trajectory_planner_plugin.cpp:createPlan:398"
"Passing new path to controller.";"20";"controller_server";"1748015060.549682224";"./src/controller_server.cpp:updateGlobalPath:703"
"Replanning trajectory (1026, 1893) <0> --> (939, 2227) <0>";"20";"planner_server";"1748015060.499159130";"/root/ff_ws/src/DStar-Trajectory-Planner/src/trajectory_planner_plugin.cpp:createPlan:419"
"Replanning started";"20";"planner_server";"1748015060.499055529";"/root/ff_ws/src/DStar-Trajectory-Planner/src/trajectory_planner_plugin.cpp:createPlan:398"
"Passing new path to controller.";"20";"controller_server";"1748015059.499605877";"./src/controller_server.cpp:updateGlobalPath:703"
"Replanning trajectory (1026, 1893) <0> --> (939, 2227) <0>";"20";"planner_server";"1748015059.449421933";"/root/ff_ws/src/DStar-Trajectory-Planner/src/trajectory_planner_plugin.cpp:createPlan:419"
"Replanning started";"20";"planner_server";"1748015059.449323375";"/root/ff_ws/src/DStar-Trajectory-Planner/src/trajectory_planner_plugin.cpp:createPlan:398"
"Passing new path to controller.";"20";"controller_server";"1748015058.449709579";"./src/controller_server.cpp:updateGlobalPath:703"
"Replanning trajectory (1026, 1893) <0> --> (939, 2227) <0>";"20";"planner_server";"1748015058.389296733";"/root/ff_ws/src/DStar-Trajectory-Planner/src/trajectory_planner_plugin.cpp:createPlan:419"
"Replanning started";"20";"planner_server";"1748015058.389207142";"/root/ff_ws/src/DStar-Trajectory-Planner/src/trajectory_planner_plugin.cpp:createPlan:398"
"Passing new path to controller.";"20";"controller_server";"1748015057.399630296";"./src/controller_server.cpp:updateGlobalPath:703"
"Replanning trajectory (1026, 1893) <0> --> (939, 2227) <0>";"20";"planner_server";"1748015057.349837122";"/root/ff_ws/src/DStar-Trajectory-Planner/src/trajectory_planner_plugin.cpp:createPlan:419"
"Replanning started";"20";"planner_server";"1748015057.349681668";"/root/ff_ws/src/DStar-Trajectory-Planner/src/trajectory_planner_plugin.cpp:createPlan:398"
"Passing new path to controller.";"20";"controller_server";"1748015056.349644991";"./src/controller_server.cpp:updateGlobalPath:703"
"Replanning trajectory (1026, 1893) <0> --> (939, 2227) <0>";"20";"planner_server";"1748015056.289087819";"/root/ff_ws/src/DStar-Trajectory-Planner/src/trajectory_planner_plugin.cpp:createPlan:419"
"Replanning started";"20";"planner_server";"1748015056.289029899";"/root/ff_ws/src/DStar-Trajectory-Planner/src/trajectory_planner_plugin.cpp:createPlan:398"
"Passing new path to controller.";"20";"controller_server";"1748015055.299626037";"./src/controller_server.cpp:updateGlobalPath:703"
"Replanning trajectory (1026, 1893) <0> --> (939, 2227) <0>";"20";"planner_server";"1748015055.249266721";"/root/ff_ws/src/DStar-Trajectory-Planner/src/trajectory_planner_plugin.cpp:createPlan:419"
"Replanning started";"20";"planner_server";"1748015055.249185632";"/root/ff_ws/src/DStar-Trajectory-Planner/src/trajectory_planner_plugin.cpp:createPlan:398"
"Passing new path to controller.";"20";"controller_server";"1748015054.249648266";"./src/controller_server.cpp:updateGlobalPath:703"
"Replanning trajectory (1026, 1893) <0> --> (939, 2227) <0>";"20";"planner_server";"1748015054.179045870";"/root/ff_ws/src/DStar-Trajectory-Planner/src/trajectory_planner_plugin.cpp:createPlan:419"
"Replanning started";"20";"planner_server";"1748015054.179001424";"/root/ff_ws/src/DStar-Trajectory-Planner/src/trajectory_planner_plugin.cpp:createPlan:398"
"Received a goal, begin computing control effort.";"20";"controller_server";"1748015053.499325227";"./src/controller_server.cpp:computeControl:446"
"Received request to clear entirely the local_costmap";"20";"local_costmap.local_costmap";"1748015053.498884521";"./src/clear_costmap_service.cpp:clearEntireCallback:95"
"[follow_path] [ActionServer] Aborting handle.";"30";"controller_server";"1748015053.479841222";"/opt/ros/jazzy/include/nav2_util/nav2_util/simple_action_server.hpp:warn_msg:633"
"Failed to make progress";"40";"controller_server";"1748015053.479710994";"./src/controller_server.cpp:computeControl:552"
"Passing new path to controller.";"20";"controller_server";"1748015053.179678984";"./src/controller_server.cpp:updateGlobalPath:703"
"Replanning trajectory (1026, 1893) <0> --> (939, 2227) <0>";"20";"planner_server";"1748015053.139133054";"/root/ff_ws/src/DStar-Trajectory-Planner/src/trajectory_planner_plugin.cpp:createPlan:419"
"Replanning started";"20";"planner_server";"1748015053.139091493";"/root/ff_ws/src/DStar-Trajectory-Planner/src/trajectory_planner_plugin.cpp:createPlan:398"
"Passing new path to controller.";"20";"controller_server";"1748015052.179662125";"./src/controller_server.cpp:updateGlobalPath:703"
"Replanning trajectory (1026, 1893) <0> --> (939, 2227) <0>";"20";"planner_server";"1748015052.079227968";"/root/ff_ws/src/DStar-Trajectory-Planner/src/trajectory_planner_plugin.cpp:createPlan:419"
"Replanning started";"20";"planner_server";"1748015052.079099886";"/root/ff_ws/src/DStar-Trajectory-Planner/src/trajectory_planner_plugin.cpp:createPlan:398"
"Passing new path to controller.";"20";"controller_server";"1748015051.079668913";"./src/controller_server.cpp:updateGlobalPath:703"
"Replanning trajectory (1026, 1893) <0> --> (939, 2227) <0>";"20";"planner_server";"1748015051.039234893";"/root/ff_ws/src/DStar-Trajectory-Planner/src/trajectory_planner_plugin.cpp:createPlan:419"
"Replanning started";"20";"planner_server";"1748015051.039161479";"/root/ff_ws/src/DStar-Trajectory-Planner/src/trajectory_planner_plugin.cpp:createPlan:398"
"Passing new path to controller.";"20";"controller_server";"1748015050.029662285";"./src/controller_server.cpp:updateGlobalPath:703"
"Replanning trajectory (1026, 1893) <0> --> (939, 2227) <0>";"20";"planner_server";"1748015049.989358496";"/root/ff_ws/src/DStar-Trajectory-Planner/src/trajectory_planner_plugin.cpp:createPlan:419"
"Replanning started";"20";"planner_server";"1748015049.989237942";"/root/ff_ws/src/DStar-Trajectory-Planner/src/trajectory_planner_plugin.cpp:createPlan:398"
"Passing new path to controller.";"20";"controller_server";"1748015048.979655319";"./src/controller_server.cpp:updateGlobalPath:703"
"Replanning trajectory (1026, 1893) <0> --> (939, 2227) <0>";"20";"planner_server";"1748015048.949177944";"/root/ff_ws/src/DStar-Trajectory-Planner/src/trajectory_planner_plugin.cpp:createPlan:419"
"Replanning started";"20";"planner_server";"1748015048.949076776";"/root/ff_ws/src/DStar-Trajectory-Planner/src/trajectory_planner_plugin.cpp:createPlan:398"
"Passing new path to controller.";"20";"controller_server";"1748015047.979679675";"./src/controller_server.cpp:updateGlobalPath:703"
"Replanning trajectory (1026, 1893) <0> --> (939, 2227) <0>";"20";"planner_server";"1748015047.909013799";"/root/ff_ws/src/DStar-Trajectory-Planner/src/trajectory_planner_plugin.cpp:createPlan:419"
"Replanning started";"20";"planner_server";"1748015047.908934343";"/root/ff_ws/src/DStar-Trajectory-Planner/src/trajectory_planner_plugin.cpp:createPlan:398"
"Passing new path to controller.";"20";"controller_server";"1748015046.929730373";"./src/controller_server.cpp:updateGlobalPath:703"
"Replanning trajectory (1026, 1893) <0> --> (939, 2227) <0>";"20";"planner_server";"1748015046.878969424";"/root/ff_ws/src/DStar-Trajectory-Planner/src/trajectory_planner_plugin.cpp:createPlan:419"
"Replanning started";"20";"planner_server";"1748015046.878894912";"/root/ff_ws/src/DStar-Trajectory-Planner/src/trajectory_planner_plugin.cpp:createPlan:398"
"Passing new path to controller.";"20";"controller_server";"1748015045.879692537";"./src/controller_server.cpp:updateGlobalPath:703"
"Replanning trajectory (1026, 1893) <0> --> (939, 2227) <0>";"20";"planner_server";"1748015045.819534940";"/root/ff_ws/src/DStar-Trajectory-Planner/src/trajectory_planner_plugin.cpp:createPlan:419"
"Replanning started";"20";"planner_server";"1748015045.819401732";"/root/ff_ws/src/DStar-Trajectory-Planner/src/trajectory_planner_plugin.cpp:createPlan:398"
"Passing new path to controller.";"20";"controller_server";"1748015044.829657778";"./src/controller_server.cpp:updateGlobalPath:703"
"Replanning trajectory (1026, 1893) <0> --> (939, 2227) <0>";"20";"planner_server";"1748015044.779348137";"/root/ff_ws/src/DStar-Trajectory-Planner/src/trajectory_planner_plugin.cpp:createPlan:419"
"Replanning started";"20";"planner_server";"1748015044.779228755";"/root/ff_ws/src/DStar-Trajectory-Planner/src/trajectory_planner_plugin.cpp:createPlan:398"
"Passing new path to controller.";"20";"controller_server";"1748015043.779660789";"./src/controller_server.cpp:updateGlobalPath:703"
"Replanning trajectory (1026, 1893) <0> --> (939, 2227) <0>";"20";"planner_server";"1748015043.729103130";"/root/ff_ws/src/DStar-Trajectory-Planner/src/trajectory_planner_plugin.cpp:createPlan:419"
"Replanning started";"20";"planner_server";"1748015043.729017577";"/root/ff_ws/src/DStar-Trajectory-Planner/src/trajectory_planner_plugin.cpp:createPlan:398"
"Passing new path to controller.";"20";"controller_server";"1748015042.729732742";"./src/controller_server.cpp:updateGlobalPath:703"
"Replanning trajectory (1026, 1893) <0> --> (939, 2227) <0>";"20";"planner_server";"1748015042.689094011";"/root/ff_ws/src/DStar-Trajectory-Planner/src/trajectory_planner_plugin.cpp:createPlan:419"
"Replanning started";"20";"planner_server";"1748015042.689038195";"/root/ff_ws/src/DStar-Trajectory-Planner/src/trajectory_planner_plugin.cpp:createPlan:398"
"Received a goal, begin computing control effort.";"20";"controller_server";"1748015041.679151187";"./src/controller_server.cpp:computeControl:446"
"Planner loop missed its desired rate of 10.0000 Hz. Current loop rate is 1.5152 Hz";"30";"planner_server";"1748015041.665418175";"./src/planner_server.cpp:computePlan:556"
"Replanning trajectory (1026, 1893) <0> --> (939, 2227) <0>";"20";"planner_server";"1748015041.640766912";"/root/ff_ws/src/DStar-Trajectory-Planner/src/trajectory_planner_plugin.cpp:createPlan:419"
"Replanning started";"20";"planner_server";"1748015041.640699074";"/root/ff_ws/src/DStar-Trajectory-Planner/src/trajectory_planner_plugin.cpp:createPlan:398"
"Received request to clear entirely the global_costmap";"20";"global_costmap.global_costmap";"1748015040.869055876";"./src/clear_costmap_service.cpp:clearEntireCallback:95"
"Received request to clear entirely the local_costmap";"20";"local_costmap.local_costmap";"1748015040.868738608";"./src/clear_costmap_service.cpp:clearEntireCallback:95"
"[follow_path] [ActionServer] Aborting handle.";"30";"controller_server";"1748015040.850359579";"/opt/ros/jazzy/include/nav2_util/nav2_util/simple_action_server.hpp:warn_msg:633"
"Failed to make progress";"40";"controller_server";"1748015040.850203949";"./src/controller_server.cpp:computeControl:552"
"Passing new path to controller.";"20";"controller_server";"1748015040.400187446";"./src/controller_server.cpp:updateGlobalPath:703"
"Replanning trajectory (1026, 1893) <0> --> (939, 2227) <0>";"20";"planner_server";"1748015040.349246968";"/root/ff_ws/src/DStar-Trajectory-Planner/src/trajectory_planner_plugin.cpp:createPlan:419"
"Replanning started";"20";"planner_server";"1748015040.349124391";"/root/ff_ws/src/DStar-Trajectory-Planner/src/trajectory_planner_plugin.cpp:createPlan:398"
"Passing new path to controller.";"20";"controller_server";"1748015039.350163799";"./src/controller_server.cpp:updateGlobalPath:703"
"Replanning trajectory (1026, 1893) <0> --> (939, 2227) <0>";"20";"planner_server";"1748015039.289122919";"/root/ff_ws/src/DStar-Trajectory-Planner/src/trajectory_planner_plugin.cpp:createPlan:419"
"Replanning started";"20";"planner_server";"1748015039.289047254";"/root/ff_ws/src/DStar-Trajectory-Planner/src/trajectory_planner_plugin.cpp:createPlan:398"
"Passing new path to controller.";"20";"controller_server";"1748015038.300149624";"./src/controller_server.cpp:updateGlobalPath:703"
"Replanning trajectory (1026, 1893) <0> --> (939, 2227) <0>";"20";"planner_server";"1748015038.249465825";"/root/ff_ws/src/DStar-Trajectory-Planner/src/trajectory_planner_plugin.cpp:createPlan:419"
"Replanning started";"20";"planner_server";"1748015038.249323591";"/root/ff_ws/src/DStar-Trajectory-Planner/src/trajectory_planner_plugin.cpp:createPlan:398"
"Passing new path to controller.";"20";"controller_server";"1748015037.250162663";"./src/controller_server.cpp:updateGlobalPath:703"
"Replanning trajectory (1026, 1893) <0> --> (939, 2227) <0>";"20";"planner_server";"1748015037.199413566";"/root/ff_ws/src/DStar-Trajectory-Planner/src/trajectory_planner_plugin.cpp:createPlan:419"
"Replanning started";"20";"planner_server";"1748015037.199268488";"/root/ff_ws/src/DStar-Trajectory-Planner/src/trajectory_planner_plugin.cpp:createPlan:398"
"Passing new path to controller.";"20";"controller_server";"1748015036.200150360";"./src/controller_server.cpp:updateGlobalPath:703"
"Replanning trajectory (1026, 1893) <0> --> (939, 2227) <0>";"20";"planner_server";"1748015036.159316048";"/root/ff_ws/src/DStar-Trajectory-Planner/src/trajectory_planner_plugin.cpp:createPlan:419"
"Replanning started";"20";"planner_server";"1748015036.159234418";"/root/ff_ws/src/DStar-Trajectory-Planner/src/trajectory_planner_plugin.cpp:createPlan:398"
"Passing new path to controller.";"20";"controller_server";"1748015035.200202342";"./src/controller_server.cpp:updateGlobalPath:703"
"Replanning trajectory (1026, 1893) <0> --> (939, 2227) <0>";"20";"planner_server";"1748015035.119488659";"/root/ff_ws/src/DStar-Trajectory-Planner/src/trajectory_planner_plugin.cpp:createPlan:419"
"Replanning started";"20";"planner_server";"1748015035.119361906";"/root/ff_ws/src/DStar-Trajectory-Planner/src/trajectory_planner_plugin.cpp:createPlan:398"
"Passing new path to controller.";"20";"controller_server";"1748015034.150154319";"./src/controller_server.cpp:updateGlobalPath:703"
"Replanning trajectory (1026, 1893) <0> --> (939, 2227) <0>";"20";"planner_server";"1748015034.059440472";"/root/ff_ws/src/DStar-Trajectory-Planner/src/trajectory_planner_plugin.cpp:createPlan:419"
"Replanning started";"20";"planner_server";"1748015034.059326037";"/root/ff_ws/src/DStar-Trajectory-Planner/src/trajectory_planner_plugin.cpp:createPlan:398"
"Passing new path to controller.";"20";"controller_server";"1748015033.050136556";"./src/controller_server.cpp:updateGlobalPath:703"
"Replanning trajectory (1026, 1893) <0> --> (939, 2227) <0>";"20";"planner_server";"1748015033.009302926";"/root/ff_ws/src/DStar-Trajectory-Planner/src/trajectory_planner_plugin.cpp:createPlan:419"
"Replanning started";"20";"planner_server";"1748015033.009199334";"/root/ff_ws/src/DStar-Trajectory-Planner/src/trajectory_planner_plugin.cpp:createPlan:398"
"Passing new path to controller.";"20";"controller_server";"1748015032.000160696";"./src/controller_server.cpp:updateGlobalPath:703"
"Replanning trajectory (1026, 1893) <0> --> (939, 2227) <0>";"20";"planner_server";"1748015031.949076108";"/root/ff_ws/src/DStar-Trajectory-Planner/src/trajectory_planner_plugin.cpp:createPlan:419"
"Replanning started";"20";"planner_server";"1748015031.948991900";"/root/ff_ws/src/DStar-Trajectory-Planner/src/trajectory_planner_plugin.cpp:createPlan:398"
"Passing new path to controller.";"20";"controller_server";"1748015030.950123136";"./src/controller_server.cpp:updateGlobalPath:703"
"Replanning trajectory (1026, 1893) <0> --> (939, 2227) <0>";"20";"planner_server";"1748015030.899150206";"/root/ff_ws/src/DStar-Trajectory-Planner/src/trajectory_planner_plugin.cpp:createPlan:419"
"Replanning started";"20";"planner_server";"1748015030.899049663";"/root/ff_ws/src/DStar-Trajectory-Planner/src/trajectory_planner_plugin.cpp:createPlan:398"
"Passing new path to controller.";"20";"controller_server";"1748015029.900128395";"./src/controller_server.cpp:updateGlobalPath:703"
"Replanning trajectory (1027, 1891) <0> --> (939, 2227) <0>";"20";"planner_server";"1748015029.849281665";"/root/ff_ws/src/DStar-Trajectory-Planner/src/trajectory_planner_plugin.cpp:createPlan:419"
"Replanning started";"20";"planner_server";"1748015029.849159887";"/root/ff_ws/src/DStar-Trajectory-Planner/src/trajectory_planner_plugin.cpp:createPlan:398"
"Passing new path to controller.";"20";"controller_server";"1748015028.850252844";"./src/controller_server.cpp:updateGlobalPath:703"
"Replanning trajectory (1026, 1891) <0> --> (939, 2227) <0>";"20";"planner_server";"1748015028.789540137";"/root/ff_ws/src/DStar-Trajectory-Planner/src/trajectory_planner_plugin.cpp:createPlan:419"
"Replanning started";"20";"planner_server";"1748015028.789393972";"/root/ff_ws/src/DStar-Trajectory-Planner/src/trajectory_planner_plugin.cpp:createPlan:398"
"Received a goal, begin computing control effort.";"20";"controller_server";"1748015028.499685684";"./src/controller_server.cpp:computeControl:446"
"Received request to clear entirely the local_costmap";"20";"local_costmap.local_costmap";"1748015028.498960583";"./src/clear_costmap_service.cpp:clearEntireCallback:95"
"[follow_path] [ActionServer] Aborting handle.";"30";"controller_server";"1748015028.480432094";"/opt/ros/jazzy/include/nav2_util/nav2_util/simple_action_server.hpp:warn_msg:633"
"Failed to make progress";"40";"controller_server";"1748015028.480292789";"./src/controller_server.cpp:computeControl:552"
"Passing new path to controller.";"20";"controller_server";"1748015027.780224899";"./src/controller_server.cpp:updateGlobalPath:703"
"Replanning trajectory (1026, 1891) <0> --> (939, 2227) <0>";"20";"planner_server";"1748015027.729186084";"/root/ff_ws/src/DStar-Trajectory-Planner/src/trajectory_planner_plugin.cpp:createPlan:419"
"Replanning started";"20";"planner_server";"1748015027.729099168";"/root/ff_ws/src/DStar-Trajectory-Planner/src/trajectory_planner_plugin.cpp:createPlan:398"
"Passing new path to controller.";"20";"controller_server";"1748015026.730241212";"./src/controller_server.cpp:updateGlobalPath:703"
"Replanning trajectory (1026, 1891) <0> --> (939, 2227) <0>";"20";"planner_server";"1748015026.669493490";"/root/ff_ws/src/DStar-Trajectory-Planner/src/trajectory_planner_plugin.cpp:createPlan:419"
"Replanning started";"20";"planner_server";"1748015026.669364776";"/root/ff_ws/src/DStar-Trajectory-Planner/src/trajectory_planner_plugin.cpp:createPlan:398"
"Passing new path to controller.";"20";"controller_server";"1748015025.680205923";"./src/controller_server.cpp:updateGlobalPath:703"
"Replanning trajectory (1026, 1891) <0> --> (939, 2227) <0>";"20";"planner_server";"1748015025.629494580";"/root/ff_ws/src/DStar-Trajectory-Planner/src/trajectory_planner_plugin.cpp:createPlan:419"
"Replanning started";"20";"planner_server";"1748015025.629406998";"/root/ff_ws/src/DStar-Trajectory-Planner/src/trajectory_planner_plugin.cpp:createPlan:398"
"Passing new path to controller.";"20";"controller_server";"1748015024.630200292";"./src/controller_server.cpp:updateGlobalPath:703"
"Replanning trajectory (1026, 1890) <0> --> (939, 2227) <0>";"20";"planner_server";"1748015024.589281889";"/root/ff_ws/src/DStar-Trajectory-Planner/src/trajectory_planner_plugin.cpp:createPlan:419"
"Replanning started";"20";"planner_server";"1748015024.589171436";"/root/ff_ws/src/DStar-Trajectory-Planner/src/trajectory_planner_plugin.cpp:createPlan:398"
"Passing new path to controller.";"20";"controller_server";"1748015023.580237348";"./src/controller_server.cpp:updateGlobalPath:703"
"Replanning trajectory (1026, 1890) <0> --> (939, 2227) <0>";"20";"planner_server";"1748015023.539228139";"/root/ff_ws/src/DStar-Trajectory-Planner/src/trajectory_planner_plugin.cpp:createPlan:419"
"Replanning started";"20";"planner_server";"1748015023.539145135";"/root/ff_ws/src/DStar-Trajectory-Planner/src/trajectory_planner_plugin.cpp:createPlan:398"
"Passing new path to controller.";"20";"controller_server";"1748015022.580235061";"./src/controller_server.cpp:updateGlobalPath:703"
"Replanning trajectory (1026, 1890) <0> --> (939, 2227) <0>";"20";"planner_server";"1748015022.499180175";"/root/ff_ws/src/DStar-Trajectory-Planner/src/trajectory_planner_plugin.cpp:createPlan:419"
"Replanning started";"20";"planner_server";"1748015022.499087627";"/root/ff_ws/src/DStar-Trajectory-Planner/src/trajectory_planner_plugin.cpp:createPlan:398"
"Passing new path to controller.";"20";"controller_server";"1748015021.530202605";"./src/controller_server.cpp:updateGlobalPath:703"
"Replanning trajectory (1025, 1890) <0> --> (939, 2227) <0>";"20";"planner_server";"1748015021.429923164";"/root/ff_ws/src/DStar-Trajectory-Planner/src/trajectory_planner_plugin.cpp:createPlan:419"
"Replanning started";"20";"planner_server";"1748015021.429779182";"/root/ff_ws/src/DStar-Trajectory-Planner/src/trajectory_planner_plugin.cpp:createPlan:398"
"Passing new path to controller.";"20";"controller_server";"1748015020.430232232";"./src/controller_server.cpp:updateGlobalPath:703"
"Replanning trajectory (1025, 1890) <0> --> (939, 2227) <0>";"20";"planner_server";"1748015020.379090559";"/root/ff_ws/src/DStar-Trajectory-Planner/src/trajectory_planner_plugin.cpp:createPlan:419"
"Replanning started";"20";"planner_server";"1748015020.379008580";"/root/ff_ws/src/DStar-Trajectory-Planner/src/trajectory_planner_plugin.cpp:createPlan:398"
"Passing new path to controller.";"20";"controller_server";"1748015019.380203781";"./src/controller_server.cpp:updateGlobalPath:703"
"Replanning trajectory (1025, 1889) <0> --> (939, 2227) <0>";"20";"planner_server";"1748015019.329109866";"/root/ff_ws/src/DStar-Trajectory-Planner/src/trajectory_planner_plugin.cpp:createPlan:419"
"Replanning started";"20";"planner_server";"1748015019.329034799";"/root/ff_ws/src/DStar-Trajectory-Planner/src/trajectory_planner_plugin.cpp:createPlan:398"
"Passing new path to controller.";"20";"controller_server";"1748015018.330241780";"./src/controller_server.cpp:updateGlobalPath:703"
"Replanning trajectory (1028, 1889) <0> --> (939, 2227) <0>";"20";"planner_server";"1748015018.289017328";"/root/ff_ws/src/DStar-Trajectory-Planner/src/trajectory_planner_plugin.cpp:createPlan:419"
"Replanning started";"20";"planner_server";"1748015018.288971644";"/root/ff_ws/src/DStar-Trajectory-Planner/src/trajectory_planner_plugin.cpp:createPlan:398"
"Passing new path to controller.";"20";"controller_server";"1748015017.280211857";"./src/controller_server.cpp:updateGlobalPath:703"
"Replanning trajectory (1030, 1889) <0> --> (939, 2227) <0>";"20";"planner_server";"1748015017.229249327";"/root/ff_ws/src/DStar-Trajectory-Planner/src/trajectory_planner_plugin.cpp:createPlan:419"
"Replanning started";"20";"planner_server";"1748015017.229172947";"/root/ff_ws/src/DStar-Trajectory-Planner/src/trajectory_planner_plugin.cpp:createPlan:398"
"Passing new path to controller.";"20";"controller_server";"1748015016.230243909";"./src/controller_server.cpp:updateGlobalPath:703"
"Replanning trajectory (1033, 1887) <0> --> (939, 2227) <0>";"20";"planner_server";"1748015016.169262231";"/root/ff_ws/src/DStar-Trajectory-Planner/src/trajectory_planner_plugin.cpp:createPlan:419"
"Replanning started";"20";"planner_server";"1748015016.169153741";"/root/ff_ws/src/DStar-Trajectory-Planner/src/trajectory_planner_plugin.cpp:createPlan:398"
"Passing new path to controller.";"20";"controller_server";"1748015015.180235918";"./src/controller_server.cpp:updateGlobalPath:703"
"Replanning trajectory (1036, 1884) <0> --> (939, 2227) <0>";"20";"planner_server";"1748015015.139062530";"/root/ff_ws/src/DStar-Trajectory-Planner/src/trajectory_planner_plugin.cpp:createPlan:419"
"Replanning started";"20";"planner_server";"1748015015.138969674";"/root/ff_ws/src/DStar-Trajectory-Planner/src/trajectory_planner_plugin.cpp:createPlan:398"
"Passing new path to controller.";"20";"controller_server";"1748015014.130205139";"./src/controller_server.cpp:updateGlobalPath:703"
"Replanning trajectory (1036, 1879) <0> --> (939, 2227) <0>";"20";"planner_server";"1748015014.089254008";"/root/ff_ws/src/DStar-Trajectory-Planner/src/trajectory_planner_plugin.cpp:createPlan:419"
"Replanning started";"20";"planner_server";"1748015014.089196507";"/root/ff_ws/src/DStar-Trajectory-Planner/src/trajectory_planner_plugin.cpp:createPlan:398"
"Passing new path to controller.";"20";"controller_server";"1748015013.080284750";"./src/controller_server.cpp:updateGlobalPath:703"
"Replanning trajectory (1034, 1875) <0> --> (939, 2227) <0>";"20";"planner_server";"1748015013.049373417";"/root/ff_ws/src/DStar-Trajectory-Planner/src/trajectory_planner_plugin.cpp:createPlan:419"
"Replanning started";"20";"planner_server";"1748015013.049289600";"/root/ff_ws/src/DStar-Trajectory-Planner/src/trajectory_planner_plugin.cpp:createPlan:398"
"Passing new path to controller.";"20";"controller_server";"1748015012.080201167";"./src/controller_server.cpp:updateGlobalPath:703"
"Planner loop missed its desired rate of 10.0000 Hz. Current loop rate is 4.5455 Hz";"30";"planner_server";"1748015012.030245634";"./src/planner_server.cpp:computePlan:556"
"Replanning trajectory (1030, 1871) <0> --> (939, 2227) <0>";"20";"planner_server";"1748015011.789325858";"/root/ff_ws/src/DStar-Trajectory-Planner/src/trajectory_planner_plugin.cpp:createPlan:419"
"Replanning started";"20";"planner_server";"1748015011.789204323";"/root/ff_ws/src/DStar-Trajectory-Planner/src/trajectory_planner_plugin.cpp:createPlan:398"
"Passing message from ROS geometry_msgs/msg/Twist to Gazebo gz.msgs.Twist (showing msg only once per type)";"20";"ros_gz_bridge";"1748015010.793408916";"./src/factory.hpp:ros_callback:152"
"No progress checker was specified in parameter 'current_progress_checker'. Server will use only plugin loaded progress_checker . This warning will appear once.";"30";"controller_server";"1748015010.779482331";"./src/controller_server.cpp:findProgressCheckerId:422"
"No goal checker was specified in parameter 'current_goal_checker'. Server will use only plugin loaded goal_checker . This warning will appear once.";"30";"controller_server";"1748015010.779447701";"./src/controller_server.cpp:findGoalCheckerId:396"
"Received a goal, begin computing control effort.";"20";"controller_server";"1748015010.779349361";"./src/controller_server.cpp:computeControl:446"
"Planner loop missed its desired rate of 10.0000 Hz. Current loop rate is 0.0339 Hz";"30";"planner_server";"1748015010.765710467";"./src/planner_server.cpp:computePlan:556"
"Generated trajectory of 100 waypoints";"20";"planner_server";"1748015010.765415763";"/root/ff_ws/src/DStar-Trajectory-Planner/src/trajectory_planner_plugin.cpp:createPlan:362"
"Generating trajectory (1027, 1871) <0> --> (939, 2227) <0>";"20";"planner_server";"1748014975.590195088";"/root/ff_ws/src/DStar-Trajectory-Planner/src/trajectory_planner_plugin.cpp:createPlan:347"
"Cost of final position (939, 2227) is 0 on (64)";"30";"planner_server";"1748014975.590153659";"/root/ff_ws/src/DStar-Trajectory-Planner/src/trajectory_planner_plugin.cpp:createPlan:339"
"Cost of start position (1027, 1871) is 0 on (64)";"30";"planner_server";"1748014975.590100843";"/root/ff_ws/src/DStar-Trajectory-Planner/src/trajectory_planner_plugin.cpp:createPlan:330"
"Planning started";"20";"planner_server";"1748014975.589952868";"/root/ff_ws/src/DStar-Trajectory-Planner/src/trajectory_planner_plugin.cpp:createPlan:308"
"Begin navigating from current location (4.98, 23.56) to (0.58, 41.35)";"20";"bt_navigator";"1748014975.588246925";"./src/navigators/navigate_to_pose.cpp:initializeGoalPose:239"
"Setting goal pose: Frame:map, Position(0.576084, 41.3519, 0), Orientation(0, 0, 0.607594, 0.794248) = Angle: 1.30605";"20";"rviz2";"1748014975.587253644";"./src/main.cpp:operator():77"
"Message Filter dropping message: frame 'odom' at time 12.580 for reason 'the timestamp on the message is earlier than all the data in the transform cache'";"20";"rviz2";"1748014968.808592019";"/opt/ros/jazzy/include/tf2_ros/tf2_ros/message_filter.h:signalFailure:708"
"Message Filter dropping message: frame 'odom' at time 12.300 for reason 'the timestamp on the message is earlier than all the data in the transform cache'";"20";"rviz2";"1748014968.559980533";"/opt/ros/jazzy/include/tf2_ros/tf2_ros/message_filter.h:signalFailure:708"
"Message Filter dropping message: frame 'odom' at time 12.020 for reason 'the timestamp on the message is earlier than all the data in the transform cache'";"20";"rviz2";"1748014968.258016638";"/opt/ros/jazzy/include/tf2_ros/tf2_ros/message_filter.h:signalFailure:708"
"Message Filter dropping message: frame 'odom' at time 11.740 for reason 'the timestamp on the message is earlier than all the data in the transform cache'";"20";"rviz2";"1748014967.903831984";"/opt/ros/jazzy/include/tf2_ros/tf2_ros/message_filter.h:signalFailure:708"
"Message Filter dropping message: frame 'odom' at time 11.460 for reason 'the timestamp on the message is earlier than all the data in the transform cache'";"20";"rviz2";"1748014967.569153067";"/opt/ros/jazzy/include/tf2_ros/tf2_ros/message_filter.h:signalFailure:708"
"Message Filter dropping message: frame 'odom' at time 11.170 for reason 'the timestamp on the message is earlier than all the data in the transform cache'";"20";"rviz2";"1748014967.236319103";"/opt/ros/jazzy/include/tf2_ros/tf2_ros/message_filter.h:signalFailure:708"
"Message Filter dropping message: frame 'odom' at time 10.880 for reason 'the timestamp on the message is earlier than all the data in the transform cache'";"20";"rviz2";"1748014966.887022840";"/opt/ros/jazzy/include/tf2_ros/tf2_ros/message_filter.h:signalFailure:708"
"Message Filter dropping message: frame 'odom' at time 10.580 for reason 'the timestamp on the message is earlier than all the data in the transform cache'";"20";"rviz2";"1748014966.542642446";"/opt/ros/jazzy/include/tf2_ros/tf2_ros/message_filter.h:signalFailure:708"
"Message Filter dropping message: frame 'odom' at time 10.300 for reason 'the timestamp on the message is earlier than all the data in the transform cache'";"20";"rviz2";"1748014966.293942157";"/opt/ros/jazzy/include/tf2_ros/tf2_ros/message_filter.h:signalFailure:708"
"[34m[1mCreating bond timer...[0m[0m";"20";"lifecycle_manager_navigation";"1748014959.470765021";"./src/lifecycle_manager.cpp:message:568"
"[34m[1mManaged nodes are active[0m[0m";"20";"lifecycle_manager_navigation";"1748014959.470727931";"./src/lifecycle_manager.cpp:message:568"
"Server waypoint_follower connected with bond.";"20";"lifecycle_manager_navigation";"1748014959.470643400";"./src/lifecycle_manager.cpp:createBondConnection:237"
"Creating bond (waypoint_follower) to lifecycle manager.";"20";"waypoint_follower";"1748014959.365149942";"./src/lifecycle_node.cpp:createBond:74"
"Activating";"20";"waypoint_follower";"1748014959.365095657";"./src/waypoint_follower.cpp:on_activate:135"
"[34m[1mActivating waypoint_follower[0m[0m";"20";"lifecycle_manager_navigation";"1748014959.364745873";"./src/lifecycle_manager.cpp:message:568"
"Server bt_navigator connected with bond.";"20";"lifecycle_manager_navigation";"1748014959.364651370";"./src/lifecycle_manager.cpp:createBondConnection:237"
"Creating bond (bt_navigator) to lifecycle manager.";"20";"bt_navigator";"1748014959.260901831";"./src/lifecycle_node.cpp:createBond:74"
"Activating";"20";"bt_navigator";"1748014959.199366581";"./src/bt_navigator.cpp:on_activate:147"
"[34m[1mActivating bt_navigator[0m[0m";"20";"lifecycle_manager_navigation";"1748014959.199100391";"./src/lifecycle_manager.cpp:message:568"
"Server behavior_server connected with bond.";"20";"lifecycle_manager_navigation";"1748014959.199026751";"./src/lifecycle_manager.cpp:createBondConnection:237"
"Creating bond (behavior_server) to lifecycle manager.";"20";"behavior_server";"1748014959.093600037";"./src/lifecycle_node.cpp:createBond:74"
"Activating wait";"20";"behavior_server";"1748014959.093535299";"./include/nav2_behaviors/timed_behavior.hpp:activate:170"
"Activating assisted_teleop";"20";"behavior_server";"1748014959.093495264";"./include/nav2_behaviors/timed_behavior.hpp:activate:170"
"Activating drive_on_heading";"20";"behavior_server";"1748014959.093454238";"./include/nav2_behaviors/timed_behavior.hpp:activate:170"
"Activating backup";"20";"behavior_server";"1748014959.093407389";"./include/nav2_behaviors/timed_behavior.hpp:activate:170"
"Activating spin";"20";"behavior_server";"1748014959.093354726";"./include/nav2_behaviors/timed_behavior.hpp:activate:170"
"Activating";"20";"behavior_server";"1748014959.093248638";"./src/behavior_server.cpp:on_activate:197"
"[34m[1mActivating behavior_server[0m[0m";"20";"lifecycle_manager_navigation";"1748014959.092856772";"./src/lifecycle_manager.cpp:message:568"
"Server planner_server connected with bond.";"20";"lifecycle_manager_navigation";"1748014959.092736672";"./src/lifecycle_manager.cpp:createBondConnection:237"
"Creating bond (planner_server) to lifecycle manager.";"20";"planner_server";"1748014958.990325013";"./src/lifecycle_node.cpp:createBond:74"
"D* internal costmap filled, running algorithm";"20";"planner_server";"1748014958.989753087";"/root/ff_ws/src/DStar-Trajectory-Planner/src/trajectory_planner_plugin.cpp:activate:182"
"Trying to create a map of size 1962 x 3063 using 1 swatches";"20";"rviz2";"1748014958.773903448";"./src/main.cpp:operator():77"
"Obtained map [1962, 3063], 0.050000 m/pt, filling D* internal costmap...";"20";"planner_server";"1748014958.639110059";"/root/ff_ws/src/DStar-Trajectory-Planner/src/trajectory_planner_plugin.cpp:activate:146"
"getting costmap";"30";"planner_server";"1748014958.639079272";"/root/ff_ws/src/DStar-Trajectory-Planner/src/trajectory_planner_plugin.cpp:activate:142"
"Activating plugin GridBased of type NavfnPlanner";"20";"planner_server";"1748014958.639012603";"/root/ff_ws/src/DStar-Trajectory-Planner/src/trajectory_planner_plugin.cpp:activate:138"
"Trying to create a map of size 160 x 160 using 1 swatches";"20";"rviz2";"1748014957.745881045";"./src/main.cpp:operator():77"
"Message Filter dropping message: frame 'odom' at time 10.010 for reason 'discarding message because the queue is full'";"20";"rviz2";"1748014957.743623755";"/opt/ros/jazzy/include/tf2_ros/tf2_ros/message_filter.h:signalFailure:708"
"start";"20";"global_costmap.global_costmap";"1748014957.588009168";"./src/costmap_2d_ros.cpp:start:605"
"Message Filter dropping message: frame 'odom' at time 9.740 for reason 'discarding message because the queue is full'";"20";"rviz2";"1748014957.454845161";"/opt/ros/jazzy/include/tf2_ros/tf2_ros/message_filter.h:signalFailure:708"
"Message Filter dropping message: frame 'odom' at time 9.450 for reason 'discarding message because the queue is full'";"20";"rviz2";"1748014957.134941252";"/opt/ros/jazzy/include/tf2_ros/tf2_ros/message_filter.h:signalFailure:708"
"Timed out waiting for transform from base_link to map to become available, tf error: Invalid frame ID \"map\" passed to canTransform argument target_frame - frame does not exist";"20";"global_costmap.global_costmap";"1748014957.087802135";"./src/costmap_2d_ros.cpp:on_activate:293"
"[34m[1mCreating bond timer...[0m[0m";"20";"lifecycle_manager_localization";"1748014956.939405940";"./src/lifecycle_manager.cpp:message:568"
"[34m[1mManaged nodes are active[0m[0m";"20";"lifecycle_manager_localization";"1748014956.939374487";"./src/lifecycle_manager.cpp:message:568"
"Server amcl connected with bond.";"20";"lifecycle_manager_localization";"1748014956.939302889";"./src/lifecycle_manager.cpp:createBondConnection:237"
"createLaserObject";"20";"amcl";"1748014956.933057193";"./src/amcl_node.cpp:createLaserObject:1044"
"Message Filter dropping message: frame 'odom' at time 9.160 for reason 'discarding message because the queue is full'";"20";"rviz2";"1748014956.847252797";"/opt/ros/jazzy/include/tf2_ros/tf2_ros/message_filter.h:signalFailure:708"
"Creating bond (amcl) to lifecycle manager.";"20";"amcl";"1748014956.836365932";"./src/lifecycle_node.cpp:createBond:74"
"Setting pose (12.020000): 4.982 23.562 -0.026";"20";"amcl";"1748014956.836051796";"./src/amcl_node.cpp:handleInitialPose:601"
"initialPoseReceived";"20";"amcl";"1748014956.835962597";"./src/amcl_node.cpp:initialPoseReceived:530"
"Activating";"20";"amcl";"1748014956.835928302";"./src/amcl_node.cpp:on_activate:264"
"[34m[1mActivating amcl[0m[0m";"20";"lifecycle_manager_localization";"1748014956.835735027";"./src/lifecycle_manager.cpp:message:568"
"Server map_server connected with bond.";"20";"lifecycle_manager_localization";"1748014956.835695879";"./src/lifecycle_manager.cpp:createBondConnection:237"
"rviz/glsl120/indexed_8bit_image.vert
rviz/glsl120/indexed_8bit_image.frag
 GLSL link result : 
active samplers with a different type refer to the same texture image unit";"40";"rviz2";"1748014956.786183300";"./src/main.cpp:operator():83"
"Trying to create a map of size 1962 x 3063 using 1 swatches";"20";"rviz2";"1748014956.759793560";"./src/main.cpp:operator():77"
"Received a 1962 X 3063 map @ 0.050 m/pix";"20";"amcl";"1748014956.739920431";"./src/amcl_node.cpp:handleMapMessage:1422"
"StaticLayer: Resizing costmap to 1962 X 3063 at 0.050000 m/pix";"20";"global_costmap.global_costmap";"1748014956.739636626";"./plugins/static_layer.cpp:processMap:205"
"Creating bond (map_server) to lifecycle manager.";"20";"map_server";"1748014956.731942682";"./src/lifecycle_node.cpp:createBond:74"
"Activating";"20";"map_server";"1748014956.722231663";"./src/map_server/map_server.cpp:on_activate:131"
"[34m[1mActivating map_server[0m[0m";"20";"lifecycle_manager_localization";"1748014956.721958804";"./src/lifecycle_manager.cpp:message:568"
"Subscribed to map topic.";"20";"amcl";"1748014956.715651428";"./src/amcl_node.cpp:initPubSub:1566"
"initPubSub";"20";"amcl";"1748014956.710427581";"./src/amcl_node.cpp:initPubSub:1548"
"initTransforms";"20";"amcl";"1748014956.702222060";"./src/amcl_node.cpp:initTransforms:1506"
"Configuring";"20";"amcl";"1748014956.702136446";"./src/amcl_node.cpp:on_configure:244"
"[34m[1mConfiguring amcl[0m[0m";"20";"lifecycle_manager_localization";"1748014956.701974392";"./src/lifecycle_manager.cpp:message:568"
"Timed out waiting for transform from base_link to map to become available, tf error: Invalid frame ID \"map\" passed to canTransform argument target_frame - frame does not exist";"20";"global_costmap.global_costmap";"1748014956.587806226";"./src/costmap_2d_ros.cpp:on_activate:293"
"Configuring";"20";"map_server";"1748014956.318359529";"./src/map_server/map_server.cpp:on_configure:83"
"Creating";"20";"map_server";"1748014956.299093658";"./src/map_server/map_server.cpp:MapServer:68"
"
	map_server lifecycle node launched. 
	Waiting on external lifecycle transitions to activate
	See https://design.ros2.org/articles/node_lifecycle.html for more information.";"20";"map_server";"1748014956.298970824";"./src/lifecycle_node.cpp:printLifecycleNodeNotification:159"
"[34m[1mConfiguring map_server[0m[0m";"20";"lifecycle_manager_localization";"1748014956.299688193";"./src/lifecycle_manager.cpp:message:568"
"[34m[1mStarting managed nodes bringup...[0m[0m";"20";"lifecycle_manager_localization";"1748014956.299623052";"./src/lifecycle_manager.cpp:message:568"
"[34m[1mCreating and initializing lifecycle service clients[0m[0m";"20";"lifecycle_manager_localization";"1748014956.270409493";"./src/lifecycle_manager.cpp:message:568"
"Creating";"20";"lifecycle_manager_localization";"1748014956.262510838";"./src/lifecycle_manager.cpp:LifecycleManager:38"
"Creating";"20";"amcl";"1748014956.273545844";"./src/amcl_node.cpp:AmclNode:65"
"
	amcl lifecycle node launched. 
	Waiting on external lifecycle transitions to activate
	See https://design.ros2.org/articles/node_lifecycle.html for more information.";"20";"amcl";"1748014956.270600244";"./src/lifecycle_node.cpp:printLifecycleNodeNotification:159"
"Timed out waiting for transform from base_link to map to become available, tf error: Invalid frame ID \"map\" passed to canTransform argument target_frame - frame does not exist";"20";"global_costmap.global_costmap";"1748014956.087807116";"./src/costmap_2d_ros.cpp:on_activate:293"
"Timed out waiting for transform from base_link to map to become available, tf error: Invalid frame ID \"map\" passed to canTransform argument target_frame - frame does not exist";"20";"global_costmap.global_costmap";"1748014955.587813256";"./src/costmap_2d_ros.cpp:on_activate:293"
"Timed out waiting for transform from base_link to map to become available, tf error: Invalid frame ID \"map\" passed to canTransform argument target_frame - frame does not exist";"20";"global_costmap.global_costmap";"1748014955.087805589";"./src/costmap_2d_ros.cpp:on_activate:293"
"Timed out waiting for transform from base_link to map to become available, tf error: Invalid frame ID \"map\" passed to canTransform argument target_frame - frame does not exist";"20";"global_costmap.global_costmap";"1748014954.587813996";"./src/costmap_2d_ros.cpp:on_activate:293"
"Timed out waiting for transform from base_link to map to become available, tf error: Invalid frame ID \"map\" passed to canTransform argument target_frame - frame does not exist";"20";"global_costmap.global_costmap";"1748014954.087752869";"./src/costmap_2d_ros.cpp:on_activate:293"
"Checking transform";"20";"global_costmap.global_costmap";"1748014954.087694822";"./src/costmap_2d_ros.cpp:on_activate:284"
"Activating";"20";"global_costmap.global_costmap";"1748014954.087665631";"./src/costmap_2d_ros.cpp:on_activate:277"
"Activating";"20";"planner_server";"1748014954.087597631";"./src/planner_server.cpp:on_activate:184"
"[34m[1mActivating planner_server[0m[0m";"20";"lifecycle_manager_navigation";"1748014954.087358099";"./src/lifecycle_manager.cpp:message:568"
"Server smoother_server connected with bond.";"20";"lifecycle_manager_navigation";"1748014954.087285578";"./src/lifecycle_manager.cpp:createBondConnection:237"
"Creating bond (smoother_server) to lifecycle manager.";"20";"smoother_server";"1748014953.984789188";"./src/lifecycle_node.cpp:createBond:74"
"Activating";"20";"smoother_server";"1748014953.984725883";"./src/nav2_smoother.cpp:on_activate:168"
"[34m[1mActivating smoother_server[0m[0m";"20";"lifecycle_manager_navigation";"1748014953.984475839";"./src/lifecycle_manager.cpp:message:568"
"Server controller_server connected with bond.";"20";"lifecycle_manager_navigation";"1748014953.984417813";"./src/lifecycle_manager.cpp:createBondConnection:237"
"Creating bond (controller_server) to lifecycle manager.";"20";"controller_server";"1748014953.880553273";"./src/lifecycle_node.cpp:createBond:74"
"start";"20";"local_costmap.local_costmap";"1748014953.729904952";"./src/costmap_2d_ros.cpp:start:605"
"Checking transform";"20";"local_costmap.local_costmap";"1748014953.729800578";"./src/costmap_2d_ros.cpp:on_activate:284"
"Activating";"20";"local_costmap.local_costmap";"1748014953.729787952";"./src/costmap_2d_ros.cpp:on_activate:277"
"Activating";"20";"controller_server";"1748014953.729747352";"./src/controller_server.cpp:on_activate:262"
"[34m[1mActivating controller_server[0m[0m";"20";"lifecycle_manager_navigation";"1748014953.729562998";"./src/lifecycle_manager.cpp:message:568"
"Created waypoint_task_executor : wait_at_waypoint of type nav2_waypoint_follower::WaitAtWaypoint";"20";"waypoint_follower";"1748014953.728769996";"./src/waypoint_follower.cpp:on_configure:118"
"Configuring";"20";"waypoint_follower";"1748014953.716148872";"./src/waypoint_follower.cpp:on_configure:59"
"[34m[1mConfiguring waypoint_follower[0m[0m";"20";"lifecycle_manager_navigation";"1748014953.715901176";"./src/lifecycle_manager.cpp:message:568"
"Creating navigator id navigate_through_poses of type nav2_bt_navigator::NavigateThroughPosesNavigator";"20";"bt_navigator";"1748014953.695333086";"./src/bt_navigator.cpp:on_configure:122"
"Creating navigator id navigate_to_pose of type nav2_bt_navigator::NavigateToPoseNavigator";"20";"bt_navigator";"1748014953.627441940";"./src/bt_navigator.cpp:on_configure:122"
"Configuring";"20";"bt_navigator";"1748014953.621133587";"./src/bt_navigator.cpp:on_configure:61"
"[34m[1mConfiguring bt_navigator[0m[0m";"20";"lifecycle_manager_navigation";"1748014953.620852168";"./src/lifecycle_manager.cpp:message:568"
"Configuring wait";"20";"behavior_server";"1748014953.616622013";"./include/nav2_behaviors/timed_behavior.hpp:configure:126"
"Configuring assisted_teleop";"20";"behavior_server";"1748014953.611598359";"./include/nav2_behaviors/timed_behavior.hpp:configure:126"
"Configuring drive_on_heading";"20";"behavior_server";"1748014953.607360864";"./include/nav2_behaviors/timed_behavior.hpp:configure:126"
"Configuring backup";"20";"behavior_server";"1748014953.602325893";"./include/nav2_behaviors/timed_behavior.hpp:configure:126"
"Configuring spin";"20";"behavior_server";"1748014953.595757517";"./include/nav2_behaviors/timed_behavior.hpp:configure:126"
"Creating behavior plugin wait of type nav2_behaviors::Wait";"20";"behavior_server";"1748014953.587270913";"./src/behavior_server.cpp:loadBehaviorPlugins:111"
"Creating behavior plugin assisted_teleop of type nav2_behaviors::AssistedTeleop";"20";"behavior_server";"1748014953.583272558";"./src/behavior_server.cpp:loadBehaviorPlugins:111"
"Creating behavior plugin drive_on_heading of type nav2_behaviors::DriveOnHeading";"20";"behavior_server";"1748014953.581222096";"./src/behavior_server.cpp:loadBehaviorPlugins:111"
"Creating behavior plugin backup of type nav2_behaviors::BackUp";"20";"behavior_server";"1748014953.579774450";"./src/behavior_server.cpp:loadBehaviorPlugins:111"
"Creating behavior plugin spin of type nav2_behaviors::Spin";"20";"behavior_server";"1748014953.577733394";"./src/behavior_server.cpp:loadBehaviorPlugins:111"
"Configuring";"20";"behavior_server";"1748014953.572484150";"./src/behavior_server.cpp:on_configure:83"
"[34m[1mConfiguring behavior_server[0m[0m";"20";"lifecycle_manager_navigation";"1748014953.572236730";"./src/lifecycle_manager.cpp:message:568"
"Planner Server has GridBased  planners available.";"20";"planner_server";"1748014953.565883728";"./src/planner_server.cpp:on_configure:133"
"Configurating plugin  of type NavfnPlanner";"20";"planner_server";"1748014953.564336984";"/root/ff_ws/src/DStar-Trajectory-Planner/src/trajectory_planner_plugin.cpp:configure:92"
"Created global planner plugin GridBased of type dstar_global_planner/DStarGlobalPlanner";"20";"planner_server";"1748014953.564235607";"./src/planner_server.cpp:on_configure:115"
"Initialized plugin \"inflation_layer\"";"20";"global_costmap.global_costmap";"1748014953.548896462";"./src/costmap_2d_ros.cpp:on_configure:200"
"Using plugin \"inflation_layer\"";"20";"global_costmap.global_costmap";"1748014953.548132834";"./src/costmap_2d_ros.cpp:on_configure:179"
"Initialized plugin \"obstacle_layer\"";"20";"global_costmap.global_costmap";"1748014953.548079265";"./src/costmap_2d_ros.cpp:on_configure:200"
"Subscribed to Topics: scan";"20";"global_costmap.global_costmap";"1748014953.544062144";"./plugins/obstacle_layer.cpp:onInitialize:113"
"Using plugin \"obstacle_layer\"";"20";"global_costmap.global_costmap";"1748014953.542964753";"./src/costmap_2d_ros.cpp:on_configure:179"
"Initialized plugin \"static_layer\"";"20";"global_costmap.global_costmap";"1748014953.542894014";"./src/costmap_2d_ros.cpp:on_configure:200"
"Subscribing to the map topic (/map) with transient local durability";"20";"global_costmap.global_costmap";"1748014953.541600073";"./plugins/static_layer.cpp:onInitialize:83"
"Using plugin \"static_layer\"";"20";"global_costmap.global_costmap";"1748014953.536483461";"./src/costmap_2d_ros.cpp:on_configure:179"
"Configuring";"20";"global_costmap.global_costmap";"1748014953.528548029";"./src/costmap_2d_ros.cpp:on_configure:146"
"Configuring";"20";"planner_server";"1748014953.528429664";"./src/planner_server.cpp:on_configure:85"
"[34m[1mConfiguring planner_server[0m[0m";"20";"lifecycle_manager_navigation";"1748014953.528068539";"./src/lifecycle_manager.cpp:message:568"
"Smoother Server has simple_smoother  smoothers available.";"20";"smoother_server";"1748014953.522242189";"./src/nav2_smoother.cpp:loadSmootherPlugins:158"
"Created smoother : simple_smoother of type nav2_smoother::SimpleSmoother";"20";"smoother_server";"1748014953.521534338";"./src/nav2_smoother.cpp:loadSmootherPlugins:139"
"Configuring smoother server";"20";"smoother_server";"1748014953.509804940";"./src/nav2_smoother.cpp:on_configure:68"
"[34m[1mConfiguring smoother_server[0m[0m";"20";"lifecycle_manager_navigation";"1748014953.509438481";"./src/lifecycle_manager.cpp:message:568"
"Controller Server has FollowPath  controllers available.";"20";"controller_server";"1748014953.502830390";"./src/controller_server.cpp:on_configure:219"
"Critic plugin initialized";"20";"controller_server";"1748014953.502775730";"./src/dwb_local_planner.cpp:loadCritics:233"
"Using critic \"GoalDist\" (dwb_critics::GoalDistCritic)";"20";"controller_server";"1748014953.502153607";"./src/dwb_local_planner.cpp:loadCritics:221"
"Critic plugin initialized";"20";"controller_server";"1748014953.501923908";"./src/dwb_local_planner.cpp:loadCritics:233"
"Using critic \"PathDist\" (dwb_critics::PathDistCritic)";"20";"controller_server";"1748014953.501258574";"./src/dwb_local_planner.cpp:loadCritics:221"
"Critic plugin initialized";"20";"controller_server";"1748014953.501006145";"./src/dwb_local_planner.cpp:loadCritics:233"
"Using critic \"PathAlign\" (dwb_critics::PathAlignCritic)";"20";"controller_server";"1748014953.500177539";"./src/dwb_local_planner.cpp:loadCritics:221"
"Critic plugin initialized";"20";"controller_server";"1748014953.499891027";"./src/dwb_local_planner.cpp:loadCritics:233"
"Using critic \"GoalAlign\" (dwb_critics::GoalAlignCritic)";"20";"controller_server";"1748014953.498827803";"./src/dwb_local_planner.cpp:loadCritics:221"
"Critic plugin initialized";"20";"controller_server";"1748014953.498625458";"./src/dwb_local_planner.cpp:loadCritics:233"
"Using critic \"BaseObstacle\" (dwb_critics::BaseObstacleCritic)";"20";"controller_server";"1748014953.498295120";"./src/dwb_local_planner.cpp:loadCritics:221"
"Critic plugin initialized";"20";"controller_server";"1748014953.498073538";"./src/dwb_local_planner.cpp:loadCritics:233"
"Using critic \"Oscillation\" (dwb_critics::OscillationCritic)";"20";"controller_server";"1748014953.497207704";"./src/dwb_local_planner.cpp:loadCritics:221"
"Critic plugin initialized";"20";"controller_server";"1748014953.496970437";"./src/dwb_local_planner.cpp:loadCritics:233"
"Using critic \"RotateToGoal\" (dwb_critics::RotateToGoalCritic)";"20";"controller_server";"1748014953.496124236";"./src/dwb_local_planner.cpp:loadCritics:221"
"Setting transform_tolerance to 0.200000";"20";"controller_server";"1748014953.482330657";"./src/dwb_local_planner.cpp:configure:117"
"Created controller : FollowPath of type dwb_core::DWBLocalPlanner";"20";"controller_server";"1748014953.481055706";"./src/controller_server.cpp:on_configure:199"
"Controller Server has goal_checker  goal checkers available.";"20";"controller_server";"1748014953.472137932";"./src/controller_server.cpp:on_configure:190"
"Created goal checker : goal_checker of type nav2_controller::SimpleGoalChecker";"20";"controller_server";"1748014953.471098163";"./src/controller_server.cpp:on_configure:172"
"Controller Server has progress_checker  progress checkers available.";"20";"controller_server";"1748014953.469854116";"./src/controller_server.cpp:on_configure:163"
"Created progress_checker : progress_checker of type nav2_controller::SimpleProgressChecker";"20";"controller_server";"1748014953.469410427";"./src/controller_server.cpp:on_configure:145"
"Initialized plugin \"inflation_layer\"";"20";"local_costmap.local_costmap";"1748014953.449505916";"./src/costmap_2d_ros.cpp:on_configure:200"
"Using plugin \"inflation_layer\"";"20";"local_costmap.local_costmap";"1748014953.448447488";"./src/costmap_2d_ros.cpp:on_configure:179"
"Initialized plugin \"voxel_layer\"";"20";"local_costmap.local_costmap";"1748014953.448378774";"./src/costmap_2d_ros.cpp:on_configure:200"
"Subscribed to Topics: scan";"20";"local_costmap.local_costmap";"1748014953.438216895";"./plugins/obstacle_layer.cpp:onInitialize:113"
"Using plugin \"voxel_layer\"";"20";"local_costmap.local_costmap";"1748014953.432990587";"./src/costmap_2d_ros.cpp:on_configure:179"
"Configuring";"20";"local_costmap.local_costmap";"1748014953.425035547";"./src/costmap_2d_ros.cpp:on_configure:146"
"Controller frequency set to 20.0000Hz";"20";"controller_server";"1748014953.424914818";"./src/controller_server.cpp:on_configure:128"
"getting goal checker plugins..";"20";"controller_server";"1748014953.424222642";"./src/controller_server.cpp:on_configure:101"
"getting progress checker plugins..";"20";"controller_server";"1748014953.424031036";"./src/controller_server.cpp:on_configure:91"
"Configuring controller interface";"20";"controller_server";"1748014953.423991776";"./src/controller_server.cpp:on_configure:89"
"[34m[1mConfiguring controller_server[0m[0m";"20";"lifecycle_manager_navigation";"1748014953.423749099";"./src/lifecycle_manager.cpp:message:568"
"[34m[1mStarting managed nodes bringup...[0m[0m";"20";"lifecycle_manager_navigation";"1748014953.423670392";"./src/lifecycle_manager.cpp:message:568"
"
	behavior_server lifecycle node launched. 
	Waiting on external lifecycle transitions to activate
	See https://design.ros2.org/articles/node_lifecycle.html for more information.";"20";"behavior_server";"1748014953.211412116";"./src/lifecycle_node.cpp:printLifecycleNodeNotification:159"
"Creating Costmap";"20";"local_costmap.local_costmap";"1748014953.219026283";"./src/costmap_2d_ros.cpp:init:110"
"
	local_costmap lifecycle node launched. 
	Waiting on external lifecycle transitions to activate
	See https://design.ros2.org/articles/node_lifecycle.html for more information.";"20";"local_costmap.local_costmap";"1748014953.217458198";"./src/lifecycle_node.cpp:printLifecycleNodeNotification:159"
"[34m[1mCreating and initializing lifecycle service clients[0m[0m";"20";"lifecycle_manager_navigation";"1748014953.195614807";"./src/lifecycle_manager.cpp:message:568"
"Creating";"20";"lifecycle_manager_navigation";"1748014953.188454542";"./src/lifecycle_manager.cpp:LifecycleManager:38"
"Creating";"20";"bt_navigator";"1748014953.210456302";"./src/bt_navigator.cpp:BtNavigator:40"
"
	bt_navigator lifecycle node launched. 
	Waiting on external lifecycle transitions to activate
	See https://design.ros2.org/articles/node_lifecycle.html for more information.";"20";"bt_navigator";"1748014953.204097280";"./src/lifecycle_node.cpp:printLifecycleNodeNotification:159"
"Creating smoother server";"20";"smoother_server";"1748014953.213618483";"./src/nav2_smoother.cpp:SmootherServer:41"
"
	smoother_server lifecycle node launched. 
	Waiting on external lifecycle transitions to activate
	See https://design.ros2.org/articles/node_lifecycle.html for more information.";"20";"smoother_server";"1748014953.203925857";"./src/lifecycle_node.cpp:printLifecycleNodeNotification:159"
"Creating Costmap";"20";"global_costmap.global_costmap";"1748014953.210434015";"./src/costmap_2d_ros.cpp:init:110"
"
	global_costmap lifecycle node launched. 
	Waiting on external lifecycle transitions to activate
	See https://design.ros2.org/articles/node_lifecycle.html for more information.";"20";"global_costmap.global_costmap";"1748014953.204540277";"./src/lifecycle_node.cpp:printLifecycleNodeNotification:159"
"Creating controller server";"20";"controller_server";"1748014953.202537563";"./src/controller_server.cpp:ControllerServer:50"
"Creating";"20";"waypoint_follower";"1748014953.194535696";"./src/waypoint_follower.cpp:WaypointFollower:35"
"
	waypoint_follower lifecycle node launched. 
	Waiting on external lifecycle transitions to activate
	See https://design.ros2.org/articles/node_lifecycle.html for more information.";"20";"waypoint_follower";"1748014953.192464531";"./src/lifecycle_node.cpp:printLifecycleNodeNotification:159"
"
	controller_server lifecycle node launched. 
	Waiting on external lifecycle transitions to activate
	See https://design.ros2.org/articles/node_lifecycle.html for more information.";"20";"controller_server";"1748014953.183254379";"./src/lifecycle_node.cpp:printLifecycleNodeNotification:159"
"Creating";"20";"planner_server";"1748014953.182512312";"./src/planner_server.cpp:PlannerServer:51"
"
	planner_server lifecycle node launched. 
	Waiting on external lifecycle transitions to activate
	See https://design.ros2.org/articles/node_lifecycle.html for more information.";"20";"planner_server";"1748014953.174421545";"./src/lifecycle_node.cpp:printLifecycleNodeNotification:159"
"Entity creation successful.";"20";"ros_gz_sim";"1748014938.903313420";"./src/create.cpp:main:267"
"Waiting messages on topic [/robot_description].";"20";"ros_gz_sim";"1748014938.897942538";"./src/create.cpp:set_XML_from_topic:80"
"Starting LiftManager";"20";"rmf_simulation_lift_manager";"1748014938.686818657";"/root/ff_ws/src/rmf/rmf_simulation/rmf_building_sim_gz_plugins/src/lift.cpp:Configure:506"
"Loading DoorManager";"20";"rmf_simulation_door_manager";"1748014938.675454338";"/root/ff_ws/src/rmf/rmf_simulation/rmf_building_sim_gz_plugins/src/door.cpp:Configure:180"
"Stereo is NOT SUPPORTED";"20";"rviz2";"1748014938.337400929";"./src/main.cpp:operator():77"
"OpenGl version: 4.6 (GLSL 4.6)";"20";"rviz2";"1748014938.324464267";"./src/main.cpp:operator():77"
"Stereo is NOT SUPPORTED";"20";"rviz2";"1748014938.324364969";"./src/main.cpp:operator():77"
"Creating ROS->GZ Bridge: [/imu/data (sensor_msgs/msg/Imu) -> /imu/data (gz.msgs.IMU)] (Lazy 0)";"20";"ros_gz_bridge";"1748014938.232523757";"./src/ros_gz_bridge.cpp:add_bridge:105"
"Creating GZ->ROS Bridge: [/imu/data (gz.msgs.IMU) -> /imu/data (sensor_msgs/msg/Imu)] (Lazy 0)";"20";"ros_gz_bridge";"1748014938.231558688";"./src/ros_gz_bridge.cpp:add_bridge:90"
"Creating ROS->GZ Bridge: [/scan (sensor_msgs/msg/LaserScan) -> /scan (gz.msgs.LaserScan)] (Lazy 0)";"20";"ros_gz_bridge";"1748014938.231019465";"./src/ros_gz_bridge.cpp:add_bridge:105"
"Creating GZ->ROS Bridge: [/scan (gz.msgs.LaserScan) -> /scan (sensor_msgs/msg/LaserScan)] (Lazy 0)";"20";"ros_gz_bridge";"1748014938.230406668";"./src/ros_gz_bridge.cpp:add_bridge:90"
"Creating GZ->ROS Bridge: [/joint_states (gz.msgs.Model) -> /joint_states (sensor_msgs/msg/JointState)] (Lazy 0)";"20";"ros_gz_bridge";"1748014938.228860182";"./src/ros_gz_bridge.cpp:add_bridge:90"
"Creating GZ->ROS Bridge: [/tf (ignition.msgs.Pose_V) -> /tf (tf2_msgs/msg/TFMessage)] (Lazy 0)";"20";"ros_gz_bridge";"1748014938.227242401";"./src/ros_gz_bridge.cpp:add_bridge:90"
"Creating ROS->GZ Bridge: [/odometry/wheels (nav_msgs/msg/Odometry) -> /odometry/wheels (ignition.msgs.Odometry)] (Lazy 0)";"20";"ros_gz_bridge";"1748014938.226535029";"./src/ros_gz_bridge.cpp:add_bridge:105"
"Creating GZ->ROS Bridge: [/odometry/wheels (ignition.msgs.Odometry) -> /odometry/wheels (nav_msgs/msg/Odometry)] (Lazy 0)";"20";"ros_gz_bridge";"1748014938.224977964";"./src/ros_gz_bridge.cpp:add_bridge:90"
"Creating GZ->ROS Bridge: [/clock (ignition.msgs.Clock) -> /clock (rosgraph_msgs/msg/Clock)] (Lazy 0)";"20";"ros_gz_bridge";"1748014938.224312185";"./src/ros_gz_bridge.cpp:add_bridge:90"
"Creating ROS->GZ Bridge: [/cmd_vel (geometry_msgs/msg/Twist) -> /cmd_vel (ignition.msgs.Twist)] (Lazy 0)";"20";"ros_gz_bridge";"1748014938.223855257";"./src/ros_gz_bridge.cpp:add_bridge:105"
"Creating GZ->ROS Bridge: [/cmd_vel (ignition.msgs.Twist) -> /cmd_vel (geometry_msgs/msg/Twist)] (Lazy 0)";"20";"ros_gz_bridge";"1748014938.222896586";"./src/ros_gz_bridge.cpp:add_bridge:90"
"Requesting list of world names.";"20";"ros_gz_sim";"1748014938.206151116";"./src/create.cpp:main:159"
"Robot initialized";"20";"robot_state_publisher";"1748014938.201293014";"./src/robot_state_publisher.cpp:setupURDF:215"
"[compute_path_to_pose] [ActionServer] Action callback is still running and missed deadline to stop";"40";"planner_server";"1748014921.256393099";"/opt/ros/jazzy/include/nav2_util/nav2_util/simple_action_server.hpp:error_msg:623"
"[compute_path_to_pose] [ActionServer] Waiting for async process to finish.";"20";"planner_server";"1748014921.256295157";"/opt/ros/jazzy/include/nav2_util/nav2_util/simple_action_server.hpp:info_msg:603"
"[compute_path_to_pose] [ActionServer] Action callback is still running and missed deadline to stop";"40";"planner_server";"1748014921.156168477";"/opt/ros/jazzy/include/nav2_util/nav2_util/simple_action_server.hpp:error_msg:623"
"[compute_path_to_pose] [ActionServer] Waiting for async process to finish.";"20";"planner_server";"1748014921.156066896";"/opt/ros/jazzy/include/nav2_util/nav2_util/simple_action_server.hpp:info_msg:603"
"[compute_path_to_pose] [ActionServer] Action callback is still running and missed deadline to stop";"40";"planner_server";"1748014921.055837325";"/opt/ros/jazzy/include/nav2_util/nav2_util/simple_action_server.hpp:error_msg:623"
"[compute_path_to_pose] [ActionServer] Waiting for async process to finish.";"20";"planner_server";"1748014921.055735254";"/opt/ros/jazzy/include/nav2_util/nav2_util/simple_action_server.hpp:info_msg:603"
"[compute_path_to_pose] [ActionServer] Action callback is still running and missed deadline to stop";"40";"planner_server";"1748014920.955498271";"/opt/ros/jazzy/include/nav2_util/nav2_util/simple_action_server.hpp:error_msg:623"
"[compute_path_to_pose] [ActionServer] Waiting for async process to finish.";"20";"planner_server";"1748014920.955393868";"/opt/ros/jazzy/include/nav2_util/nav2_util/simple_action_server.hpp:info_msg:603"
"[compute_path_to_pose] [ActionServer] Action callback is still running and missed deadline to stop";"40";"planner_server";"1748014920.855164306";"/opt/ros/jazzy/include/nav2_util/nav2_util/simple_action_server.hpp:error_msg:623"
"[compute_path_to_pose] [ActionServer] Waiting for async process to finish.";"20";"planner_server";"1748014920.855055373";"/opt/ros/jazzy/include/nav2_util/nav2_util/simple_action_server.hpp:info_msg:603"
"[compute_path_to_pose] [ActionServer] Action callback is still running and missed deadline to stop";"40";"planner_server";"1748014920.754822662";"/opt/ros/jazzy/include/nav2_util/nav2_util/simple_action_server.hpp:error_msg:623"
"[compute_path_to_pose] [ActionServer] Waiting for async process to finish.";"20";"planner_server";"1748014920.754708180";"/opt/ros/jazzy/include/nav2_util/nav2_util/simple_action_server.hpp:info_msg:603"
"[compute_path_to_pose] [ActionServer] Action callback is still running and missed deadline to stop";"40";"planner_server";"1748014920.654487866";"/opt/ros/jazzy/include/nav2_util/nav2_util/simple_action_server.hpp:error_msg:623"
"[compute_path_to_pose] [ActionServer] Waiting for async process to finish.";"20";"planner_server";"1748014920.654383778";"/opt/ros/jazzy/include/nav2_util/nav2_util/simple_action_server.hpp:info_msg:603"
"[compute_path_to_pose] [ActionServer] Action callback is still running and missed deadline to stop";"40";"planner_server";"1748014920.554156230";"/opt/ros/jazzy/include/nav2_util/nav2_util/simple_action_server.hpp:error_msg:623"
"[compute_path_to_pose] [ActionServer] Waiting for async process to finish.";"20";"planner_server";"1748014920.554051578";"/opt/ros/jazzy/include/nav2_util/nav2_util/simple_action_server.hpp:info_msg:603"
"[compute_path_to_pose] [ActionServer] Action callback is still running and missed deadline to stop";"40";"planner_server";"1748014920.453816710";"/opt/ros/jazzy/include/nav2_util/nav2_util/simple_action_server.hpp:error_msg:623"
"[compute_path_to_pose] [ActionServer] Waiting for async process to finish.";"20";"planner_server";"1748014920.453710601";"/opt/ros/jazzy/include/nav2_util/nav2_util/simple_action_server.hpp:info_msg:603"
"[compute_path_to_pose] [ActionServer] Action callback is still running and missed deadline to stop";"40";"planner_server";"1748014920.353481750";"/opt/ros/jazzy/include/nav2_util/nav2_util/simple_action_server.hpp:error_msg:623"
"[compute_path_to_pose] [ActionServer] Waiting for async process to finish.";"20";"planner_server";"1748014920.353374204";"/opt/ros/jazzy/include/nav2_util/nav2_util/simple_action_server.hpp:info_msg:603"
"[compute_path_to_pose] [ActionServer] Action callback is still running and missed deadline to stop";"40";"planner_server";"1748014920.253111948";"/opt/ros/jazzy/include/nav2_util/nav2_util/simple_action_server.hpp:error_msg:623"
"[compute_path_to_pose] [ActionServer] Waiting for async process to finish.";"20";"planner_server";"1748014920.252992744";"/opt/ros/jazzy/include/nav2_util/nav2_util/simple_action_server.hpp:info_msg:603"
"[compute_path_to_pose] [ActionServer] Action callback is still running and missed deadline to stop";"40";"planner_server";"1748014920.152872660";"/opt/ros/jazzy/include/nav2_util/nav2_util/simple_action_server.hpp:error_msg:623"
"[compute_path_to_pose] [ActionServer] Waiting for async process to finish.";"20";"planner_server";"1748014920.152772047";"/opt/ros/jazzy/include/nav2_util/nav2_util/simple_action_server.hpp:info_msg:603"
"[compute_path_to_pose] [ActionServer] Action callback is still running and missed deadline to stop";"40";"planner_server";"1748014920.052656845";"/opt/ros/jazzy/include/nav2_util/nav2_util/simple_action_server.hpp:error_msg:623"
"[compute_path_to_pose] [ActionServer] Waiting for async process to finish.";"20";"planner_server";"1748014920.052533431";"/opt/ros/jazzy/include/nav2_util/nav2_util/simple_action_server.hpp:info_msg:603"
"[compute_path_to_pose] [ActionServer] Action callback is still running and missed deadline to stop";"40";"planner_server";"1748014919.952306309";"/opt/ros/jazzy/include/nav2_util/nav2_util/simple_action_server.hpp:error_msg:623"
"[compute_path_to_pose] [ActionServer] Waiting for async process to finish.";"20";"planner_server";"1748014919.952203441";"/opt/ros/jazzy/include/nav2_util/nav2_util/simple_action_server.hpp:info_msg:603"
"[compute_path_to_pose] [ActionServer] Action callback is still running and missed deadline to stop";"40";"planner_server";"1748014919.851958961";"/opt/ros/jazzy/include/nav2_util/nav2_util/simple_action_server.hpp:error_msg:623"
"[compute_path_to_pose] [ActionServer] Waiting for async process to finish.";"20";"planner_server";"1748014919.851848400";"/opt/ros/jazzy/include/nav2_util/nav2_util/simple_action_server.hpp:info_msg:603"
"[compute_path_to_pose] [ActionServer] Action callback is still running and missed deadline to stop";"40";"planner_server";"1748014919.751602313";"/opt/ros/jazzy/include/nav2_util/nav2_util/simple_action_server.hpp:error_msg:623"
"[compute_path_to_pose] [ActionServer] Waiting for async process to finish.";"20";"planner_server";"1748014919.751496235";"/opt/ros/jazzy/include/nav2_util/nav2_util/simple_action_server.hpp:info_msg:603"
"[compute_path_to_pose] [ActionServer] Action callback is still running and missed deadline to stop";"40";"planner_server";"1748014919.651261226";"/opt/ros/jazzy/include/nav2_util/nav2_util/simple_action_server.hpp:error_msg:623"
"[compute_path_to_pose] [ActionServer] Waiting for async process to finish.";"20";"planner_server";"1748014919.651127392";"/opt/ros/jazzy/include/nav2_util/nav2_util/simple_action_server.hpp:info_msg:603"
"[compute_path_to_pose] [ActionServer] Action callback is still running and missed deadline to stop";"40";"planner_server";"1748014919.550883391";"/opt/ros/jazzy/include/nav2_util/nav2_util/simple_action_server.hpp:error_msg:623"
"[compute_path_to_pose] [ActionServer] Waiting for async process to finish.";"20";"planner_server";"1748014919.550775613";"/opt/ros/jazzy/include/nav2_util/nav2_util/simple_action_server.hpp:info_msg:603"
"[compute_path_to_pose] [ActionServer] Action callback is still running and missed deadline to stop";"40";"planner_server";"1748014919.450608960";"/opt/ros/jazzy/include/nav2_util/nav2_util/simple_action_server.hpp:error_msg:623"
"[compute_path_to_pose] [ActionServer] Waiting for async process to finish.";"20";"planner_server";"1748014919.450483035";"/opt/ros/jazzy/include/nav2_util/nav2_util/simple_action_server.hpp:info_msg:603"
"[compute_path_to_pose] [ActionServer] Action callback is still running and missed deadline to stop";"40";"planner_server";"1748014919.350255792";"/opt/ros/jazzy/include/nav2_util/nav2_util/simple_action_server.hpp:error_msg:623"
"[compute_path_to_pose] [ActionServer] Waiting for async process to finish.";"20";"planner_server";"1748014919.350155629";"/opt/ros/jazzy/include/nav2_util/nav2_util/simple_action_server.hpp:info_msg:603"
"[compute_path_to_pose] [ActionServer] Action callback is still running and missed deadline to stop";"40";"planner_server";"1748014919.249920927";"/opt/ros/jazzy/include/nav2_util/nav2_util/simple_action_server.hpp:error_msg:623"
"[compute_path_to_pose] [ActionServer] Waiting for async process to finish.";"20";"planner_server";"1748014919.249814351";"/opt/ros/jazzy/include/nav2_util/nav2_util/simple_action_server.hpp:info_msg:603"
"[compute_path_to_pose] [ActionServer] Action callback is still running and missed deadline to stop";"40";"planner_server";"1748014919.149701543";"/opt/ros/jazzy/include/nav2_util/nav2_util/simple_action_server.hpp:error_msg:623"
"[compute_path_to_pose] [ActionServer] Waiting for async process to finish.";"20";"planner_server";"1748014919.149593876";"/opt/ros/jazzy/include/nav2_util/nav2_util/simple_action_server.hpp:info_msg:603"
"[compute_path_to_pose] [ActionServer] Action callback is still running and missed deadline to stop";"40";"planner_server";"1748014919.049351311";"/opt/ros/jazzy/include/nav2_util/nav2_util/simple_action_server.hpp:error_msg:623"
"[compute_path_to_pose] [ActionServer] Waiting for async process to finish.";"20";"planner_server";"1748014919.049205689";"/opt/ros/jazzy/include/nav2_util/nav2_util/simple_action_server.hpp:info_msg:603"
"[compute_path_to_pose] [ActionServer] Action callback is still running and missed deadline to stop";"40";"planner_server";"1748014918.948954237";"/opt/ros/jazzy/include/nav2_util/nav2_util/simple_action_server.hpp:error_msg:623"
"[compute_path_to_pose] [ActionServer] Waiting for async process to finish.";"20";"planner_server";"1748014918.948822980";"/opt/ros/jazzy/include/nav2_util/nav2_util/simple_action_server.hpp:info_msg:603"
"[compute_path_to_pose] [ActionServer] Action callback is still running and missed deadline to stop";"40";"planner_server";"1748014918.848589230";"/opt/ros/jazzy/include/nav2_util/nav2_util/simple_action_server.hpp:error_msg:623"
"[compute_path_to_pose] [ActionServer] Waiting for async process to finish.";"20";"planner_server";"1748014918.848472768";"/opt/ros/jazzy/include/nav2_util/nav2_util/simple_action_server.hpp:info_msg:603"
"[compute_path_to_pose] [ActionServer] Action callback is still running and missed deadline to stop";"40";"planner_server";"1748014918.748218137";"/opt/ros/jazzy/include/nav2_util/nav2_util/simple_action_server.hpp:error_msg:623"
"[compute_path_to_pose] [ActionServer] Waiting for async process to finish.";"20";"planner_server";"1748014918.748117037";"/opt/ros/jazzy/include/nav2_util/nav2_util/simple_action_server.hpp:info_msg:603"
"[compute_path_to_pose] [ActionServer] Action callback is still running and missed deadline to stop";"40";"planner_server";"1748014918.647975850";"/opt/ros/jazzy/include/nav2_util/nav2_util/simple_action_server.hpp:error_msg:623"
"[compute_path_to_pose] [ActionServer] Waiting for async process to finish.";"20";"planner_server";"1748014918.647868743";"/opt/ros/jazzy/include/nav2_util/nav2_util/simple_action_server.hpp:info_msg:603"
"[compute_path_to_pose] [ActionServer] Action callback is still running and missed deadline to stop";"40";"planner_server";"1748014918.547636536";"/opt/ros/jazzy/include/nav2_util/nav2_util/simple_action_server.hpp:error_msg:623"
"[compute_path_to_pose] [ActionServer] Waiting for async process to finish.";"20";"planner_server";"1748014918.547493522";"/opt/ros/jazzy/include/nav2_util/nav2_util/simple_action_server.hpp:info_msg:603"
"[compute_path_to_pose] [ActionServer] Action callback is still running and missed deadline to stop";"40";"planner_server";"1748014918.447250703";"/opt/ros/jazzy/include/nav2_util/nav2_util/simple_action_server.hpp:error_msg:623"
"[compute_path_to_pose] [ActionServer] Waiting for async process to finish.";"20";"planner_server";"1748014918.447140609";"/opt/ros/jazzy/include/nav2_util/nav2_util/simple_action_server.hpp:info_msg:603"
"[compute_path_to_pose] [ActionServer] Action callback is still running and missed deadline to stop";"40";"planner_server";"1748014918.346906284";"/opt/ros/jazzy/include/nav2_util/nav2_util/simple_action_server.hpp:error_msg:623"
"[compute_path_to_pose] [ActionServer] Waiting for async process to finish.";"20";"planner_server";"1748014918.346792688";"/opt/ros/jazzy/include/nav2_util/nav2_util/simple_action_server.hpp:info_msg:603"
"[compute_path_to_pose] [ActionServer] Action callback is still running and missed deadline to stop";"40";"planner_server";"1748014918.246669326";"/opt/ros/jazzy/include/nav2_util/nav2_util/simple_action_server.hpp:error_msg:623"
"[compute_path_to_pose] [ActionServer] Waiting for async process to finish.";"20";"planner_server";"1748014918.246531808";"/opt/ros/jazzy/include/nav2_util/nav2_util/simple_action_server.hpp:info_msg:603"
"[compute_path_to_pose] [ActionServer] Action callback is still running and missed deadline to stop";"40";"planner_server";"1748014918.146284221";"/opt/ros/jazzy/include/nav2_util/nav2_util/simple_action_server.hpp:error_msg:623"
"[compute_path_to_pose] [ActionServer] Waiting for async process to finish.";"20";"planner_server";"1748014918.146177450";"/opt/ros/jazzy/include/nav2_util/nav2_util/simple_action_server.hpp:info_msg:603"
"[compute_path_to_pose] [ActionServer] Action callback is still running and missed deadline to stop";"40";"planner_server";"1748014918.045940512";"/opt/ros/jazzy/include/nav2_util/nav2_util/simple_action_server.hpp:error_msg:623"
"[compute_path_to_pose] [ActionServer] Waiting for async process to finish.";"20";"planner_server";"1748014918.045833962";"/opt/ros/jazzy/include/nav2_util/nav2_util/simple_action_server.hpp:info_msg:603"
"[compute_path_to_pose] [ActionServer] Action callback is still running and missed deadline to stop";"40";"planner_server";"1748014917.945591066";"/opt/ros/jazzy/include/nav2_util/nav2_util/simple_action_server.hpp:error_msg:623"
"[compute_path_to_pose] [ActionServer] Waiting for async process to finish.";"20";"planner_server";"1748014917.945451736";"/opt/ros/jazzy/include/nav2_util/nav2_util/simple_action_server.hpp:info_msg:603"
"[compute_path_to_pose] [ActionServer] Action callback is still running and missed deadline to stop";"40";"planner_server";"1748014917.845197400";"/opt/ros/jazzy/include/nav2_util/nav2_util/simple_action_server.hpp:error_msg:623"
"[compute_path_to_pose] [ActionServer] Waiting for async process to finish.";"20";"planner_server";"1748014917.845064213";"/opt/ros/jazzy/include/nav2_util/nav2_util/simple_action_server.hpp:info_msg:603"
"[compute_path_to_pose] [ActionServer] Action callback is still running and missed deadline to stop";"40";"planner_server";"1748014917.744919551";"/opt/ros/jazzy/include/nav2_util/nav2_util/simple_action_server.hpp:error_msg:623"
"[compute_path_to_pose] [ActionServer] Waiting for async process to finish.";"20";"planner_server";"1748014917.744798533";"/opt/ros/jazzy/include/nav2_util/nav2_util/simple_action_server.hpp:info_msg:603"
"[compute_path_to_pose] [ActionServer] Action callback is still running and missed deadline to stop";"40";"planner_server";"1748014917.644603501";"/opt/ros/jazzy/include/nav2_util/nav2_util/simple_action_server.hpp:error_msg:623"
"[compute_path_to_pose] [ActionServer] Waiting for async process to finish.";"20";"planner_server";"1748014917.644483909";"/opt/ros/jazzy/include/nav2_util/nav2_util/simple_action_server.hpp:info_msg:603"
"[compute_path_to_pose] [ActionServer] Action callback is still running and missed deadline to stop";"40";"planner_server";"1748014917.544244874";"/opt/ros/jazzy/include/nav2_util/nav2_util/simple_action_server.hpp:error_msg:623"
"[compute_path_to_pose] [ActionServer] Waiting for async process to finish.";"20";"planner_server";"1748014917.544144903";"/opt/ros/jazzy/include/nav2_util/nav2_util/simple_action_server.hpp:info_msg:603"
"[compute_path_to_pose] [ActionServer] Action callback is still running and missed deadline to stop";"40";"planner_server";"1748014917.443994290";"/opt/ros/jazzy/include/nav2_util/nav2_util/simple_action_server.hpp:error_msg:623"
"[compute_path_to_pose] [ActionServer] Waiting for async process to finish.";"20";"planner_server";"1748014917.443867375";"/opt/ros/jazzy/include/nav2_util/nav2_util/simple_action_server.hpp:info_msg:603"
"[compute_path_to_pose] [ActionServer] Action callback is still running and missed deadline to stop";"40";"planner_server";"1748014917.343667443";"/opt/ros/jazzy/include/nav2_util/nav2_util/simple_action_server.hpp:error_msg:623"
"[compute_path_to_pose] [ActionServer] Waiting for async process to finish.";"20";"planner_server";"1748014917.343577104";"/opt/ros/jazzy/include/nav2_util/nav2_util/simple_action_server.hpp:info_msg:603"
"[compute_path_to_pose] [ActionServer] Action callback is still running and missed deadline to stop";"40";"planner_server";"1748014917.243463349";"/opt/ros/jazzy/include/nav2_util/nav2_util/simple_action_server.hpp:error_msg:623"
"[compute_path_to_pose] [ActionServer] Waiting for async process to finish.";"20";"planner_server";"1748014917.243358803";"/opt/ros/jazzy/include/nav2_util/nav2_util/simple_action_server.hpp:info_msg:603"
"[compute_path_to_pose] [ActionServer] Action callback is still running and missed deadline to stop";"40";"planner_server";"1748014917.143201551";"/opt/ros/jazzy/include/nav2_util/nav2_util/simple_action_server.hpp:error_msg:623"
"[compute_path_to_pose] [ActionServer] Waiting for async process to finish.";"20";"planner_server";"1748014917.143072834";"/opt/ros/jazzy/include/nav2_util/nav2_util/simple_action_server.hpp:info_msg:603"
"[compute_path_to_pose] [ActionServer] Action callback is still running and missed deadline to stop";"40";"planner_server";"1748014917.042892015";"/opt/ros/jazzy/include/nav2_util/nav2_util/simple_action_server.hpp:error_msg:623"
"[compute_path_to_pose] [ActionServer] Waiting for async process to finish.";"20";"planner_server";"1748014917.042778289";"/opt/ros/jazzy/include/nav2_util/nav2_util/simple_action_server.hpp:info_msg:603"
"[compute_path_to_pose] [ActionServer] Action callback is still running and missed deadline to stop";"40";"planner_server";"1748014916.942617843";"/opt/ros/jazzy/include/nav2_util/nav2_util/simple_action_server.hpp:error_msg:623"
"[compute_path_to_pose] [ActionServer] Waiting for async process to finish.";"20";"planner_server";"1748014916.942503958";"/opt/ros/jazzy/include/nav2_util/nav2_util/simple_action_server.hpp:info_msg:603"
"[compute_path_to_pose] [ActionServer] Action callback is still running and missed deadline to stop";"40";"planner_server";"1748014916.842322507";"/opt/ros/jazzy/include/nav2_util/nav2_util/simple_action_server.hpp:error_msg:623"
"[compute_path_to_pose] [ActionServer] Waiting for async process to finish.";"20";"planner_server";"1748014916.842219737";"/opt/ros/jazzy/include/nav2_util/nav2_util/simple_action_server.hpp:info_msg:603"
"[compute_path_to_pose] [ActionServer] Action callback is still running and missed deadline to stop";"40";"planner_server";"1748014916.742060106";"/opt/ros/jazzy/include/nav2_util/nav2_util/simple_action_server.hpp:error_msg:623"
"[compute_path_to_pose] [ActionServer] Waiting for async process to finish.";"20";"planner_server";"1748014916.741934719";"/opt/ros/jazzy/include/nav2_util/nav2_util/simple_action_server.hpp:info_msg:603"
"[compute_path_to_pose] [ActionServer] Action callback is still running and missed deadline to stop";"40";"planner_server";"1748014916.641769287";"/opt/ros/jazzy/include/nav2_util/nav2_util/simple_action_server.hpp:error_msg:623"
"[compute_path_to_pose] [ActionServer] Waiting for async process to finish.";"20";"planner_server";"1748014916.641662255";"/opt/ros/jazzy/include/nav2_util/nav2_util/simple_action_server.hpp:info_msg:603"
"[compute_path_to_pose] [ActionServer] Action callback is still running and missed deadline to stop";"40";"planner_server";"1748014916.541506077";"/opt/ros/jazzy/include/nav2_util/nav2_util/simple_action_server.hpp:error_msg:623"
"[compute_path_to_pose] [ActionServer] Waiting for async process to finish.";"20";"planner_server";"1748014916.541396274";"/opt/ros/jazzy/include/nav2_util/nav2_util/simple_action_server.hpp:info_msg:603"
"[compute_path_to_pose] [ActionServer] Action callback is still running and missed deadline to stop";"40";"planner_server";"1748014916.441245412";"/opt/ros/jazzy/include/nav2_util/nav2_util/simple_action_server.hpp:error_msg:623"
"[compute_path_to_pose] [ActionServer] Waiting for async process to finish.";"20";"planner_server";"1748014916.441133880";"/opt/ros/jazzy/include/nav2_util/nav2_util/simple_action_server.hpp:info_msg:603"
"[compute_path_to_pose] [ActionServer] Action callback is still running and missed deadline to stop";"40";"planner_server";"1748014916.340970442";"/opt/ros/jazzy/include/nav2_util/nav2_util/simple_action_server.hpp:error_msg:623"
"[compute_path_to_pose] [ActionServer] Waiting for async process to finish.";"20";"planner_server";"1748014916.340850830";"/opt/ros/jazzy/include/nav2_util/nav2_util/simple_action_server.hpp:info_msg:603"
"[compute_path_to_pose] [ActionServer] Action callback is still running and missed deadline to stop";"40";"planner_server";"1748014916.240676324";"/opt/ros/jazzy/include/nav2_util/nav2_util/simple_action_server.hpp:error_msg:623"
"[compute_path_to_pose] [ActionServer] Waiting for async process to finish.";"20";"planner_server";"1748014916.240561402";"/opt/ros/jazzy/include/nav2_util/nav2_util/simple_action_server.hpp:info_msg:603"
"[compute_path_to_pose] [ActionServer] Action callback is still running and missed deadline to stop";"40";"planner_server";"1748014916.140434907";"/opt/ros/jazzy/include/nav2_util/nav2_util/simple_action_server.hpp:error_msg:623"
"[compute_path_to_pose] [ActionServer] Waiting for async process to finish.";"20";"planner_server";"1748014916.140327448";"/opt/ros/jazzy/include/nav2_util/nav2_util/simple_action_server.hpp:info_msg:603"
"[compute_path_to_pose] [ActionServer] Action callback is still running and missed deadline to stop";"40";"planner_server";"1748014916.040195717";"/opt/ros/jazzy/include/nav2_util/nav2_util/simple_action_server.hpp:error_msg:623"
"[compute_path_to_pose] [ActionServer] Waiting for async process to finish.";"20";"planner_server";"1748014916.040085699";"/opt/ros/jazzy/include/nav2_util/nav2_util/simple_action_server.hpp:info_msg:603"
"[compute_path_to_pose] [ActionServer] Action callback is still running and missed deadline to stop";"40";"planner_server";"1748014915.939912374";"/opt/ros/jazzy/include/nav2_util/nav2_util/simple_action_server.hpp:error_msg:623"
"[compute_path_to_pose] [ActionServer] Waiting for async process to finish.";"20";"planner_server";"1748014915.939808589";"/opt/ros/jazzy/include/nav2_util/nav2_util/simple_action_server.hpp:info_msg:603"
"[compute_path_to_pose] [ActionServer] Action callback is still running and missed deadline to stop";"40";"planner_server";"1748014915.839638622";"/opt/ros/jazzy/include/nav2_util/nav2_util/simple_action_server.hpp:error_msg:623"
"[compute_path_to_pose] [ActionServer] Waiting for async process to finish.";"20";"planner_server";"1748014915.839520086";"/opt/ros/jazzy/include/nav2_util/nav2_util/simple_action_server.hpp:info_msg:603"
"[compute_path_to_pose] [ActionServer] Action callback is still running and missed deadline to stop";"40";"planner_server";"1748014915.739356650";"/opt/ros/jazzy/include/nav2_util/nav2_util/simple_action_server.hpp:error_msg:623"
"[compute_path_to_pose] [ActionServer] Waiting for async process to finish.";"20";"planner_server";"1748014915.739245029";"/opt/ros/jazzy/include/nav2_util/nav2_util/simple_action_server.hpp:info_msg:603"
"[compute_path_to_pose] [ActionServer] Action callback is still running and missed deadline to stop";"40";"planner_server";"1748014915.639081466";"/opt/ros/jazzy/include/nav2_util/nav2_util/simple_action_server.hpp:error_msg:623"
"[compute_path_to_pose] [ActionServer] Waiting for async process to finish.";"20";"planner_server";"1748014915.638967485";"/opt/ros/jazzy/include/nav2_util/nav2_util/simple_action_server.hpp:info_msg:603"
"[compute_path_to_pose] [ActionServer] Action callback is still running and missed deadline to stop";"40";"planner_server";"1748014915.538853613";"/opt/ros/jazzy/include/nav2_util/nav2_util/simple_action_server.hpp:error_msg:623"
"[compute_path_to_pose] [ActionServer] Waiting for async process to finish.";"20";"planner_server";"1748014915.538748217";"/opt/ros/jazzy/include/nav2_util/nav2_util/simple_action_server.hpp:info_msg:603"
"[compute_path_to_pose] [ActionServer] Action callback is still running and missed deadline to stop";"40";"planner_server";"1748014915.438552384";"/opt/ros/jazzy/include/nav2_util/nav2_util/simple_action_server.hpp:error_msg:623"
"[compute_path_to_pose] [ActionServer] Waiting for async process to finish.";"20";"planner_server";"1748014915.438433351";"/opt/ros/jazzy/include/nav2_util/nav2_util/simple_action_server.hpp:info_msg:603"
"[compute_path_to_pose] [ActionServer] Action callback is still running and missed deadline to stop";"40";"planner_server";"1748014915.338276410";"/opt/ros/jazzy/include/nav2_util/nav2_util/simple_action_server.hpp:error_msg:623"
"[compute_path_to_pose] [ActionServer] Waiting for async process to finish.";"20";"planner_server";"1748014915.338157890";"/opt/ros/jazzy/include/nav2_util/nav2_util/simple_action_server.hpp:info_msg:603"
"[compute_path_to_pose] [ActionServer] Action callback is still running and missed deadline to stop";"40";"planner_server";"1748014915.237995498";"/opt/ros/jazzy/include/nav2_util/nav2_util/simple_action_server.hpp:error_msg:623"
"[compute_path_to_pose] [ActionServer] Waiting for async process to finish.";"20";"planner_server";"1748014915.237891856";"/opt/ros/jazzy/include/nav2_util/nav2_util/simple_action_server.hpp:info_msg:603"
"[compute_path_to_pose] [ActionServer] Action callback is still running and missed deadline to stop";"40";"planner_server";"1748014915.137723608";"/opt/ros/jazzy/include/nav2_util/nav2_util/simple_action_server.hpp:error_msg:623"
"[compute_path_to_pose] [ActionServer] Waiting for async process to finish.";"20";"planner_server";"1748014915.137611627";"/opt/ros/jazzy/include/nav2_util/nav2_util/simple_action_server.hpp:info_msg:603"
"[compute_path_to_pose] [ActionServer] Action callback is still running and missed deadline to stop";"40";"planner_server";"1748014915.037448822";"/opt/ros/jazzy/include/nav2_util/nav2_util/simple_action_server.hpp:error_msg:623"
"[compute_path_to_pose] [ActionServer] Waiting for async process to finish.";"20";"planner_server";"1748014915.037324678";"/opt/ros/jazzy/include/nav2_util/nav2_util/simple_action_server.hpp:info_msg:603"
"[compute_path_to_pose] [ActionServer] Action callback is still running and missed deadline to stop";"40";"planner_server";"1748014914.937166996";"/opt/ros/jazzy/include/nav2_util/nav2_util/simple_action_server.hpp:error_msg:623"
"[compute_path_to_pose] [ActionServer] Waiting for async process to finish.";"20";"planner_server";"1748014914.937047862";"/opt/ros/jazzy/include/nav2_util/nav2_util/simple_action_server.hpp:info_msg:603"
"[compute_path_to_pose] [ActionServer] Action callback is still running and missed deadline to stop";"40";"planner_server";"1748014914.836859985";"/opt/ros/jazzy/include/nav2_util/nav2_util/simple_action_server.hpp:error_msg:623"
"[compute_path_to_pose] [ActionServer] Waiting for async process to finish.";"20";"planner_server";"1748014914.836752943";"/opt/ros/jazzy/include/nav2_util/nav2_util/simple_action_server.hpp:info_msg:603"
"[compute_path_to_pose] [ActionServer] Action callback is still running and missed deadline to stop";"40";"planner_server";"1748014914.736597547";"/opt/ros/jazzy/include/nav2_util/nav2_util/simple_action_server.hpp:error_msg:623"
"[compute_path_to_pose] [ActionServer] Waiting for async process to finish.";"20";"planner_server";"1748014914.736484152";"/opt/ros/jazzy/include/nav2_util/nav2_util/simple_action_server.hpp:info_msg:603"
"[compute_path_to_pose] [ActionServer] Action callback is still running and missed deadline to stop";"40";"planner_server";"1748014914.636315435";"/opt/ros/jazzy/include/nav2_util/nav2_util/simple_action_server.hpp:error_msg:623"
"[compute_path_to_pose] [ActionServer] Waiting for async process to finish.";"20";"planner_server";"1748014914.636189541";"/opt/ros/jazzy/include/nav2_util/nav2_util/simple_action_server.hpp:info_msg:603"
"[compute_path_to_pose] [ActionServer] Action callback is still running and missed deadline to stop";"40";"planner_server";"1748014914.536034603";"/opt/ros/jazzy/include/nav2_util/nav2_util/simple_action_server.hpp:error_msg:623"
"[compute_path_to_pose] [ActionServer] Waiting for async process to finish.";"20";"planner_server";"1748014914.535914769";"/opt/ros/jazzy/include/nav2_util/nav2_util/simple_action_server.hpp:info_msg:603"
"[compute_path_to_pose] [ActionServer] Action callback is still running and missed deadline to stop";"40";"planner_server";"1748014914.435721171";"/opt/ros/jazzy/include/nav2_util/nav2_util/simple_action_server.hpp:error_msg:623"
"[compute_path_to_pose] [ActionServer] Waiting for async process to finish.";"20";"planner_server";"1748014914.435586173";"/opt/ros/jazzy/include/nav2_util/nav2_util/simple_action_server.hpp:info_msg:603"
"[compute_path_to_pose] [ActionServer] Action callback is still running and missed deadline to stop";"40";"planner_server";"1748014914.335416056";"/opt/ros/jazzy/include/nav2_util/nav2_util/simple_action_server.hpp:error_msg:623"
"[compute_path_to_pose] [ActionServer] Waiting for async process to finish.";"20";"planner_server";"1748014914.335296237";"/opt/ros/jazzy/include/nav2_util/nav2_util/simple_action_server.hpp:info_msg:603"
"[compute_path_to_pose] [ActionServer] Action callback is still running and missed deadline to stop";"40";"planner_server";"1748014914.235133288";"/opt/ros/jazzy/include/nav2_util/nav2_util/simple_action_server.hpp:error_msg:623"
"[compute_path_to_pose] [ActionServer] Waiting for async process to finish.";"20";"planner_server";"1748014914.235005734";"/opt/ros/jazzy/include/nav2_util/nav2_util/simple_action_server.hpp:info_msg:603"
"[compute_path_to_pose] [ActionServer] Action callback is still running and missed deadline to stop";"40";"planner_server";"1748014914.134816084";"/opt/ros/jazzy/include/nav2_util/nav2_util/simple_action_server.hpp:error_msg:623"
"[compute_path_to_pose] [ActionServer] Waiting for async process to finish.";"20";"planner_server";"1748014914.134702513";"/opt/ros/jazzy/include/nav2_util/nav2_util/simple_action_server.hpp:info_msg:603"
"[compute_path_to_pose] [ActionServer] Action callback is still running and missed deadline to stop";"40";"planner_server";"1748014914.034566646";"/opt/ros/jazzy/include/nav2_util/nav2_util/simple_action_server.hpp:error_msg:623"
"[compute_path_to_pose] [ActionServer] Waiting for async process to finish.";"20";"planner_server";"1748014914.034445313";"/opt/ros/jazzy/include/nav2_util/nav2_util/simple_action_server.hpp:info_msg:603"
"[compute_path_to_pose] [ActionServer] Action callback is still running and missed deadline to stop";"40";"planner_server";"1748014913.934272910";"/opt/ros/jazzy/include/nav2_util/nav2_util/simple_action_server.hpp:error_msg:623"
"[compute_path_to_pose] [ActionServer] Waiting for async process to finish.";"20";"planner_server";"1748014913.934163143";"/opt/ros/jazzy/include/nav2_util/nav2_util/simple_action_server.hpp:info_msg:603"
"[compute_path_to_pose] [ActionServer] Action callback is still running and missed deadline to stop";"40";"planner_server";"1748014913.834008041";"/opt/ros/jazzy/include/nav2_util/nav2_util/simple_action_server.hpp:error_msg:623"
"[compute_path_to_pose] [ActionServer] Waiting for async process to finish.";"20";"planner_server";"1748014913.833892917";"/opt/ros/jazzy/include/nav2_util/nav2_util/simple_action_server.hpp:info_msg:603"
"[compute_path_to_pose] [ActionServer] Action callback is still running and missed deadline to stop";"40";"planner_server";"1748014913.733697583";"/opt/ros/jazzy/include/nav2_util/nav2_util/simple_action_server.hpp:error_msg:623"
"[compute_path_to_pose] [ActionServer] Waiting for async process to finish.";"20";"planner_server";"1748014913.733580758";"/opt/ros/jazzy/include/nav2_util/nav2_util/simple_action_server.hpp:info_msg:603"
"[compute_path_to_pose] [ActionServer] Action callback is still running and missed deadline to stop";"40";"planner_server";"1748014913.633420090";"/opt/ros/jazzy/include/nav2_util/nav2_util/simple_action_server.hpp:error_msg:623"
"[compute_path_to_pose] [ActionServer] Waiting for async process to finish.";"20";"planner_server";"1748014913.633310031";"/opt/ros/jazzy/include/nav2_util/nav2_util/simple_action_server.hpp:info_msg:603"
"[compute_path_to_pose] [ActionServer] Action callback is still running and missed deadline to stop";"40";"planner_server";"1748014913.533131790";"/opt/ros/jazzy/include/nav2_util/nav2_util/simple_action_server.hpp:error_msg:623"
"[compute_path_to_pose] [ActionServer] Waiting for async process to finish.";"20";"planner_server";"1748014913.533018275";"/opt/ros/jazzy/include/nav2_util/nav2_util/simple_action_server.hpp:info_msg:603"
"[compute_path_to_pose] [ActionServer] Action callback is still running and missed deadline to stop";"40";"planner_server";"1748014913.432899932";"/opt/ros/jazzy/include/nav2_util/nav2_util/simple_action_server.hpp:error_msg:623"
"[compute_path_to_pose] [ActionServer] Waiting for async process to finish.";"20";"planner_server";"1748014913.432780876";"/opt/ros/jazzy/include/nav2_util/nav2_util/simple_action_server.hpp:info_msg:603"
"[compute_path_to_pose] [ActionServer] Action callback is still running and missed deadline to stop";"40";"planner_server";"1748014913.332619974";"/opt/ros/jazzy/include/nav2_util/nav2_util/simple_action_server.hpp:error_msg:623"
"[compute_path_to_pose] [ActionServer] Waiting for async process to finish.";"20";"planner_server";"1748014913.332501864";"/opt/ros/jazzy/include/nav2_util/nav2_util/simple_action_server.hpp:info_msg:603"
"[compute_path_to_pose] [ActionServer] Action callback is still running and missed deadline to stop";"40";"planner_server";"1748014913.232347143";"/opt/ros/jazzy/include/nav2_util/nav2_util/simple_action_server.hpp:error_msg:623"
"[compute_path_to_pose] [ActionServer] Waiting for async process to finish.";"20";"planner_server";"1748014913.232225659";"/opt/ros/jazzy/include/nav2_util/nav2_util/simple_action_server.hpp:info_msg:603"
"[compute_path_to_pose] [ActionServer] Action callback is still running and missed deadline to stop";"40";"planner_server";"1748014913.132024626";"/opt/ros/jazzy/include/nav2_util/nav2_util/simple_action_server.hpp:error_msg:623"
"[compute_path_to_pose] [ActionServer] Waiting for async process to finish.";"20";"planner_server";"1748014913.131904679";"/opt/ros/jazzy/include/nav2_util/nav2_util/simple_action_server.hpp:info_msg:603"
"[compute_path_to_pose] [ActionServer] Action callback is still running and missed deadline to stop";"40";"planner_server";"1748014913.031725560";"/opt/ros/jazzy/include/nav2_util/nav2_util/simple_action_server.hpp:error_msg:623"
"[compute_path_to_pose] [ActionServer] Waiting for async process to finish.";"20";"planner_server";"1748014913.031606441";"/opt/ros/jazzy/include/nav2_util/nav2_util/simple_action_server.hpp:info_msg:603"
"[compute_path_to_pose] [ActionServer] Action callback is still running and missed deadline to stop";"40";"planner_server";"1748014912.931367083";"/opt/ros/jazzy/include/nav2_util/nav2_util/simple_action_server.hpp:error_msg:623"
"[compute_path_to_pose] [ActionServer] Waiting for async process to finish.";"20";"planner_server";"1748014912.931249652";"/opt/ros/jazzy/include/nav2_util/nav2_util/simple_action_server.hpp:info_msg:603"
"[compute_path_to_pose] [ActionServer] Action callback is still running and missed deadline to stop";"40";"planner_server";"1748014912.831014460";"/opt/ros/jazzy/include/nav2_util/nav2_util/simple_action_server.hpp:error_msg:623"
"[compute_path_to_pose] [ActionServer] Waiting for async process to finish.";"20";"planner_server";"1748014912.830899160";"/opt/ros/jazzy/include/nav2_util/nav2_util/simple_action_server.hpp:info_msg:603"
"[compute_path_to_pose] [ActionServer] Action callback is still running and missed deadline to stop";"40";"planner_server";"1748014912.730662774";"/opt/ros/jazzy/include/nav2_util/nav2_util/simple_action_server.hpp:error_msg:623"
"[compute_path_to_pose] [ActionServer] Waiting for async process to finish.";"20";"planner_server";"1748014912.730528997";"/opt/ros/jazzy/include/nav2_util/nav2_util/simple_action_server.hpp:info_msg:603"
"[compute_path_to_pose] [ActionServer] Action callback is still running and missed deadline to stop";"40";"planner_server";"1748014912.630326291";"/opt/ros/jazzy/include/nav2_util/nav2_util/simple_action_server.hpp:error_msg:623"
"[compute_path_to_pose] [ActionServer] Waiting for async process to finish.";"20";"planner_server";"1748014912.630223010";"/opt/ros/jazzy/include/nav2_util/nav2_util/simple_action_server.hpp:info_msg:603"
"[compute_path_to_pose] [ActionServer] Action callback is still running and missed deadline to stop";"40";"planner_server";"1748014912.529976562";"/opt/ros/jazzy/include/nav2_util/nav2_util/simple_action_server.hpp:error_msg:623"
"[compute_path_to_pose] [ActionServer] Waiting for async process to finish.";"20";"planner_server";"1748014912.529851475";"/opt/ros/jazzy/include/nav2_util/nav2_util/simple_action_server.hpp:info_msg:603"
"[compute_path_to_pose] [ActionServer] Action callback is still running and missed deadline to stop";"40";"planner_server";"1748014912.429664241";"/opt/ros/jazzy/include/nav2_util/nav2_util/simple_action_server.hpp:error_msg:623"
"[compute_path_to_pose] [ActionServer] Waiting for async process to finish.";"20";"planner_server";"1748014912.429581341";"/opt/ros/jazzy/include/nav2_util/nav2_util/simple_action_server.hpp:info_msg:603"
"[compute_path_to_pose] [ActionServer] Action callback is still running and missed deadline to stop";"40";"planner_server";"1748014912.329390702";"/opt/ros/jazzy/include/nav2_util/nav2_util/simple_action_server.hpp:error_msg:623"
"[compute_path_to_pose] [ActionServer] Waiting for async process to finish.";"20";"planner_server";"1748014912.329298875";"/opt/ros/jazzy/include/nav2_util/nav2_util/simple_action_server.hpp:info_msg:603"
"[compute_path_to_pose] [ActionServer] Action callback is still running and missed deadline to stop";"40";"planner_server";"1748014912.229183447";"/opt/ros/jazzy/include/nav2_util/nav2_util/simple_action_server.hpp:error_msg:623"
"[compute_path_to_pose] [ActionServer] Waiting for async process to finish.";"20";"planner_server";"1748014912.229070825";"/opt/ros/jazzy/include/nav2_util/nav2_util/simple_action_server.hpp:info_msg:603"
"[compute_path_to_pose] [ActionServer] Action callback is still running and missed deadline to stop";"40";"planner_server";"1748014912.128947961";"/opt/ros/jazzy/include/nav2_util/nav2_util/simple_action_server.hpp:error_msg:623"
"[compute_path_to_pose] [ActionServer] Waiting for async process to finish.";"20";"planner_server";"1748014912.128865886";"/opt/ros/jazzy/include/nav2_util/nav2_util/simple_action_server.hpp:info_msg:603"
"[compute_path_to_pose] [ActionServer] Action callback is still running and missed deadline to stop";"40";"planner_server";"1748014912.028752497";"/opt/ros/jazzy/include/nav2_util/nav2_util/simple_action_server.hpp:error_msg:623"
"[compute_path_to_pose] [ActionServer] Waiting for async process to finish.";"20";"planner_server";"1748014912.028679456";"/opt/ros/jazzy/include/nav2_util/nav2_util/simple_action_server.hpp:info_msg:603"
"[compute_path_to_pose] [ActionServer] Action callback is still running and missed deadline to stop";"40";"planner_server";"1748014911.928556642";"/opt/ros/jazzy/include/nav2_util/nav2_util/simple_action_server.hpp:error_msg:623"
"[compute_path_to_pose] [ActionServer] Waiting for async process to finish.";"20";"planner_server";"1748014911.928480988";"/opt/ros/jazzy/include/nav2_util/nav2_util/simple_action_server.hpp:info_msg:603"
"[compute_path_to_pose] [ActionServer] Action callback is still running and missed deadline to stop";"40";"planner_server";"1748014911.828355510";"/opt/ros/jazzy/include/nav2_util/nav2_util/simple_action_server.hpp:error_msg:623"
"[compute_path_to_pose] [ActionServer] Waiting for async process to finish.";"20";"planner_server";"1748014911.828284835";"/opt/ros/jazzy/include/nav2_util/nav2_util/simple_action_server.hpp:info_msg:603"
"[compute_path_to_pose] [ActionServer] Action callback is still running and missed deadline to stop";"40";"planner_server";"1748014911.728167149";"/opt/ros/jazzy/include/nav2_util/nav2_util/simple_action_server.hpp:error_msg:623"
"[compute_path_to_pose] [ActionServer] Waiting for async process to finish.";"20";"planner_server";"1748014911.728086959";"/opt/ros/jazzy/include/nav2_util/nav2_util/simple_action_server.hpp:info_msg:603"
"[compute_path_to_pose] [ActionServer] Action callback is still running and missed deadline to stop";"40";"planner_server";"1748014911.627856289";"/opt/ros/jazzy/include/nav2_util/nav2_util/simple_action_server.hpp:error_msg:623"
"[compute_path_to_pose] [ActionServer] Client requested to cancel the goal. Cancelling.";"20";"planner_server";"1748014911.627790478";"/opt/ros/jazzy/include/nav2_util/nav2_util/simple_action_server.hpp:info_msg:603"
"[compute_path_to_pose] [ActionServer] Waiting for async process to finish.";"20";"planner_server";"1748014911.627686513";"/opt/ros/jazzy/include/nav2_util/nav2_util/simple_action_server.hpp:info_msg:603"
"[compute_path_to_pose] [ActionServer] Waiting for async process to finish.";"20";"planner_server";"1748014911.527496581";"/opt/ros/jazzy/include/nav2_util/nav2_util/simple_action_server.hpp:info_msg:603"
"[compute_path_to_pose] [ActionServer] Waiting for async process to finish.";"20";"planner_server";"1748014911.427218267";"/opt/ros/jazzy/include/nav2_util/nav2_util/simple_action_server.hpp:info_msg:603"
"[compute_path_to_pose] [ActionServer] Waiting for async process to finish.";"20";"planner_server";"1748014911.327075543";"/opt/ros/jazzy/include/nav2_util/nav2_util/simple_action_server.hpp:info_msg:603"
"Destroying bond (bt_navigator) to lifecycle manager.";"20";"bt_navigator";"1748014911.315806924";"./src/lifecycle_node.cpp:destroyBond:149"
"Destroying bond (controller_server) to lifecycle manager.";"20";"controller_server";"1748014911.315769026";"./src/lifecycle_node.cpp:destroyBond:149"
"Completed Cleaning up";"20";"bt_navigator";"1748014911.315761354";"./src/bt_navigator.cpp:on_cleanup:193"
"Cleaning up";"20";"local_costmap.local_costmap";"1748014911.275968425";"./src/costmap_2d_ros.cpp:on_cleanup:369"
"Cleaning up";"20";"controller_server";"1748014911.275611607";"./src/controller_server.cpp:on_cleanup:332"
"[compute_path_to_pose] [ActionServer] Waiting for async process to finish.";"20";"planner_server";"1748014911.226949546";"/opt/ros/jazzy/include/nav2_util/nav2_util/simple_action_server.hpp:info_msg:603"
"Destroying bond (controller_server) to lifecycle manager.";"20";"controller_server";"1748014911.175327722";"./src/lifecycle_node.cpp:destroyBond:149"
"Cleaning up";"20";"bt_navigator";"1748014911.159698375";"./src/bt_navigator.cpp:on_cleanup:180"
"Destroying bond (smoother_server) to lifecycle manager.";"20";"smoother_server";"1748014911.152997086";"./src/lifecycle_node.cpp:destroyBond:149"
"Destroying bond (bt_navigator) to lifecycle manager.";"20";"bt_navigator";"1748014911.149337431";"./src/lifecycle_node.cpp:destroyBond:149"
"[navigate_to_pose] [ActionServer] Stopping the thread per request.";"30";"bt_navigator";"1748014911.149268974";"/opt/ros/jazzy/include/nav2_util/nav2_util/simple_action_server.hpp:warn_msg:633"
"Goal canceled";"20";"bt_navigator";"1748014911.149256100";"/opt/ros/jazzy/include/nav2_behavior_tree/bt_action_server_impl.hpp:executeCallback:324"
"[navigate_to_pose] [ActionServer] Aborting handle.";"30";"bt_navigator";"1748014911.149219198";"/opt/ros/jazzy/include/nav2_util/nav2_util/simple_action_server.hpp:warn_msg:633"
"Failed to get result for compute_path_to_pose in node halt!";"40";"bt_navigator_navigate_to_pose_rclcpp_node";"1748014911.149110515";"./include/nav2_behavior_tree/bt_action_node.hpp:halt:326"
"Destroying bond (waypoint_follower) to lifecycle manager.";"20";"waypoint_follower";"1748014911.147517493";"./src/lifecycle_node.cpp:destroyBond:149"
"Destroying bond (behavior_server) to lifecycle manager.";"20";"behavior_server";"1748014911.143581516";"./src/lifecycle_node.cpp:destroyBond:149"
"Cleaning up";"20";"behavior_server";"1748014911.137180393";"./src/behavior_server.cpp:on_cleanup:228"
"Cleaning up";"20";"smoother_server";"1748014911.137152232";"./src/nav2_smoother.cpp:on_cleanup:204"
"Cleaning up";"20";"waypoint_follower";"1748014911.137124399";"./src/waypoint_follower.cpp:on_cleanup:169"
"Deactivating";"20";"local_costmap.local_costmap";"1748014911.126926620";"./src/costmap_2d_ros.cpp:on_deactivate:342"
"[compute_path_to_pose] [ActionServer] Requested to deactivate server but goal is still executing. Should check if action server is running before deactivating.";"30";"planner_server";"1748014911.126888081";"/opt/ros/jazzy/include/nav2_util/nav2_util/simple_action_server.hpp:warn_msg:633"
"Destroying bond (behavior_server) to lifecycle manager.";"20";"behavior_server";"1748014911.126877224";"./src/lifecycle_node.cpp:destroyBond:149"
"Destroying bond (smoother_server) to lifecycle manager.";"20";"smoother_server";"1748014911.126873687";"./src/lifecycle_node.cpp:destroyBond:149"
"[navigate_to_pose] [ActionServer] Requested to deactivate server but goal is still executing. Should check if action server is running before deactivating.";"30";"bt_navigator";"1748014911.126870902";"/opt/ros/jazzy/include/nav2_util/nav2_util/simple_action_server.hpp:warn_msg:633"
"Destroying bond (waypoint_follower) to lifecycle manager.";"20";"waypoint_follower";"1748014911.126879843";"./src/lifecycle_node.cpp:destroyBond:149"
"Deactivating";"20";"controller_server";"1748014911.126860609";"./src/controller_server.cpp:on_deactivate:289"
"Deactivating";"20";"planner_server";"1748014911.126851661";"./src/planner_server.cpp:on_deactivate:220"
"Deactivating";"20";"waypoint_follower";"1748014911.126856974";"./src/waypoint_follower.cpp:on_deactivate:154"
"Deactivating";"20";"smoother_server";"1748014911.126832011";"./src/nav2_smoother.cpp:on_deactivate:186"
"Message Filter dropping message: frame 'lidar_link' at time 553.200 for reason 'the timestamp on the message is earlier than all the data in the transform cache'";"20";"global_costmap.global_costmap";"1748014906.702059637";"/opt/ros/jazzy/include/tf2_ros/tf2_ros/message_filter.h:signalFailure:708"
"Message Filter dropping message: frame 'lidar_link' at time 553.100 for reason 'the timestamp on the message is earlier than all the data in the transform cache'";"20";"global_costmap.global_costmap";"1748014906.583400653";"/opt/ros/jazzy/include/tf2_ros/tf2_ros/message_filter.h:signalFailure:708"
"Message Filter dropping message: frame 'lidar_link' at time 553.000 for reason 'the timestamp on the message is earlier than all the data in the transform cache'";"20";"global_costmap.global_costmap";"1748014906.460981227";"/opt/ros/jazzy/include/tf2_ros/tf2_ros/message_filter.h:signalFailure:708"
"Message Filter dropping message: frame 'lidar_link' at time 552.900 for reason 'the timestamp on the message is earlier than all the data in the transform cache'";"20";"global_costmap.global_costmap";"1748014906.329164788";"/opt/ros/jazzy/include/tf2_ros/tf2_ros/message_filter.h:signalFailure:708"
"Message Filter dropping message: frame 'lidar_link' at time 552.800 for reason 'the timestamp on the message is earlier than all the data in the transform cache'";"20";"global_costmap.global_costmap";"1748014906.202214537";"/opt/ros/jazzy/include/tf2_ros/tf2_ros/message_filter.h:signalFailure:708"
"Message Filter dropping message: frame 'lidar_link' at time 552.700 for reason 'the timestamp on the message is earlier than all the data in the transform cache'";"20";"global_costmap.global_costmap";"1748014906.093791276";"/opt/ros/jazzy/include/tf2_ros/tf2_ros/message_filter.h:signalFailure:708"
"Message Filter dropping message: frame 'lidar_link' at time 552.600 for reason 'the timestamp on the message is earlier than all the data in the transform cache'";"20";"global_costmap.global_costmap";"1748014905.992338686";"/opt/ros/jazzy/include/tf2_ros/tf2_ros/message_filter.h:signalFailure:708"
"Message Filter dropping message: frame 'lidar_link' at time 552.500 for reason 'the timestamp on the message is earlier than all the data in the transform cache'";"20";"global_costmap.global_costmap";"1748014905.873064407";"/opt/ros/jazzy/include/tf2_ros/tf2_ros/message_filter.h:signalFailure:708"
"Message Filter dropping message: frame 'lidar_link' at time 552.400 for reason 'the timestamp on the message is earlier than all the data in the transform cache'";"20";"global_costmap.global_costmap";"1748014905.759902103";"/opt/ros/jazzy/include/tf2_ros/tf2_ros/message_filter.h:signalFailure:708"
"Message Filter dropping message: frame 'lidar_link' at time 552.300 for reason 'the timestamp on the message is earlier than all the data in the transform cache'";"20";"global_costmap.global_costmap";"1748014905.651205382";"/opt/ros/jazzy/include/tf2_ros/tf2_ros/message_filter.h:signalFailure:708"
"Message Filter dropping message: frame 'lidar_link' at time 552.200 for reason 'the timestamp on the message is earlier than all the data in the transform cache'";"20";"global_costmap.global_costmap";"1748014905.540026652";"/opt/ros/jazzy/include/tf2_ros/tf2_ros/message_filter.h:signalFailure:708"
"Message Filter dropping message: frame 'lidar_link' at time 552.100 for reason 'the timestamp on the message is earlier than all the data in the transform cache'";"20";"global_costmap.global_costmap";"1748014905.437058016";"/opt/ros/jazzy/include/tf2_ros/tf2_ros/message_filter.h:signalFailure:708"
"Message Filter dropping message: frame 'lidar_link' at time 552.000 for reason 'the timestamp on the message is earlier than all the data in the transform cache'";"20";"global_costmap.global_costmap";"1748014905.336156788";"/opt/ros/jazzy/include/tf2_ros/tf2_ros/message_filter.h:signalFailure:708"
"Message Filter dropping message: frame 'lidar_link' at time 551.900 for reason 'the timestamp on the message is earlier than all the data in the transform cache'";"20";"global_costmap.global_costmap";"1748014905.224037335";"/opt/ros/jazzy/include/tf2_ros/tf2_ros/message_filter.h:signalFailure:708"
"Message Filter dropping message: frame 'lidar_link' at time 551.800 for reason 'the timestamp on the message is earlier than all the data in the transform cache'";"20";"global_costmap.global_costmap";"1748014905.109518358";"/opt/ros/jazzy/include/tf2_ros/tf2_ros/message_filter.h:signalFailure:708"
"Message Filter dropping message: frame 'lidar_link' at time 551.700 for reason 'the timestamp on the message is earlier than all the data in the transform cache'";"20";"global_costmap.global_costmap";"1748014905.008491094";"/opt/ros/jazzy/include/tf2_ros/tf2_ros/message_filter.h:signalFailure:708"
"Message Filter dropping message: frame 'lidar_link' at time 551.600 for reason 'the timestamp on the message is earlier than all the data in the transform cache'";"20";"global_costmap.global_costmap";"1748014904.890002904";"/opt/ros/jazzy/include/tf2_ros/tf2_ros/message_filter.h:signalFailure:708"
"Message Filter dropping message: frame 'lidar_link' at time 551.500 for reason 'the timestamp on the message is earlier than all the data in the transform cache'";"20";"global_costmap.global_costmap";"1748014904.774979551";"/opt/ros/jazzy/include/tf2_ros/tf2_ros/message_filter.h:signalFailure:708"
"Destroying bond (amcl) to lifecycle manager.";"20";"amcl";"1748014903.879841131";"./src/lifecycle_node.cpp:destroyBond:149"
"Destroying bond (map_server) to lifecycle manager.";"20";"map_server";"1748014903.869416266";"./src/lifecycle_node.cpp:destroyBond:149"
"Cleaning up";"20";"map_server";"1748014903.868948115";"./src/map_server/map_server.cpp:on_cleanup:162"
"Cleaning up";"20";"amcl";"1748014903.868936066";"./src/amcl_node.cpp:on_cleanup:328"
"Destroying bond (map_server) to lifecycle manager.";"20";"map_server";"1748014903.858577314";"./src/lifecycle_node.cpp:destroyBond:149"
"Destroying bond (amcl) to lifecycle manager.";"20";"amcl";"1748014903.858578807";"./src/lifecycle_node.cpp:destroyBond:149"
"Deactivating";"20";"map_server";"1748014903.858521094";"./src/map_server/map_server.cpp:on_deactivate:149"
"Deactivating";"20";"amcl";"1748014903.858512242";"./src/amcl_node.cpp:on_deactivate:307"
"Running Nav2 LifecycleNode rcl preshutdown (map_server)";"20";"map_server";"1748014903.858393981";"./src/lifecycle_node.cpp:on_rcl_preshutdown:127"
"Running Nav2 LifecycleNode rcl preshutdown (amcl)";"20";"amcl";"1748014903.858371832";"./src/lifecycle_node.cpp:on_rcl_preshutdown:127"
"[34m[1mTerminating bond timer...[0m[0m";"20";"lifecycle_manager_localization";"1748014903.858417908";"./src/lifecycle_manager.cpp:message:568"
"Running Nav2 LifecycleManager rcl preshutdown (lifecycle_manager_localization)";"20";"lifecycle_manager_localization";"1748014903.858335820";"./src/lifecycle_manager.cpp:onRclPreshutdown:450"
